Device: cuda

=== 1. Dataset audit ===

=== 2. Leakage-safe fixed validation split ===
Run fingerprint: 1e1d826216cf328c0a611d0f169404904dbe1672cb786b6cb06fd4bd75030916

=== 3. Controlled experiments (validation only) ===

Running CNN baseline [cnn_baseline]
[cnn_baseline] rolling checkpoint is from a different configuration; starting fresh
[cnn_baseline] epoch 01/80 stage=head train_loss=1.9474 val_loss=1.8972 val_acc=0.295 val_macro_f1=0.212 lr=[{'group': 'model', 'lr': 0.001}]
[cnn_baseline] epoch 02/80 stage=head train_loss=1.7494 val_loss=1.8700 val_acc=0.289 val_macro_f1=0.179 lr=[{'group': 'model', 'lr': 0.001}]
[cnn_baseline] epoch 03/80 stage=head train_loss=1.6470 val_loss=1.6871 val_acc=0.349 val_macro_f1=0.283 lr=[{'group': 'model', 'lr': 0.001}]
[cnn_baseline] epoch 04/80 stage=head train_loss=1.5591 val_loss=1.5610 val_acc=0.476 val_macro_f1=0.453 lr=[{'group': 'model', 'lr': 0.001}]
[cnn_baseline] epoch 05/80 stage=head train_loss=1.4816 val_loss=1.5810 val_acc=0.410 val_macro_f1=0.338 lr=[{'group': 'model', 'lr': 0.001}]
[cnn_baseline] epoch 06/80 stage=head train_loss=1.3994 val_loss=1.5195 val_acc=0.458 val_macro_f1=0.437 lr=[{'group': 'model', 'lr': 0.001}]
[cnn_baseline] epoch 07/80 stage=head train_loss=1.3743 val_loss=1.9801 val_acc=0.380 val_macro_f1=0.312 lr=[{'group': 'model', 'lr': 0.001}]
[cnn_baseline] epoch 08/80 stage=head train_loss=1.2937 val_loss=1.5301 val_acc=0.470 val_macro_f1=0.436 lr=[{'group': 'model', 'lr': 0.001}]
[cnn_baseline] epoch 09/80 stage=head train_loss=1.2424 val_loss=1.4258 val_acc=0.548 val_macro_f1=0.527 lr=[{'group': 'model', 'lr': 0.001}]
[cnn_baseline] epoch 10/80 stage=head train_loss=1.2060 val_loss=1.3029 val_acc=0.566 val_macro_f1=0.561 lr=[{'group': 'model', 'lr': 0.001}]
[cnn_baseline] epoch 11/80 stage=head train_loss=1.1395 val_loss=1.5078 val_acc=0.500 val_macro_f1=0.465 lr=[{'group': 'model', 'lr': 0.001}]
[cnn_baseline] epoch 12/80 stage=head train_loss=1.0998 val_loss=1.4537 val_acc=0.512 val_macro_f1=0.481 lr=[{'group': 'model', 'lr': 0.001}]
[cnn_baseline] epoch 13/80 stage=head train_loss=1.1635 val_loss=1.5404 val_acc=0.506 val_macro_f1=0.497 lr=[{'group': 'model', 'lr': 0.001}]
[cnn_baseline] epoch 14/80 stage=head train_loss=1.0861 val_loss=1.1600 val_acc=0.578 val_macro_f1=0.576 lr=[{'group': 'model', 'lr': 0.001}]
[cnn_baseline] epoch 15/80 stage=head train_loss=0.9958 val_loss=1.2456 val_acc=0.590 val_macro_f1=0.597 lr=[{'group': 'model', 'lr': 0.001}]
[cnn_baseline] epoch 16/80 stage=head train_loss=0.9243 val_loss=1.5125 val_acc=0.446 val_macro_f1=0.408 lr=[{'group': 'model', 'lr': 0.001}]
[cnn_baseline] epoch 17/80 stage=head train_loss=0.9013 val_loss=1.2256 val_acc=0.566 val_macro_f1=0.508 lr=[{'group': 'model', 'lr': 0.001}]
[cnn_baseline] epoch 18/80 stage=head train_loss=0.8203 val_loss=1.1392 val_acc=0.608 val_macro_f1=0.613 lr=[{'group': 'model', 'lr': 0.001}]
[cnn_baseline] epoch 19/80 stage=head train_loss=0.8298 val_loss=1.8683 val_acc=0.464 val_macro_f1=0.446 lr=[{'group': 'model', 'lr': 0.001}]
[cnn_baseline] epoch 20/80 stage=head train_loss=0.7959 val_loss=0.9676 val_acc=0.663 val_macro_f1=0.661 lr=[{'group': 'model', 'lr': 0.001}]
[cnn_baseline] epoch 21/80 stage=head train_loss=0.7234 val_loss=1.0454 val_acc=0.639 val_macro_f1=0.621 lr=[{'group': 'model', 'lr': 0.001}]
[cnn_baseline] epoch 22/80 stage=head train_loss=0.6407 val_loss=1.1340 val_acc=0.584 val_macro_f1=0.577 lr=[{'group': 'model', 'lr': 0.001}]
[cnn_baseline] epoch 23/80 stage=head train_loss=0.6495 val_loss=1.1829 val_acc=0.518 val_macro_f1=0.480 lr=[{'group': 'model', 'lr': 0.001}]
[cnn_baseline] epoch 24/80 stage=head train_loss=0.6013 val_loss=1.4033 val_acc=0.590 val_macro_f1=0.570 lr=[{'group': 'model', 'lr': 0.001}]
[cnn_baseline] epoch 25/80 stage=head train_loss=0.5724 val_loss=1.1513 val_acc=0.651 val_macro_f1=0.649 lr=[{'group': 'model', 'lr': 0.001}]
[cnn_baseline] epoch 26/80 stage=head train_loss=0.5556 val_loss=1.0348 val_acc=0.645 val_macro_f1=0.653 lr=[{'group': 'model', 'lr': 0.001}]
[cnn_baseline] epoch 27/80 stage=head train_loss=0.5207 val_loss=1.1000 val_acc=0.627 val_macro_f1=0.584 lr=[{'group': 'model', 'lr': 0.001}]
[cnn_baseline] epoch 28/80 stage=head train_loss=0.5515 val_loss=1.0796 val_acc=0.639 val_macro_f1=0.629 lr=[{'group': 'model', 'lr': 0.001}]
[cnn_baseline] epoch 29/80 stage=head train_loss=0.5049 val_loss=1.0000 val_acc=0.657 val_macro_f1=0.665 lr=[{'group': 'model', 'lr': 0.001}]
[cnn_baseline] epoch 30/80 stage=head train_loss=0.4614 val_loss=0.8433 val_acc=0.741 val_macro_f1=0.738 lr=[{'group': 'model', 'lr': 0.001}]
[cnn_baseline] epoch 31/80 stage=head train_loss=0.4431 val_loss=1.8029 val_acc=0.470 val_macro_f1=0.461 lr=[{'group': 'model', 'lr': 0.001}]
[cnn_baseline] epoch 32/80 stage=head train_loss=0.4221 val_loss=1.1616 val_acc=0.657 val_macro_f1=0.644 lr=[{'group': 'model', 'lr': 0.001}]
[cnn_baseline] epoch 33/80 stage=head train_loss=0.4319 val_loss=1.0353 val_acc=0.639 val_macro_f1=0.644 lr=[{'group': 'model', 'lr': 0.001}]
[cnn_baseline] epoch 34/80 stage=head train_loss=0.3779 val_loss=1.0626 val_acc=0.639 val_macro_f1=0.607 lr=[{'group': 'model', 'lr': 0.001}]
[cnn_baseline] epoch 35/80 stage=head train_loss=0.3395 val_loss=0.8711 val_acc=0.711 val_macro_f1=0.725 lr=[{'group': 'model', 'lr': 0.001}]
[cnn_baseline] epoch 36/80 stage=head train_loss=0.3031 val_loss=0.8029 val_acc=0.759 val_macro_f1=0.761 lr=[{'group': 'model', 'lr': 0.001}]
[cnn_baseline] epoch 37/80 stage=head train_loss=0.3060 val_loss=0.7430 val_acc=0.771 val_macro_f1=0.767 lr=[{'group': 'model', 'lr': 0.001}]
[cnn_baseline] epoch 38/80 stage=head train_loss=0.2659 val_loss=0.7594 val_acc=0.765 val_macro_f1=0.769 lr=[{'group': 'model', 'lr': 0.001}]
[cnn_baseline] epoch 39/80 stage=head train_loss=0.2534 val_loss=0.7993 val_acc=0.765 val_macro_f1=0.776 lr=[{'group': 'model', 'lr': 0.001}]
[cnn_baseline] epoch 40/80 stage=head train_loss=0.2694 val_loss=0.8512 val_acc=0.729 val_macro_f1=0.729 lr=[{'group': 'model', 'lr': 0.001}]
[cnn_baseline] epoch 41/80 stage=head train_loss=0.2561 val_loss=0.8529 val_acc=0.771 val_macro_f1=0.768 lr=[{'group': 'model', 'lr': 0.001}]
[cnn_baseline] epoch 42/80 stage=head train_loss=0.2696 val_loss=1.3501 val_acc=0.614 val_macro_f1=0.571 lr=[{'group': 'model', 'lr': 0.001}]
[cnn_baseline] epoch 43/80 stage=head train_loss=0.3024 val_loss=1.2886 val_acc=0.675 val_macro_f1=0.685 lr=[{'group': 'model', 'lr': 0.001}]
[cnn_baseline] epoch 44/80 stage=head train_loss=0.3072 val_loss=0.8073 val_acc=0.801 val_macro_f1=0.801 lr=[{'group': 'model', 'lr': 0.001}]
[cnn_baseline] epoch 45/80 stage=head train_loss=0.2847 val_loss=0.7742 val_acc=0.789 val_macro_f1=0.786 lr=[{'group': 'model', 'lr': 0.001}]
[cnn_baseline] epoch 46/80 stage=head train_loss=0.3024 val_loss=0.9714 val_acc=0.639 val_macro_f1=0.624 lr=[{'group': 'model', 'lr': 0.001}]
[cnn_baseline] epoch 47/80 stage=head train_loss=0.3737 val_loss=1.6777 val_acc=0.518 val_macro_f1=0.488 lr=[{'group': 'model', 'lr': 0.001}]
[cnn_baseline] epoch 48/80 stage=head train_loss=0.3082 val_loss=1.0234 val_acc=0.687 val_macro_f1=0.674 lr=[{'group': 'model', 'lr': 0.001}]
[cnn_baseline] epoch 49/80 stage=head train_loss=0.2620 val_loss=0.9206 val_acc=0.753 val_macro_f1=0.753 lr=[{'group': 'model', 'lr': 0.001}]
[cnn_baseline] epoch 50/80 stage=head train_loss=0.2229 val_loss=0.8978 val_acc=0.717 val_macro_f1=0.715 lr=[{'group': 'model', 'lr': 0.001}]
[cnn_baseline] epoch 51/80 stage=head train_loss=0.1808 val_loss=0.7604 val_acc=0.789 val_macro_f1=0.787 lr=[{'group': 'model', 'lr': 0.001}]
[cnn_baseline] epoch 52/80 stage=head train_loss=0.1780 val_loss=0.7255 val_acc=0.795 val_macro_f1=0.797 lr=[{'group': 'model', 'lr': 0.001}]
[cnn_baseline] epoch 53/80 stage=head train_loss=0.1612 val_loss=0.9239 val_acc=0.735 val_macro_f1=0.722 lr=[{'group': 'model', 'lr': 0.001}]
[cnn_baseline] epoch 54/80 stage=head train_loss=0.1682 val_loss=0.9931 val_acc=0.669 val_macro_f1=0.654 lr=[{'group': 'model', 'lr': 0.001}]
[cnn_baseline] epoch 55/80 stage=head train_loss=0.2475 val_loss=0.9653 val_acc=0.723 val_macro_f1=0.718 lr=[{'group': 'model', 'lr': 0.001}]
[cnn_baseline] epoch 56/80 stage=head train_loss=0.2887 val_loss=2.5410 val_acc=0.488 val_macro_f1=0.455 lr=[{'group': 'model', 'lr': 0.001}]
[cnn_baseline] epoch 57/80 stage=head train_loss=0.2617 val_loss=0.8866 val_acc=0.765 val_macro_f1=0.769 lr=[{'group': 'model', 'lr': 0.001}]
[cnn_baseline] epoch 58/80 stage=head train_loss=0.1886 val_loss=1.2219 val_acc=0.651 val_macro_f1=0.657 lr=[{'group': 'model', 'lr': 0.001}]
[cnn_baseline] epoch 59/80 stage=head train_loss=0.1700 val_loss=0.7610 val_acc=0.759 val_macro_f1=0.750 lr=[{'group': 'model', 'lr': 0.001}]
[cnn_baseline] epoch 60/80 stage=head train_loss=0.1818 val_loss=0.5483 val_acc=0.855 val_macro_f1=0.857 lr=[{'group': 'model', 'lr': 0.001}]
[cnn_baseline] epoch 61/80 stage=head train_loss=0.1788 val_loss=0.6710 val_acc=0.825 val_macro_f1=0.823 lr=[{'group': 'model', 'lr': 0.001}]
[cnn_baseline] epoch 62/80 stage=head train_loss=0.1558 val_loss=0.8513 val_acc=0.789 val_macro_f1=0.793 lr=[{'group': 'model', 'lr': 0.001}]
[cnn_baseline] epoch 63/80 stage=head train_loss=0.1662 val_loss=0.8419 val_acc=0.783 val_macro_f1=0.776 lr=[{'group': 'model', 'lr': 0.001}]
[cnn_baseline] epoch 64/80 stage=head train_loss=0.1229 val_loss=0.6683 val_acc=0.813 val_macro_f1=0.810 lr=[{'group': 'model', 'lr': 0.001}]
[cnn_baseline] epoch 65/80 stage=head train_loss=0.1180 val_loss=0.6923 val_acc=0.801 val_macro_f1=0.803 lr=[{'group': 'model', 'lr': 0.001}]
[cnn_baseline] epoch 66/80 stage=head train_loss=0.0927 val_loss=0.8167 val_acc=0.759 val_macro_f1=0.761 lr=[{'group': 'model', 'lr': 0.001}]
[cnn_baseline] epoch 67/80 stage=head train_loss=0.0971 val_loss=0.9854 val_acc=0.717 val_macro_f1=0.728 lr=[{'group': 'model', 'lr': 0.001}]
[cnn_baseline] epoch 68/80 stage=head train_loss=0.0948 val_loss=1.0067 val_acc=0.741 val_macro_f1=0.751 lr=[{'group': 'model', 'lr': 0.001}]
[cnn_baseline] epoch 69/80 stage=head train_loss=0.0785 val_loss=0.6153 val_acc=0.855 val_macro_f1=0.855 lr=[{'group': 'model', 'lr': 0.001}]
[cnn_baseline] epoch 70/80 stage=head train_loss=0.0897 val_loss=0.6220 val_acc=0.825 val_macro_f1=0.828 lr=[{'group': 'model', 'lr': 0.001}]
[cnn_baseline] epoch 71/80 stage=head train_loss=0.0786 val_loss=0.5772 val_acc=0.861 val_macro_f1=0.863 lr=[{'group': 'model', 'lr': 0.001}]
[cnn_baseline] epoch 72/80 stage=head train_loss=0.0748 val_loss=0.6778 val_acc=0.813 val_macro_f1=0.819 lr=[{'group': 'model', 'lr': 0.001}]
[cnn_baseline] epoch 73/80 stage=head train_loss=0.0673 val_loss=0.6009 val_acc=0.861 val_macro_f1=0.864 lr=[{'group': 'model', 'lr': 0.001}]
[cnn_baseline] epoch 74/80 stage=head train_loss=0.0857 val_loss=0.6677 val_acc=0.819 val_macro_f1=0.823 lr=[{'group': 'model', 'lr': 0.001}]
[cnn_baseline] epoch 75/80 stage=head train_loss=0.0676 val_loss=0.8323 val_acc=0.771 val_macro_f1=0.772 lr=[{'group': 'model', 'lr': 0.001}]
[cnn_baseline] epoch 76/80 stage=head train_loss=0.0687 val_loss=0.9004 val_acc=0.729 val_macro_f1=0.727 lr=[{'group': 'model', 'lr': 0.001}]
[cnn_baseline] epoch 77/80 stage=head train_loss=0.0593 val_loss=0.9974 val_acc=0.735 val_macro_f1=0.741 lr=[{'group': 'model', 'lr': 0.001}]
[cnn_baseline] epoch 78/80 stage=head train_loss=0.0753 val_loss=0.7540 val_acc=0.801 val_macro_f1=0.805 lr=[{'group': 'model', 'lr': 0.001}]
[cnn_baseline] epoch 79/80 stage=head train_loss=0.0594 val_loss=0.8888 val_acc=0.753 val_macro_f1=0.746 lr=[{'group': 'model', 'lr': 0.001}]
[cnn_baseline] epoch 80/80 stage=head train_loss=0.0525 val_loss=0.5669 val_acc=0.825 val_macro_f1=0.827 lr=[{'group': 'model', 'lr': 0.001}]

Running No augmentation [no_augmentation]
[no_augmentation] rolling checkpoint is from a different configuration; starting fresh
[no_augmentation] epoch 01/80 stage=head train_loss=1.9304 val_loss=1.8985 val_acc=0.295 val_macro_f1=0.196 lr=[{'group': 'model', 'lr': 0.001}]
[no_augmentation] epoch 02/80 stage=head train_loss=1.6896 val_loss=1.8680 val_acc=0.289 val_macro_f1=0.196 lr=[{'group': 'model', 'lr': 0.001}]
[no_augmentation] epoch 03/80 stage=head train_loss=1.5383 val_loss=1.7961 val_acc=0.313 val_macro_f1=0.228 lr=[{'group': 'model', 'lr': 0.001}]
[no_augmentation] epoch 04/80 stage=head train_loss=1.4052 val_loss=1.6585 val_acc=0.373 val_macro_f1=0.303 lr=[{'group': 'model', 'lr': 0.001}]
[no_augmentation] epoch 05/80 stage=head train_loss=1.2722 val_loss=1.5347 val_acc=0.404 val_macro_f1=0.303 lr=[{'group': 'model', 'lr': 0.001}]
[no_augmentation] epoch 06/80 stage=head train_loss=1.1797 val_loss=1.4424 val_acc=0.446 val_macro_f1=0.388 lr=[{'group': 'model', 'lr': 0.001}]
[no_augmentation] epoch 07/80 stage=head train_loss=1.0800 val_loss=1.9051 val_acc=0.428 val_macro_f1=0.397 lr=[{'group': 'model', 'lr': 0.001}]
[no_augmentation] epoch 08/80 stage=head train_loss=1.0370 val_loss=2.5697 val_acc=0.331 val_macro_f1=0.239 lr=[{'group': 'model', 'lr': 0.001}]
[no_augmentation] epoch 09/80 stage=head train_loss=1.0071 val_loss=1.3125 val_acc=0.554 val_macro_f1=0.545 lr=[{'group': 'model', 'lr': 0.001}]
[no_augmentation] epoch 10/80 stage=head train_loss=0.9361 val_loss=1.3903 val_acc=0.482 val_macro_f1=0.450 lr=[{'group': 'model', 'lr': 0.001}]
[no_augmentation] epoch 11/80 stage=head train_loss=0.8614 val_loss=1.3263 val_acc=0.518 val_macro_f1=0.516 lr=[{'group': 'model', 'lr': 0.001}]
[no_augmentation] epoch 12/80 stage=head train_loss=0.7824 val_loss=1.6000 val_acc=0.482 val_macro_f1=0.481 lr=[{'group': 'model', 'lr': 0.001}]
[no_augmentation] epoch 13/80 stage=head train_loss=0.8489 val_loss=2.7219 val_acc=0.392 val_macro_f1=0.399 lr=[{'group': 'model', 'lr': 0.001}]
[no_augmentation] epoch 14/80 stage=head train_loss=0.8267 val_loss=1.4005 val_acc=0.506 val_macro_f1=0.491 lr=[{'group': 'model', 'lr': 0.001}]
[no_augmentation] epoch 15/80 stage=head train_loss=0.6889 val_loss=1.0757 val_acc=0.596 val_macro_f1=0.602 lr=[{'group': 'model', 'lr': 0.001}]
[no_augmentation] epoch 16/80 stage=head train_loss=0.5772 val_loss=1.1605 val_acc=0.590 val_macro_f1=0.530 lr=[{'group': 'model', 'lr': 0.001}]
[no_augmentation] epoch 17/80 stage=head train_loss=0.5103 val_loss=1.8937 val_acc=0.428 val_macro_f1=0.355 lr=[{'group': 'model', 'lr': 0.001}]
[no_augmentation] epoch 18/80 stage=head train_loss=0.5212 val_loss=1.4425 val_acc=0.506 val_macro_f1=0.447 lr=[{'group': 'model', 'lr': 0.001}]
[no_augmentation] epoch 19/80 stage=head train_loss=0.4117 val_loss=1.1855 val_acc=0.584 val_macro_f1=0.536 lr=[{'group': 'model', 'lr': 0.001}]
[no_augmentation] epoch 20/80 stage=head train_loss=0.3684 val_loss=1.1290 val_acc=0.627 val_macro_f1=0.632 lr=[{'group': 'model', 'lr': 0.001}]
[no_augmentation] epoch 21/80 stage=head train_loss=0.3052 val_loss=0.9843 val_acc=0.675 val_macro_f1=0.674 lr=[{'group': 'model', 'lr': 0.001}]
[no_augmentation] epoch 22/80 stage=head train_loss=0.3023 val_loss=1.1017 val_acc=0.596 val_macro_f1=0.578 lr=[{'group': 'model', 'lr': 0.001}]
[no_augmentation] epoch 23/80 stage=head train_loss=0.2884 val_loss=1.9550 val_acc=0.458 val_macro_f1=0.400 lr=[{'group': 'model', 'lr': 0.001}]
[no_augmentation] epoch 24/80 stage=head train_loss=0.2423 val_loss=1.2788 val_acc=0.602 val_macro_f1=0.583 lr=[{'group': 'model', 'lr': 0.001}]
[no_augmentation] epoch 25/80 stage=head train_loss=0.2208 val_loss=1.2931 val_acc=0.614 val_macro_f1=0.590 lr=[{'group': 'model', 'lr': 0.001}]
[no_augmentation] epoch 26/80 stage=head train_loss=0.1904 val_loss=1.0548 val_acc=0.693 val_macro_f1=0.658 lr=[{'group': 'model', 'lr': 0.001}]
[no_augmentation] epoch 27/80 stage=head train_loss=0.1877 val_loss=1.5015 val_acc=0.518 val_macro_f1=0.479 lr=[{'group': 'model', 'lr': 0.001}]
[no_augmentation] epoch 28/80 stage=head train_loss=0.1608 val_loss=1.1506 val_acc=0.663 val_macro_f1=0.643 lr=[{'group': 'model', 'lr': 0.001}]
[no_augmentation] epoch 29/80 stage=head train_loss=0.1368 val_loss=1.8711 val_acc=0.506 val_macro_f1=0.505 lr=[{'group': 'model', 'lr': 0.001}]
[no_augmentation] epoch 30/80 stage=head train_loss=0.1308 val_loss=0.9919 val_acc=0.705 val_macro_f1=0.697 lr=[{'group': 'model', 'lr': 0.001}]
[no_augmentation] epoch 31/80 stage=head train_loss=0.1036 val_loss=1.2478 val_acc=0.620 val_macro_f1=0.612 lr=[{'group': 'model', 'lr': 0.001}]
[no_augmentation] epoch 32/80 stage=head train_loss=0.0881 val_loss=1.1396 val_acc=0.627 val_macro_f1=0.615 lr=[{'group': 'model', 'lr': 0.001}]
[no_augmentation] epoch 33/80 stage=head train_loss=0.0753 val_loss=0.9204 val_acc=0.705 val_macro_f1=0.710 lr=[{'group': 'model', 'lr': 0.001}]
[no_augmentation] epoch 34/80 stage=head train_loss=0.0583 val_loss=1.3323 val_acc=0.596 val_macro_f1=0.568 lr=[{'group': 'model', 'lr': 0.001}]
[no_augmentation] epoch 35/80 stage=head train_loss=0.0446 val_loss=1.3602 val_acc=0.602 val_macro_f1=0.620 lr=[{'group': 'model', 'lr': 0.001}]
[no_augmentation] epoch 36/80 stage=head train_loss=0.0344 val_loss=0.8317 val_acc=0.759 val_macro_f1=0.760 lr=[{'group': 'model', 'lr': 0.001}]
[no_augmentation] epoch 37/80 stage=head train_loss=0.0259 val_loss=0.8386 val_acc=0.747 val_macro_f1=0.754 lr=[{'group': 'model', 'lr': 0.001}]
[no_augmentation] epoch 38/80 stage=head train_loss=0.0289 val_loss=0.7887 val_acc=0.777 val_macro_f1=0.774 lr=[{'group': 'model', 'lr': 0.001}]
[no_augmentation] epoch 39/80 stage=head train_loss=0.0192 val_loss=0.7461 val_acc=0.765 val_macro_f1=0.765 lr=[{'group': 'model', 'lr': 0.001}]
[no_augmentation] epoch 40/80 stage=head train_loss=0.0214 val_loss=1.1435 val_acc=0.645 val_macro_f1=0.614 lr=[{'group': 'model', 'lr': 0.001}]
[no_augmentation] epoch 41/80 stage=head train_loss=0.0308 val_loss=0.9156 val_acc=0.717 val_macro_f1=0.714 lr=[{'group': 'model', 'lr': 0.001}]
[no_augmentation] epoch 42/80 stage=head train_loss=0.0208 val_loss=1.1412 val_acc=0.687 val_macro_f1=0.681 lr=[{'group': 'model', 'lr': 0.001}]
[no_augmentation] epoch 43/80 stage=head train_loss=0.0409 val_loss=3.8171 val_acc=0.373 val_macro_f1=0.324 lr=[{'group': 'model', 'lr': 0.001}]
[no_augmentation] epoch 44/80 stage=head train_loss=0.1005 val_loss=2.4603 val_acc=0.578 val_macro_f1=0.557 lr=[{'group': 'model', 'lr': 0.001}]
[no_augmentation] epoch 45/80 stage=head train_loss=0.0892 val_loss=1.7227 val_acc=0.633 val_macro_f1=0.626 lr=[{'group': 'model', 'lr': 0.001}]
[no_augmentation] epoch 46/80 stage=head train_loss=0.0908 val_loss=1.1206 val_acc=0.681 val_macro_f1=0.676 lr=[{'group': 'model', 'lr': 0.001}]
[no_augmentation] epoch 47/80 stage=head train_loss=0.1117 val_loss=3.1765 val_acc=0.386 val_macro_f1=0.326 lr=[{'group': 'model', 'lr': 0.001}]
[no_augmentation] epoch 48/80 stage=head train_loss=0.0901 val_loss=1.0599 val_acc=0.693 val_macro_f1=0.683 lr=[{'group': 'model', 'lr': 0.001}]
[no_augmentation] epoch 49/80 stage=head train_loss=0.0566 val_loss=1.2959 val_acc=0.639 val_macro_f1=0.628 lr=[{'group': 'model', 'lr': 0.001}]
[no_augmentation] epoch 50/80 stage=head train_loss=0.0509 val_loss=1.1248 val_acc=0.669 val_macro_f1=0.642 lr=[{'group': 'model', 'lr': 0.001}]
[no_augmentation] epoch 51/80 stage=head train_loss=0.0350 val_loss=1.3189 val_acc=0.645 val_macro_f1=0.651 lr=[{'group': 'model', 'lr': 0.001}]
[no_augmentation] epoch 52/80 stage=head train_loss=0.0201 val_loss=0.8271 val_acc=0.753 val_macro_f1=0.757 lr=[{'group': 'model', 'lr': 0.001}]
[no_augmentation] epoch 53/80 stage=head train_loss=0.0250 val_loss=0.8065 val_acc=0.783 val_macro_f1=0.780 lr=[{'group': 'model', 'lr': 0.001}]
[no_augmentation] epoch 54/80 stage=head train_loss=0.0158 val_loss=0.7582 val_acc=0.789 val_macro_f1=0.790 lr=[{'group': 'model', 'lr': 0.001}]
[no_augmentation] epoch 55/80 stage=head train_loss=0.0240 val_loss=0.9863 val_acc=0.765 val_macro_f1=0.762 lr=[{'group': 'model', 'lr': 0.001}]
[no_augmentation] epoch 56/80 stage=head train_loss=0.0233 val_loss=1.1611 val_acc=0.705 val_macro_f1=0.717 lr=[{'group': 'model', 'lr': 0.001}]
[no_augmentation] epoch 57/80 stage=head train_loss=0.0171 val_loss=1.0275 val_acc=0.723 val_macro_f1=0.734 lr=[{'group': 'model', 'lr': 0.001}]
[no_augmentation] epoch 58/80 stage=head train_loss=0.0121 val_loss=0.8148 val_acc=0.777 val_macro_f1=0.776 lr=[{'group': 'model', 'lr': 0.001}]
[no_augmentation] epoch 59/80 stage=head train_loss=0.0083 val_loss=0.8737 val_acc=0.771 val_macro_f1=0.764 lr=[{'group': 'model', 'lr': 0.001}]
[no_augmentation] epoch 60/80 stage=head train_loss=0.0062 val_loss=0.6874 val_acc=0.819 val_macro_f1=0.816 lr=[{'group': 'model', 'lr': 0.001}]
[no_augmentation] epoch 61/80 stage=head train_loss=0.0058 val_loss=0.6418 val_acc=0.861 val_macro_f1=0.859 lr=[{'group': 'model', 'lr': 0.001}]
[no_augmentation] epoch 62/80 stage=head train_loss=0.0043 val_loss=0.6828 val_acc=0.837 val_macro_f1=0.836 lr=[{'group': 'model', 'lr': 0.001}]
[no_augmentation] epoch 63/80 stage=head train_loss=0.0044 val_loss=0.7401 val_acc=0.819 val_macro_f1=0.818 lr=[{'group': 'model', 'lr': 0.001}]
[no_augmentation] epoch 64/80 stage=head train_loss=0.0032 val_loss=0.7328 val_acc=0.807 val_macro_f1=0.809 lr=[{'group': 'model', 'lr': 0.001}]
[no_augmentation] epoch 65/80 stage=head train_loss=0.0034 val_loss=0.7367 val_acc=0.795 val_macro_f1=0.796 lr=[{'group': 'model', 'lr': 0.001}]
[no_augmentation] epoch 66/80 stage=head train_loss=0.0031 val_loss=0.7193 val_acc=0.789 val_macro_f1=0.792 lr=[{'group': 'model', 'lr': 0.001}]
[no_augmentation] epoch 67/80 stage=head train_loss=0.0026 val_loss=0.7230 val_acc=0.801 val_macro_f1=0.804 lr=[{'group': 'model', 'lr': 0.001}]
[no_augmentation] epoch 68/80 stage=head train_loss=0.0028 val_loss=0.7428 val_acc=0.801 val_macro_f1=0.801 lr=[{'group': 'model', 'lr': 0.001}]
[no_augmentation] epoch 69/80 stage=head train_loss=0.0032 val_loss=0.8122 val_acc=0.783 val_macro_f1=0.785 lr=[{'group': 'model', 'lr': 0.001}]
[no_augmentation] epoch 70/80 stage=head train_loss=0.0056 val_loss=0.8447 val_acc=0.753 val_macro_f1=0.754 lr=[{'group': 'model', 'lr': 0.001}]
[no_augmentation] epoch 71/80 stage=head train_loss=0.0028 val_loss=0.7316 val_acc=0.789 val_macro_f1=0.787 lr=[{'group': 'model', 'lr': 0.001}]
[no_augmentation] epoch 72/80 stage=head train_loss=0.0029 val_loss=0.7512 val_acc=0.795 val_macro_f1=0.794 lr=[{'group': 'model', 'lr': 0.001}]
[no_augmentation] epoch 73/80 stage=head train_loss=0.0025 val_loss=0.7298 val_acc=0.783 val_macro_f1=0.782 lr=[{'group': 'model', 'lr': 0.001}]
[no_augmentation] epoch 74/80 stage=head train_loss=0.0025 val_loss=0.7799 val_acc=0.789 val_macro_f1=0.790 lr=[{'group': 'model', 'lr': 0.001}]
[no_augmentation] epoch 75/80 stage=head train_loss=0.0020 val_loss=0.8733 val_acc=0.771 val_macro_f1=0.775 lr=[{'group': 'model', 'lr': 0.001}]
[no_augmentation] epoch 76/80 stage=head train_loss=0.0021 val_loss=0.7939 val_acc=0.801 val_macro_f1=0.801 lr=[{'group': 'model', 'lr': 0.001}]
[no_augmentation] epoch 77/80 stage=head train_loss=0.0018 val_loss=0.7023 val_acc=0.819 val_macro_f1=0.822 lr=[{'group': 'model', 'lr': 0.001}]
[no_augmentation] epoch 78/80 stage=head train_loss=0.0018 val_loss=0.6903 val_acc=0.831 val_macro_f1=0.835 lr=[{'group': 'model', 'lr': 0.001}]
[no_augmentation] epoch 79/80 stage=head train_loss=0.0018 val_loss=0.7169 val_acc=0.831 val_macro_f1=0.831 lr=[{'group': 'model', 'lr': 0.001}]
[no_augmentation] epoch 80/80 stage=head train_loss=0.0019 val_loss=0.7979 val_acc=0.789 val_macro_f1=0.790 lr=[{'group': 'model', 'lr': 0.001}]

Running Dropout p=0.3 [dropout_0_3]
[dropout_0_3] rolling checkpoint is from a different configuration; starting fresh
[dropout_0_3] epoch 01/80 stage=head train_loss=1.9589 val_loss=1.9221 val_acc=0.283 val_macro_f1=0.202 lr=[{'group': 'model', 'lr': 0.001}]
[dropout_0_3] epoch 02/80 stage=head train_loss=1.7649 val_loss=1.8093 val_acc=0.301 val_macro_f1=0.200 lr=[{'group': 'model', 'lr': 0.001}]
[dropout_0_3] epoch 03/80 stage=head train_loss=1.6532 val_loss=1.6975 val_acc=0.343 val_macro_f1=0.281 lr=[{'group': 'model', 'lr': 0.001}]
[dropout_0_3] epoch 04/80 stage=head train_loss=1.5748 val_loss=1.5568 val_acc=0.470 val_macro_f1=0.440 lr=[{'group': 'model', 'lr': 0.001}]
[dropout_0_3] epoch 05/80 stage=head train_loss=1.5006 val_loss=1.7071 val_acc=0.410 val_macro_f1=0.318 lr=[{'group': 'model', 'lr': 0.001}]
[dropout_0_3] epoch 06/80 stage=head train_loss=1.4210 val_loss=1.5271 val_acc=0.458 val_macro_f1=0.435 lr=[{'group': 'model', 'lr': 0.001}]
[dropout_0_3] epoch 07/80 stage=head train_loss=1.3776 val_loss=1.9179 val_acc=0.343 val_macro_f1=0.277 lr=[{'group': 'model', 'lr': 0.001}]
[dropout_0_3] epoch 08/80 stage=head train_loss=1.3164 val_loss=1.3766 val_acc=0.536 val_macro_f1=0.497 lr=[{'group': 'model', 'lr': 0.001}]
[dropout_0_3] epoch 09/80 stage=head train_loss=1.2393 val_loss=1.3997 val_acc=0.530 val_macro_f1=0.515 lr=[{'group': 'model', 'lr': 0.001}]
[dropout_0_3] epoch 10/80 stage=head train_loss=1.1831 val_loss=1.3628 val_acc=0.560 val_macro_f1=0.558 lr=[{'group': 'model', 'lr': 0.001}]
[dropout_0_3] epoch 11/80 stage=head train_loss=1.1590 val_loss=1.4600 val_acc=0.536 val_macro_f1=0.490 lr=[{'group': 'model', 'lr': 0.001}]
[dropout_0_3] epoch 12/80 stage=head train_loss=1.1437 val_loss=1.4834 val_acc=0.476 val_macro_f1=0.437 lr=[{'group': 'model', 'lr': 0.001}]
[dropout_0_3] epoch 13/80 stage=head train_loss=1.1840 val_loss=1.8017 val_acc=0.458 val_macro_f1=0.422 lr=[{'group': 'model', 'lr': 0.001}]
[dropout_0_3] epoch 14/80 stage=head train_loss=1.1412 val_loss=1.2745 val_acc=0.584 val_macro_f1=0.584 lr=[{'group': 'model', 'lr': 0.001}]
[dropout_0_3] epoch 15/80 stage=head train_loss=1.0988 val_loss=1.2594 val_acc=0.500 val_macro_f1=0.474 lr=[{'group': 'model', 'lr': 0.001}]
[dropout_0_3] epoch 16/80 stage=head train_loss=1.0220 val_loss=1.3406 val_acc=0.512 val_macro_f1=0.473 lr=[{'group': 'model', 'lr': 0.001}]
[dropout_0_3] epoch 17/80 stage=head train_loss=0.9918 val_loss=1.0882 val_acc=0.633 val_macro_f1=0.628 lr=[{'group': 'model', 'lr': 0.001}]
[dropout_0_3] epoch 18/80 stage=head train_loss=0.8824 val_loss=1.4959 val_acc=0.494 val_macro_f1=0.422 lr=[{'group': 'model', 'lr': 0.001}]
[dropout_0_3] epoch 19/80 stage=head train_loss=0.8718 val_loss=1.2604 val_acc=0.566 val_macro_f1=0.565 lr=[{'group': 'model', 'lr': 0.001}]
[dropout_0_3] epoch 20/80 stage=head train_loss=0.8269 val_loss=1.1165 val_acc=0.645 val_macro_f1=0.640 lr=[{'group': 'model', 'lr': 0.001}]
[dropout_0_3] epoch 21/80 stage=head train_loss=0.7771 val_loss=1.0885 val_acc=0.608 val_macro_f1=0.600 lr=[{'group': 'model', 'lr': 0.001}]
[dropout_0_3] epoch 22/80 stage=head train_loss=0.7357 val_loss=1.0574 val_acc=0.633 val_macro_f1=0.628 lr=[{'group': 'model', 'lr': 0.001}]
[dropout_0_3] epoch 23/80 stage=head train_loss=0.7478 val_loss=0.9965 val_acc=0.675 val_macro_f1=0.661 lr=[{'group': 'model', 'lr': 0.001}]
[dropout_0_3] epoch 24/80 stage=head train_loss=0.6922 val_loss=1.3229 val_acc=0.578 val_macro_f1=0.574 lr=[{'group': 'model', 'lr': 0.001}]
[dropout_0_3] epoch 25/80 stage=head train_loss=0.6536 val_loss=0.8632 val_acc=0.729 val_macro_f1=0.728 lr=[{'group': 'model', 'lr': 0.001}]
[dropout_0_3] epoch 26/80 stage=head train_loss=0.6659 val_loss=1.2341 val_acc=0.536 val_macro_f1=0.527 lr=[{'group': 'model', 'lr': 0.001}]
[dropout_0_3] epoch 27/80 stage=head train_loss=0.6328 val_loss=1.2813 val_acc=0.596 val_macro_f1=0.565 lr=[{'group': 'model', 'lr': 0.001}]
[dropout_0_3] epoch 28/80 stage=head train_loss=0.6040 val_loss=1.0925 val_acc=0.620 val_macro_f1=0.624 lr=[{'group': 'model', 'lr': 0.001}]
[dropout_0_3] epoch 29/80 stage=head train_loss=0.5480 val_loss=0.9992 val_acc=0.614 val_macro_f1=0.610 lr=[{'group': 'model', 'lr': 0.001}]
[dropout_0_3] epoch 30/80 stage=head train_loss=0.5200 val_loss=0.9059 val_acc=0.669 val_macro_f1=0.670 lr=[{'group': 'model', 'lr': 0.001}]
[dropout_0_3] epoch 31/80 stage=head train_loss=0.4694 val_loss=1.5491 val_acc=0.470 val_macro_f1=0.456 lr=[{'group': 'model', 'lr': 0.001}]
[dropout_0_3] epoch 32/80 stage=head train_loss=0.4541 val_loss=1.1786 val_acc=0.602 val_macro_f1=0.579 lr=[{'group': 'model', 'lr': 0.001}]
[dropout_0_3] epoch 33/80 stage=head train_loss=0.5220 val_loss=0.9976 val_acc=0.669 val_macro_f1=0.650 lr=[{'group': 'model', 'lr': 0.001}]
[dropout_0_3] epoch 34/80 stage=head train_loss=0.4305 val_loss=0.9009 val_acc=0.699 val_macro_f1=0.685 lr=[{'group': 'model', 'lr': 0.001}]
[dropout_0_3] epoch 35/80 stage=head train_loss=0.3965 val_loss=1.0941 val_acc=0.602 val_macro_f1=0.577 lr=[{'group': 'model', 'lr': 0.001}]
[dropout_0_3] epoch 36/80 stage=head train_loss=0.3571 val_loss=0.7973 val_acc=0.747 val_macro_f1=0.751 lr=[{'group': 'model', 'lr': 0.001}]
[dropout_0_3] epoch 37/80 stage=head train_loss=0.3253 val_loss=0.6807 val_acc=0.837 val_macro_f1=0.837 lr=[{'group': 'model', 'lr': 0.001}]
[dropout_0_3] epoch 38/80 stage=head train_loss=0.2961 val_loss=0.7125 val_acc=0.771 val_macro_f1=0.767 lr=[{'group': 'model', 'lr': 0.001}]
[dropout_0_3] epoch 39/80 stage=head train_loss=0.3351 val_loss=0.7980 val_acc=0.747 val_macro_f1=0.751 lr=[{'group': 'model', 'lr': 0.001}]
[dropout_0_3] epoch 40/80 stage=head train_loss=0.3000 val_loss=0.6574 val_acc=0.819 val_macro_f1=0.816 lr=[{'group': 'model', 'lr': 0.001}]
[dropout_0_3] epoch 41/80 stage=head train_loss=0.2869 val_loss=0.9771 val_acc=0.681 val_macro_f1=0.659 lr=[{'group': 'model', 'lr': 0.001}]
[dropout_0_3] epoch 42/80 stage=head train_loss=0.3204 val_loss=1.8439 val_acc=0.536 val_macro_f1=0.466 lr=[{'group': 'model', 'lr': 0.001}]
[dropout_0_3] epoch 43/80 stage=head train_loss=0.3427 val_loss=1.2859 val_acc=0.663 val_macro_f1=0.658 lr=[{'group': 'model', 'lr': 0.001}]
[dropout_0_3] epoch 44/80 stage=head train_loss=0.3448 val_loss=0.6977 val_acc=0.765 val_macro_f1=0.757 lr=[{'group': 'model', 'lr': 0.001}]
[dropout_0_3] epoch 45/80 stage=head train_loss=0.3121 val_loss=1.1903 val_acc=0.651 val_macro_f1=0.607 lr=[{'group': 'model', 'lr': 0.001}]
[dropout_0_3] epoch 46/80 stage=head train_loss=0.3258 val_loss=0.7379 val_acc=0.747 val_macro_f1=0.750 lr=[{'group': 'model', 'lr': 0.001}]
[dropout_0_3] epoch 47/80 stage=head train_loss=0.3538 val_loss=1.4031 val_acc=0.584 val_macro_f1=0.578 lr=[{'group': 'model', 'lr': 0.001}]
[dropout_0_3] epoch 48/80 stage=head train_loss=0.3082 val_loss=1.1397 val_acc=0.645 val_macro_f1=0.627 lr=[{'group': 'model', 'lr': 0.001}]
[dropout_0_3] epoch 49/80 stage=head train_loss=0.2977 val_loss=0.7683 val_acc=0.789 val_macro_f1=0.803 lr=[{'group': 'model', 'lr': 0.001}]
[dropout_0_3] epoch 50/80 stage=head train_loss=0.2287 val_loss=0.8232 val_acc=0.735 val_macro_f1=0.735 lr=[{'group': 'model', 'lr': 0.001}]
[dropout_0_3] epoch 51/80 stage=head train_loss=0.1903 val_loss=0.6266 val_acc=0.825 val_macro_f1=0.819 lr=[{'group': 'model', 'lr': 0.001}]
[dropout_0_3] epoch 52/80 stage=head train_loss=0.1856 val_loss=0.6847 val_acc=0.783 val_macro_f1=0.783 lr=[{'group': 'model', 'lr': 0.001}]
[dropout_0_3] epoch 53/80 stage=head train_loss=0.2100 val_loss=1.1415 val_acc=0.711 val_macro_f1=0.725 lr=[{'group': 'model', 'lr': 0.001}]
[dropout_0_3] epoch 54/80 stage=head train_loss=0.2037 val_loss=0.7318 val_acc=0.771 val_macro_f1=0.771 lr=[{'group': 'model', 'lr': 0.001}]
[dropout_0_3] epoch 55/80 stage=head train_loss=0.2248 val_loss=0.8550 val_acc=0.723 val_macro_f1=0.717 lr=[{'group': 'model', 'lr': 0.001}]
[dropout_0_3] epoch 56/80 stage=head train_loss=0.3015 val_loss=1.0580 val_acc=0.711 val_macro_f1=0.715 lr=[{'group': 'model', 'lr': 0.001}]
[dropout_0_3] epoch 57/80 stage=head train_loss=0.2554 val_loss=1.0483 val_acc=0.693 val_macro_f1=0.672 lr=[{'group': 'model', 'lr': 0.001}]
[dropout_0_3] epoch 58/80 stage=head train_loss=0.2050 val_loss=0.8183 val_acc=0.759 val_macro_f1=0.760 lr=[{'group': 'model', 'lr': 0.001}]
[dropout_0_3] epoch 59/80 stage=head train_loss=0.1754 val_loss=0.6750 val_acc=0.777 val_macro_f1=0.781 lr=[{'group': 'model', 'lr': 0.001}]
[dropout_0_3] epoch 60/80 stage=head train_loss=0.1803 val_loss=0.8028 val_acc=0.741 val_macro_f1=0.747 lr=[{'group': 'model', 'lr': 0.001}]
[dropout_0_3] epoch 61/80 stage=head train_loss=0.1812 val_loss=0.8041 val_acc=0.771 val_macro_f1=0.777 lr=[{'group': 'model', 'lr': 0.001}]
[dropout_0_3] epoch 62/80 stage=head train_loss=0.1867 val_loss=0.7932 val_acc=0.747 val_macro_f1=0.747 lr=[{'group': 'model', 'lr': 0.001}]
[dropout_0_3] epoch 63/80 stage=head train_loss=0.1807 val_loss=1.0443 val_acc=0.723 val_macro_f1=0.737 lr=[{'group': 'model', 'lr': 0.001}]
[dropout_0_3] epoch 64/80 stage=head train_loss=0.1642 val_loss=0.5927 val_acc=0.867 val_macro_f1=0.868 lr=[{'group': 'model', 'lr': 0.001}]
[dropout_0_3] epoch 65/80 stage=head train_loss=0.1611 val_loss=1.1381 val_acc=0.699 val_macro_f1=0.692 lr=[{'group': 'model', 'lr': 0.001}]
[dropout_0_3] epoch 66/80 stage=head train_loss=0.1187 val_loss=0.6935 val_acc=0.813 val_macro_f1=0.806 lr=[{'group': 'model', 'lr': 0.001}]
[dropout_0_3] epoch 67/80 stage=head train_loss=0.1699 val_loss=0.6156 val_acc=0.831 val_macro_f1=0.835 lr=[{'group': 'model', 'lr': 0.001}]
[dropout_0_3] epoch 68/80 stage=head train_loss=0.1306 val_loss=0.6285 val_acc=0.813 val_macro_f1=0.814 lr=[{'group': 'model', 'lr': 0.001}]
[dropout_0_3] epoch 69/80 stage=head train_loss=0.1138 val_loss=0.5849 val_acc=0.837 val_macro_f1=0.832 lr=[{'group': 'model', 'lr': 0.001}]
[dropout_0_3] epoch 70/80 stage=head train_loss=0.1215 val_loss=0.6949 val_acc=0.801 val_macro_f1=0.799 lr=[{'group': 'model', 'lr': 0.001}]
[dropout_0_3] epoch 71/80 stage=head train_loss=0.1074 val_loss=0.6850 val_acc=0.807 val_macro_f1=0.804 lr=[{'group': 'model', 'lr': 0.001}]
[dropout_0_3] epoch 72/80 stage=head train_loss=0.1122 val_loss=0.7791 val_acc=0.795 val_macro_f1=0.797 lr=[{'group': 'model', 'lr': 0.001}]
[dropout_0_3] epoch 73/80 stage=head train_loss=0.0965 val_loss=0.5838 val_acc=0.861 val_macro_f1=0.859 lr=[{'group': 'model', 'lr': 0.001}]
[dropout_0_3] epoch 74/80 stage=head train_loss=0.1260 val_loss=0.7867 val_acc=0.795 val_macro_f1=0.796 lr=[{'group': 'model', 'lr': 0.001}]
[dropout_0_3] epoch 75/80 stage=head train_loss=0.1157 val_loss=0.6903 val_acc=0.819 val_macro_f1=0.825 lr=[{'group': 'model', 'lr': 0.001}]
[dropout_0_3] epoch 76/80 stage=head train_loss=0.1253 val_loss=0.6763 val_acc=0.843 val_macro_f1=0.847 lr=[{'group': 'model', 'lr': 0.001}]
[dropout_0_3] epoch 77/80 stage=head train_loss=0.0792 val_loss=0.6433 val_acc=0.807 val_macro_f1=0.813 lr=[{'group': 'model', 'lr': 0.001}]
[dropout_0_3] epoch 78/80 stage=head train_loss=0.0874 val_loss=0.5683 val_acc=0.867 val_macro_f1=0.866 lr=[{'group': 'model', 'lr': 0.001}]
[dropout_0_3] epoch 79/80 stage=head train_loss=0.0817 val_loss=0.5446 val_acc=0.843 val_macro_f1=0.840 lr=[{'group': 'model', 'lr': 0.001}]
[dropout_0_3] epoch 80/80 stage=head train_loss=0.0825 val_loss=0.6008 val_acc=0.861 val_macro_f1=0.863 lr=[{'group': 'model', 'lr': 0.001}]

Running Dropout p=0.5 [dropout_0_5]
[dropout_0_5] rolling checkpoint is from a different configuration; starting fresh
[dropout_0_5] epoch 01/80 stage=head train_loss=1.9619 val_loss=1.9399 val_acc=0.283 val_macro_f1=0.172 lr=[{'group': 'model', 'lr': 0.001}]
[dropout_0_5] epoch 02/80 stage=head train_loss=1.7702 val_loss=1.8265 val_acc=0.301 val_macro_f1=0.202 lr=[{'group': 'model', 'lr': 0.001}]
[dropout_0_5] epoch 03/80 stage=head train_loss=1.6664 val_loss=1.6914 val_acc=0.367 val_macro_f1=0.326 lr=[{'group': 'model', 'lr': 0.001}]
[dropout_0_5] epoch 04/80 stage=head train_loss=1.5953 val_loss=1.5886 val_acc=0.440 val_macro_f1=0.409 lr=[{'group': 'model', 'lr': 0.001}]
[dropout_0_5] epoch 05/80 stage=head train_loss=1.5183 val_loss=1.6077 val_acc=0.373 val_macro_f1=0.300 lr=[{'group': 'model', 'lr': 0.001}]
[dropout_0_5] epoch 06/80 stage=head train_loss=1.4441 val_loss=1.5174 val_acc=0.440 val_macro_f1=0.392 lr=[{'group': 'model', 'lr': 0.001}]
[dropout_0_5] epoch 07/80 stage=head train_loss=1.4073 val_loss=1.5406 val_acc=0.386 val_macro_f1=0.340 lr=[{'group': 'model', 'lr': 0.001}]
[dropout_0_5] epoch 08/80 stage=head train_loss=1.3621 val_loss=1.4329 val_acc=0.536 val_macro_f1=0.497 lr=[{'group': 'model', 'lr': 0.001}]
[dropout_0_5] epoch 09/80 stage=head train_loss=1.2826 val_loss=1.4476 val_acc=0.476 val_macro_f1=0.458 lr=[{'group': 'model', 'lr': 0.001}]
[dropout_0_5] epoch 10/80 stage=head train_loss=1.2151 val_loss=1.3623 val_acc=0.512 val_macro_f1=0.515 lr=[{'group': 'model', 'lr': 0.001}]
[dropout_0_5] epoch 11/80 stage=head train_loss=1.1979 val_loss=1.3270 val_acc=0.566 val_macro_f1=0.532 lr=[{'group': 'model', 'lr': 0.001}]
[dropout_0_5] epoch 12/80 stage=head train_loss=1.1428 val_loss=1.5835 val_acc=0.500 val_macro_f1=0.467 lr=[{'group': 'model', 'lr': 0.001}]
[dropout_0_5] epoch 13/80 stage=head train_loss=1.2630 val_loss=1.8290 val_acc=0.452 val_macro_f1=0.424 lr=[{'group': 'model', 'lr': 0.001}]
[dropout_0_5] epoch 14/80 stage=head train_loss=1.2042 val_loss=1.2513 val_acc=0.554 val_macro_f1=0.563 lr=[{'group': 'model', 'lr': 0.001}]
[dropout_0_5] epoch 15/80 stage=head train_loss=1.1388 val_loss=1.4524 val_acc=0.512 val_macro_f1=0.504 lr=[{'group': 'model', 'lr': 0.001}]
[dropout_0_5] epoch 16/80 stage=head train_loss=1.1089 val_loss=1.5730 val_acc=0.434 val_macro_f1=0.390 lr=[{'group': 'model', 'lr': 0.001}]
[dropout_0_5] epoch 17/80 stage=head train_loss=1.0537 val_loss=1.5175 val_acc=0.452 val_macro_f1=0.422 lr=[{'group': 'model', 'lr': 0.001}]
[dropout_0_5] epoch 18/80 stage=head train_loss=0.9487 val_loss=1.2106 val_acc=0.554 val_macro_f1=0.501 lr=[{'group': 'model', 'lr': 0.001}]
[dropout_0_5] epoch 19/80 stage=head train_loss=0.9362 val_loss=1.1075 val_acc=0.645 val_macro_f1=0.640 lr=[{'group': 'model', 'lr': 0.001}]
[dropout_0_5] epoch 20/80 stage=head train_loss=0.8515 val_loss=1.3085 val_acc=0.584 val_macro_f1=0.558 lr=[{'group': 'model', 'lr': 0.001}]
[dropout_0_5] epoch 21/80 stage=head train_loss=0.8319 val_loss=1.0768 val_acc=0.554 val_macro_f1=0.511 lr=[{'group': 'model', 'lr': 0.001}]
[dropout_0_5] epoch 22/80 stage=head train_loss=0.7833 val_loss=1.1316 val_acc=0.620 val_macro_f1=0.628 lr=[{'group': 'model', 'lr': 0.001}]
[dropout_0_5] epoch 23/80 stage=head train_loss=0.8039 val_loss=1.1650 val_acc=0.590 val_macro_f1=0.552 lr=[{'group': 'model', 'lr': 0.001}]
[dropout_0_5] epoch 24/80 stage=head train_loss=0.7608 val_loss=0.9990 val_acc=0.663 val_macro_f1=0.652 lr=[{'group': 'model', 'lr': 0.001}]
[dropout_0_5] epoch 25/80 stage=head train_loss=0.7359 val_loss=1.1257 val_acc=0.590 val_macro_f1=0.538 lr=[{'group': 'model', 'lr': 0.001}]
[dropout_0_5] epoch 26/80 stage=head train_loss=0.7104 val_loss=1.3037 val_acc=0.602 val_macro_f1=0.597 lr=[{'group': 'model', 'lr': 0.001}]
[dropout_0_5] epoch 27/80 stage=head train_loss=0.6675 val_loss=1.0786 val_acc=0.590 val_macro_f1=0.568 lr=[{'group': 'model', 'lr': 0.001}]
[dropout_0_5] epoch 28/80 stage=head train_loss=0.6528 val_loss=1.2554 val_acc=0.494 val_macro_f1=0.496 lr=[{'group': 'model', 'lr': 0.001}]
[dropout_0_5] epoch 29/80 stage=head train_loss=0.6712 val_loss=1.4031 val_acc=0.554 val_macro_f1=0.543 lr=[{'group': 'model', 'lr': 0.001}]
[dropout_0_5] epoch 30/80 stage=head train_loss=0.6059 val_loss=0.9530 val_acc=0.645 val_macro_f1=0.623 lr=[{'group': 'model', 'lr': 0.001}]
[dropout_0_5] epoch 31/80 stage=head train_loss=0.5381 val_loss=1.9010 val_acc=0.428 val_macro_f1=0.353 lr=[{'group': 'model', 'lr': 0.001}]
[dropout_0_5] epoch 32/80 stage=head train_loss=0.4987 val_loss=0.8806 val_acc=0.729 val_macro_f1=0.711 lr=[{'group': 'model', 'lr': 0.001}]
[dropout_0_5] epoch 33/80 stage=head train_loss=0.5600 val_loss=0.7467 val_acc=0.783 val_macro_f1=0.789 lr=[{'group': 'model', 'lr': 0.001}]
[dropout_0_5] epoch 34/80 stage=head train_loss=0.5361 val_loss=0.7348 val_acc=0.807 val_macro_f1=0.808 lr=[{'group': 'model', 'lr': 0.001}]
[dropout_0_5] epoch 35/80 stage=head train_loss=0.4837 val_loss=0.7937 val_acc=0.759 val_macro_f1=0.765 lr=[{'group': 'model', 'lr': 0.001}]
[dropout_0_5] epoch 36/80 stage=head train_loss=0.4356 val_loss=0.8905 val_acc=0.681 val_macro_f1=0.687 lr=[{'group': 'model', 'lr': 0.001}]
[dropout_0_5] epoch 37/80 stage=head train_loss=0.3920 val_loss=0.7857 val_acc=0.759 val_macro_f1=0.768 lr=[{'group': 'model', 'lr': 0.001}]
[dropout_0_5] epoch 38/80 stage=head train_loss=0.3932 val_loss=0.7305 val_acc=0.801 val_macro_f1=0.800 lr=[{'group': 'model', 'lr': 0.001}]
[dropout_0_5] epoch 39/80 stage=head train_loss=0.4166 val_loss=0.6758 val_acc=0.801 val_macro_f1=0.803 lr=[{'group': 'model', 'lr': 0.001}]
[dropout_0_5] epoch 40/80 stage=head train_loss=0.3947 val_loss=1.0181 val_acc=0.620 val_macro_f1=0.582 lr=[{'group': 'model', 'lr': 0.001}]
[dropout_0_5] epoch 41/80 stage=head train_loss=0.3979 val_loss=1.4331 val_acc=0.590 val_macro_f1=0.537 lr=[{'group': 'model', 'lr': 0.001}]
[dropout_0_5] epoch 42/80 stage=head train_loss=0.4251 val_loss=1.3889 val_acc=0.627 val_macro_f1=0.582 lr=[{'group': 'model', 'lr': 0.001}]
[dropout_0_5] epoch 43/80 stage=head train_loss=0.4018 val_loss=1.0767 val_acc=0.687 val_macro_f1=0.694 lr=[{'group': 'model', 'lr': 0.001}]
[dropout_0_5] epoch 44/80 stage=head train_loss=0.3512 val_loss=1.0402 val_acc=0.669 val_macro_f1=0.676 lr=[{'group': 'model', 'lr': 0.001}]
[dropout_0_5] epoch 45/80 stage=head train_loss=0.3207 val_loss=0.8208 val_acc=0.693 val_macro_f1=0.697 lr=[{'group': 'model', 'lr': 0.001}]
[dropout_0_5] epoch 46/80 stage=head train_loss=0.3924 val_loss=0.8832 val_acc=0.699 val_macro_f1=0.679 lr=[{'group': 'model', 'lr': 0.001}]
[dropout_0_5] epoch 47/80 stage=head train_loss=0.4030 val_loss=0.9428 val_acc=0.699 val_macro_f1=0.673 lr=[{'group': 'model', 'lr': 0.001}]
[dropout_0_5] epoch 48/80 stage=head train_loss=0.3412 val_loss=0.6782 val_acc=0.783 val_macro_f1=0.782 lr=[{'group': 'model', 'lr': 0.001}]
[dropout_0_5] epoch 49/80 stage=head train_loss=0.3042 val_loss=0.6815 val_acc=0.795 val_macro_f1=0.799 lr=[{'group': 'model', 'lr': 0.001}]
[dropout_0_5] epoch 50/80 stage=head train_loss=0.2840 val_loss=0.9615 val_acc=0.711 val_macro_f1=0.705 lr=[{'group': 'model', 'lr': 0.001}]
[dropout_0_5] epoch 51/80 stage=head train_loss=0.2415 val_loss=0.8744 val_acc=0.729 val_macro_f1=0.723 lr=[{'group': 'model', 'lr': 0.001}]
[dropout_0_5] epoch 52/80 stage=head train_loss=0.2404 val_loss=0.7244 val_acc=0.747 val_macro_f1=0.752 lr=[{'group': 'model', 'lr': 0.001}]
[dropout_0_5] epoch 53/80 stage=head train_loss=0.2401 val_loss=1.0034 val_acc=0.705 val_macro_f1=0.689 lr=[{'group': 'model', 'lr': 0.001}]
[dropout_0_5] epoch 54/80 stage=head train_loss=0.2321 val_loss=0.6407 val_acc=0.801 val_macro_f1=0.807 lr=[{'group': 'model', 'lr': 0.001}]
[dropout_0_5] epoch 55/80 stage=head train_loss=0.2635 val_loss=1.1937 val_acc=0.620 val_macro_f1=0.618 lr=[{'group': 'model', 'lr': 0.001}]
[dropout_0_5] epoch 56/80 stage=head train_loss=0.3440 val_loss=1.4152 val_acc=0.669 val_macro_f1=0.656 lr=[{'group': 'model', 'lr': 0.001}]
[dropout_0_5] epoch 57/80 stage=head train_loss=0.3019 val_loss=1.4999 val_acc=0.566 val_macro_f1=0.551 lr=[{'group': 'model', 'lr': 0.001}]
[dropout_0_5] epoch 58/80 stage=head train_loss=0.2344 val_loss=1.7280 val_acc=0.500 val_macro_f1=0.460 lr=[{'group': 'model', 'lr': 0.001}]
[dropout_0_5] epoch 59/80 stage=head train_loss=0.2476 val_loss=1.0408 val_acc=0.681 val_macro_f1=0.671 lr=[{'group': 'model', 'lr': 0.001}]
[dropout_0_5] epoch 60/80 stage=head train_loss=0.2854 val_loss=0.5977 val_acc=0.813 val_macro_f1=0.814 lr=[{'group': 'model', 'lr': 0.001}]
[dropout_0_5] epoch 61/80 stage=head train_loss=0.2760 val_loss=0.7003 val_acc=0.819 val_macro_f1=0.818 lr=[{'group': 'model', 'lr': 0.001}]
[dropout_0_5] epoch 62/80 stage=head train_loss=0.2604 val_loss=0.8110 val_acc=0.735 val_macro_f1=0.734 lr=[{'group': 'model', 'lr': 0.001}]
[dropout_0_5] epoch 63/80 stage=head train_loss=0.2439 val_loss=0.7389 val_acc=0.747 val_macro_f1=0.739 lr=[{'group': 'model', 'lr': 0.001}]
[dropout_0_5] epoch 64/80 stage=head train_loss=0.2069 val_loss=0.5968 val_acc=0.825 val_macro_f1=0.824 lr=[{'group': 'model', 'lr': 0.001}]
[dropout_0_5] epoch 65/80 stage=head train_loss=0.1825 val_loss=0.7017 val_acc=0.777 val_macro_f1=0.783 lr=[{'group': 'model', 'lr': 0.001}]
[dropout_0_5] epoch 66/80 stage=head train_loss=0.1461 val_loss=0.6100 val_acc=0.837 val_macro_f1=0.839 lr=[{'group': 'model', 'lr': 0.001}]
[dropout_0_5] epoch 67/80 stage=head train_loss=0.1561 val_loss=0.7104 val_acc=0.795 val_macro_f1=0.804 lr=[{'group': 'model', 'lr': 0.001}]
[dropout_0_5] epoch 68/80 stage=head train_loss=0.1501 val_loss=0.7724 val_acc=0.765 val_macro_f1=0.765 lr=[{'group': 'model', 'lr': 0.001}]
[dropout_0_5] epoch 69/80 stage=head train_loss=0.1380 val_loss=0.5993 val_acc=0.825 val_macro_f1=0.826 lr=[{'group': 'model', 'lr': 0.001}]
[dropout_0_5] epoch 70/80 stage=head train_loss=0.1441 val_loss=0.5154 val_acc=0.873 val_macro_f1=0.870 lr=[{'group': 'model', 'lr': 0.001}]
[dropout_0_5] epoch 71/80 stage=head train_loss=0.1389 val_loss=0.7927 val_acc=0.801 val_macro_f1=0.791 lr=[{'group': 'model', 'lr': 0.001}]
[dropout_0_5] epoch 72/80 stage=head train_loss=0.1570 val_loss=0.8639 val_acc=0.759 val_macro_f1=0.749 lr=[{'group': 'model', 'lr': 0.001}]
[dropout_0_5] epoch 73/80 stage=head train_loss=0.1400 val_loss=0.9295 val_acc=0.759 val_macro_f1=0.741 lr=[{'group': 'model', 'lr': 0.001}]
[dropout_0_5] epoch 74/80 stage=head train_loss=0.1565 val_loss=0.7857 val_acc=0.777 val_macro_f1=0.770 lr=[{'group': 'model', 'lr': 0.001}]
[dropout_0_5] epoch 75/80 stage=head train_loss=0.1401 val_loss=0.5575 val_acc=0.855 val_macro_f1=0.852 lr=[{'group': 'model', 'lr': 0.001}]
[dropout_0_5] epoch 76/80 stage=head train_loss=0.1472 val_loss=0.6360 val_acc=0.825 val_macro_f1=0.829 lr=[{'group': 'model', 'lr': 0.001}]
[dropout_0_5] epoch 77/80 stage=head train_loss=0.1060 val_loss=0.5714 val_acc=0.849 val_macro_f1=0.851 lr=[{'group': 'model', 'lr': 0.001}]
[dropout_0_5] epoch 78/80 stage=head train_loss=0.1242 val_loss=0.5523 val_acc=0.861 val_macro_f1=0.862 lr=[{'group': 'model', 'lr': 0.001}]
[dropout_0_5] epoch 79/80 stage=head train_loss=0.0857 val_loss=0.6685 val_acc=0.819 val_macro_f1=0.815 lr=[{'group': 'model', 'lr': 0.001}]
[dropout_0_5] epoch 80/80 stage=head train_loss=0.0992 val_loss=0.5169 val_acc=0.861 val_macro_f1=0.862 lr=[{'group': 'model', 'lr': 0.001}]

Running Average pooling [avg_pool]
[avg_pool] rolling checkpoint is from a different configuration; starting fresh
[avg_pool] epoch 01/80 stage=head train_loss=1.9566 val_loss=1.9752 val_acc=0.295 val_macro_f1=0.185 lr=[{'group': 'model', 'lr': 0.001}]
[avg_pool] epoch 02/80 stage=head train_loss=1.7714 val_loss=1.9175 val_acc=0.283 val_macro_f1=0.165 lr=[{'group': 'model', 'lr': 0.001}]
[avg_pool] epoch 03/80 stage=head train_loss=1.6748 val_loss=1.8240 val_acc=0.295 val_macro_f1=0.201 lr=[{'group': 'model', 'lr': 0.001}]
[avg_pool] epoch 04/80 stage=head train_loss=1.5857 val_loss=1.6959 val_acc=0.337 val_macro_f1=0.259 lr=[{'group': 'model', 'lr': 0.001}]
[avg_pool] epoch 05/80 stage=head train_loss=1.5310 val_loss=1.6694 val_acc=0.373 val_macro_f1=0.276 lr=[{'group': 'model', 'lr': 0.001}]
[avg_pool] epoch 06/80 stage=head train_loss=1.4564 val_loss=1.6070 val_acc=0.446 val_macro_f1=0.424 lr=[{'group': 'model', 'lr': 0.001}]
[avg_pool] epoch 07/80 stage=head train_loss=1.3857 val_loss=1.8510 val_acc=0.349 val_macro_f1=0.237 lr=[{'group': 'model', 'lr': 0.001}]
[avg_pool] epoch 08/80 stage=head train_loss=1.3335 val_loss=1.4963 val_acc=0.440 val_macro_f1=0.367 lr=[{'group': 'model', 'lr': 0.001}]
[avg_pool] epoch 09/80 stage=head train_loss=1.2912 val_loss=1.5693 val_acc=0.446 val_macro_f1=0.395 lr=[{'group': 'model', 'lr': 0.001}]
[avg_pool] epoch 10/80 stage=head train_loss=1.2818 val_loss=1.4334 val_acc=0.500 val_macro_f1=0.498 lr=[{'group': 'model', 'lr': 0.001}]
[avg_pool] epoch 11/80 stage=head train_loss=1.2490 val_loss=1.6319 val_acc=0.476 val_macro_f1=0.442 lr=[{'group': 'model', 'lr': 0.001}]
[avg_pool] epoch 12/80 stage=head train_loss=1.2383 val_loss=1.6104 val_acc=0.428 val_macro_f1=0.374 lr=[{'group': 'model', 'lr': 0.001}]
[avg_pool] epoch 13/80 stage=head train_loss=1.2188 val_loss=1.2566 val_acc=0.572 val_macro_f1=0.548 lr=[{'group': 'model', 'lr': 0.001}]
[avg_pool] epoch 14/80 stage=head train_loss=1.1461 val_loss=1.2793 val_acc=0.608 val_macro_f1=0.601 lr=[{'group': 'model', 'lr': 0.001}]
[avg_pool] epoch 15/80 stage=head train_loss=1.0710 val_loss=1.2842 val_acc=0.536 val_macro_f1=0.524 lr=[{'group': 'model', 'lr': 0.001}]
[avg_pool] epoch 16/80 stage=head train_loss=1.0737 val_loss=1.2120 val_acc=0.578 val_macro_f1=0.553 lr=[{'group': 'model', 'lr': 0.001}]
[avg_pool] epoch 17/80 stage=head train_loss=1.0158 val_loss=1.1972 val_acc=0.578 val_macro_f1=0.551 lr=[{'group': 'model', 'lr': 0.001}]
[avg_pool] epoch 18/80 stage=head train_loss=0.9571 val_loss=1.3299 val_acc=0.524 val_macro_f1=0.494 lr=[{'group': 'model', 'lr': 0.001}]
[avg_pool] epoch 19/80 stage=head train_loss=0.9481 val_loss=1.2673 val_acc=0.518 val_macro_f1=0.480 lr=[{'group': 'model', 'lr': 0.001}]
[avg_pool] epoch 20/80 stage=head train_loss=0.8996 val_loss=1.2008 val_acc=0.584 val_macro_f1=0.593 lr=[{'group': 'model', 'lr': 0.001}]
[avg_pool] epoch 21/80 stage=head train_loss=0.8814 val_loss=1.3764 val_acc=0.494 val_macro_f1=0.455 lr=[{'group': 'model', 'lr': 0.001}]
[avg_pool] epoch 22/80 stage=head train_loss=0.8565 val_loss=1.5456 val_acc=0.530 val_macro_f1=0.485 lr=[{'group': 'model', 'lr': 0.001}]
[avg_pool] epoch 23/80 stage=head train_loss=0.8593 val_loss=1.0736 val_acc=0.663 val_macro_f1=0.649 lr=[{'group': 'model', 'lr': 0.001}]
[avg_pool] epoch 24/80 stage=head train_loss=0.8138 val_loss=0.9735 val_acc=0.657 val_macro_f1=0.659 lr=[{'group': 'model', 'lr': 0.001}]
[avg_pool] epoch 25/80 stage=head train_loss=0.7484 val_loss=1.0962 val_acc=0.614 val_macro_f1=0.586 lr=[{'group': 'model', 'lr': 0.001}]
[avg_pool] epoch 26/80 stage=head train_loss=0.7189 val_loss=1.0055 val_acc=0.663 val_macro_f1=0.668 lr=[{'group': 'model', 'lr': 0.001}]
[avg_pool] epoch 27/80 stage=head train_loss=0.6956 val_loss=1.2542 val_acc=0.578 val_macro_f1=0.558 lr=[{'group': 'model', 'lr': 0.001}]
[avg_pool] epoch 28/80 stage=head train_loss=0.6620 val_loss=1.2436 val_acc=0.620 val_macro_f1=0.623 lr=[{'group': 'model', 'lr': 0.001}]
[avg_pool] epoch 29/80 stage=head train_loss=0.6920 val_loss=1.4594 val_acc=0.530 val_macro_f1=0.490 lr=[{'group': 'model', 'lr': 0.001}]
[avg_pool] epoch 30/80 stage=head train_loss=0.6838 val_loss=1.0142 val_acc=0.651 val_macro_f1=0.627 lr=[{'group': 'model', 'lr': 0.001}]
[avg_pool] epoch 31/80 stage=head train_loss=0.5803 val_loss=1.0178 val_acc=0.687 val_macro_f1=0.684 lr=[{'group': 'model', 'lr': 0.001}]
[avg_pool] epoch 32/80 stage=head train_loss=0.5876 val_loss=0.8855 val_acc=0.717 val_macro_f1=0.723 lr=[{'group': 'model', 'lr': 0.001}]
[avg_pool] epoch 33/80 stage=head train_loss=0.5559 val_loss=1.0775 val_acc=0.639 val_macro_f1=0.641 lr=[{'group': 'model', 'lr': 0.001}]
[avg_pool] epoch 34/80 stage=head train_loss=0.5490 val_loss=1.0999 val_acc=0.645 val_macro_f1=0.632 lr=[{'group': 'model', 'lr': 0.001}]
[avg_pool] epoch 35/80 stage=head train_loss=0.4982 val_loss=1.4061 val_acc=0.536 val_macro_f1=0.539 lr=[{'group': 'model', 'lr': 0.001}]
[avg_pool] epoch 36/80 stage=head train_loss=0.4563 val_loss=1.1805 val_acc=0.620 val_macro_f1=0.578 lr=[{'group': 'model', 'lr': 0.001}]
[avg_pool] epoch 37/80 stage=head train_loss=0.4242 val_loss=0.9156 val_acc=0.729 val_macro_f1=0.730 lr=[{'group': 'model', 'lr': 0.001}]
[avg_pool] epoch 38/80 stage=head train_loss=0.4016 val_loss=1.0278 val_acc=0.693 val_macro_f1=0.687 lr=[{'group': 'model', 'lr': 0.001}]
[avg_pool] epoch 39/80 stage=head train_loss=0.4306 val_loss=1.0669 val_acc=0.645 val_macro_f1=0.638 lr=[{'group': 'model', 'lr': 0.001}]
[avg_pool] epoch 40/80 stage=head train_loss=0.4492 val_loss=1.0955 val_acc=0.705 val_macro_f1=0.694 lr=[{'group': 'model', 'lr': 0.001}]
[avg_pool] epoch 41/80 stage=head train_loss=0.4015 val_loss=0.7552 val_acc=0.741 val_macro_f1=0.728 lr=[{'group': 'model', 'lr': 0.001}]
[avg_pool] epoch 42/80 stage=head train_loss=0.3720 val_loss=0.9451 val_acc=0.699 val_macro_f1=0.689 lr=[{'group': 'model', 'lr': 0.001}]
[avg_pool] epoch 43/80 stage=head train_loss=0.3809 val_loss=1.2269 val_acc=0.584 val_macro_f1=0.565 lr=[{'group': 'model', 'lr': 0.001}]
[avg_pool] epoch 44/80 stage=head train_loss=0.3610 val_loss=1.0411 val_acc=0.711 val_macro_f1=0.716 lr=[{'group': 'model', 'lr': 0.001}]
[avg_pool] epoch 45/80 stage=head train_loss=0.3394 val_loss=1.4580 val_acc=0.627 val_macro_f1=0.591 lr=[{'group': 'model', 'lr': 0.001}]
[avg_pool] epoch 46/80 stage=head train_loss=0.3239 val_loss=1.2310 val_acc=0.596 val_macro_f1=0.608 lr=[{'group': 'model', 'lr': 0.001}]
[avg_pool] epoch 47/80 stage=head train_loss=0.4284 val_loss=1.1037 val_acc=0.657 val_macro_f1=0.641 lr=[{'group': 'model', 'lr': 0.001}]
[avg_pool] epoch 48/80 stage=head train_loss=0.3640 val_loss=1.3324 val_acc=0.627 val_macro_f1=0.614 lr=[{'group': 'model', 'lr': 0.001}]
[avg_pool] epoch 49/80 stage=head train_loss=0.3196 val_loss=0.8805 val_acc=0.711 val_macro_f1=0.712 lr=[{'group': 'model', 'lr': 0.001}]
[avg_pool] epoch 50/80 stage=head train_loss=0.3022 val_loss=0.9098 val_acc=0.747 val_macro_f1=0.745 lr=[{'group': 'model', 'lr': 0.001}]
[avg_pool] epoch 51/80 stage=head train_loss=0.2533 val_loss=0.8530 val_acc=0.735 val_macro_f1=0.740 lr=[{'group': 'model', 'lr': 0.001}]
[avg_pool] epoch 52/80 stage=head train_loss=0.2299 val_loss=0.7055 val_acc=0.771 val_macro_f1=0.774 lr=[{'group': 'model', 'lr': 0.001}]
[avg_pool] epoch 53/80 stage=head train_loss=0.2348 val_loss=0.7065 val_acc=0.789 val_macro_f1=0.785 lr=[{'group': 'model', 'lr': 0.001}]
[avg_pool] epoch 54/80 stage=head train_loss=0.1896 val_loss=0.6971 val_acc=0.795 val_macro_f1=0.801 lr=[{'group': 'model', 'lr': 0.001}]
[avg_pool] epoch 55/80 stage=head train_loss=0.2765 val_loss=0.8688 val_acc=0.741 val_macro_f1=0.745 lr=[{'group': 'model', 'lr': 0.001}]
[avg_pool] epoch 56/80 stage=head train_loss=0.2973 val_loss=2.6465 val_acc=0.452 val_macro_f1=0.443 lr=[{'group': 'model', 'lr': 0.001}]
[avg_pool] epoch 57/80 stage=head train_loss=0.2680 val_loss=1.0234 val_acc=0.717 val_macro_f1=0.700 lr=[{'group': 'model', 'lr': 0.001}]
[avg_pool] epoch 58/80 stage=head train_loss=0.2133 val_loss=1.0094 val_acc=0.687 val_macro_f1=0.689 lr=[{'group': 'model', 'lr': 0.001}]
[avg_pool] epoch 59/80 stage=head train_loss=0.2277 val_loss=0.8169 val_acc=0.777 val_macro_f1=0.777 lr=[{'group': 'model', 'lr': 0.001}]
[avg_pool] epoch 60/80 stage=head train_loss=0.2168 val_loss=0.9369 val_acc=0.711 val_macro_f1=0.685 lr=[{'group': 'model', 'lr': 0.001}]
[avg_pool] epoch 61/80 stage=head train_loss=0.2149 val_loss=0.7800 val_acc=0.777 val_macro_f1=0.758 lr=[{'group': 'model', 'lr': 0.001}]
[avg_pool] epoch 62/80 stage=head train_loss=0.1791 val_loss=0.8495 val_acc=0.741 val_macro_f1=0.719 lr=[{'group': 'model', 'lr': 0.001}]
[avg_pool] epoch 63/80 stage=head train_loss=0.1655 val_loss=0.8124 val_acc=0.753 val_macro_f1=0.750 lr=[{'group': 'model', 'lr': 0.001}]
[avg_pool] epoch 64/80 stage=head train_loss=0.1776 val_loss=1.0774 val_acc=0.723 val_macro_f1=0.711 lr=[{'group': 'model', 'lr': 0.001}]
[avg_pool] epoch 65/80 stage=head train_loss=0.1980 val_loss=0.7603 val_acc=0.747 val_macro_f1=0.744 lr=[{'group': 'model', 'lr': 0.001}]
[avg_pool] epoch 66/80 stage=head train_loss=0.1974 val_loss=0.9719 val_acc=0.741 val_macro_f1=0.736 lr=[{'group': 'model', 'lr': 0.001}]
[avg_pool] epoch 67/80 stage=head train_loss=0.1848 val_loss=0.8562 val_acc=0.735 val_macro_f1=0.739 lr=[{'group': 'model', 'lr': 0.001}]
[avg_pool] epoch 68/80 stage=head train_loss=0.1457 val_loss=0.7235 val_acc=0.825 val_macro_f1=0.825 lr=[{'group': 'model', 'lr': 0.001}]
[avg_pool] epoch 69/80 stage=head train_loss=0.1232 val_loss=0.7738 val_acc=0.753 val_macro_f1=0.741 lr=[{'group': 'model', 'lr': 0.001}]
[avg_pool] epoch 70/80 stage=head train_loss=0.1228 val_loss=0.7304 val_acc=0.783 val_macro_f1=0.788 lr=[{'group': 'model', 'lr': 0.001}]
[avg_pool] epoch 71/80 stage=head train_loss=0.1127 val_loss=0.6662 val_acc=0.807 val_macro_f1=0.810 lr=[{'group': 'model', 'lr': 0.001}]
[avg_pool] epoch 72/80 stage=head train_loss=0.0949 val_loss=0.7171 val_acc=0.789 val_macro_f1=0.789 lr=[{'group': 'model', 'lr': 0.001}]
[avg_pool] epoch 73/80 stage=head train_loss=0.1057 val_loss=0.9797 val_acc=0.753 val_macro_f1=0.747 lr=[{'group': 'model', 'lr': 0.001}]
[avg_pool] epoch 74/80 stage=head train_loss=0.1112 val_loss=0.9137 val_acc=0.747 val_macro_f1=0.749 lr=[{'group': 'model', 'lr': 0.001}]
[avg_pool] epoch 75/80 stage=head train_loss=0.0995 val_loss=0.7716 val_acc=0.819 val_macro_f1=0.818 lr=[{'group': 'model', 'lr': 0.001}]
[avg_pool] epoch 76/80 stage=head train_loss=0.1070 val_loss=1.0111 val_acc=0.717 val_macro_f1=0.660 lr=[{'group': 'model', 'lr': 0.001}]
[avg_pool] epoch 77/80 stage=head train_loss=0.0865 val_loss=0.7047 val_acc=0.807 val_macro_f1=0.808 lr=[{'group': 'model', 'lr': 0.001}]
[avg_pool] epoch 78/80 stage=head train_loss=0.0913 val_loss=0.7748 val_acc=0.765 val_macro_f1=0.768 lr=[{'group': 'model', 'lr': 0.001}]
[avg_pool] epoch 79/80 stage=head train_loss=0.0807 val_loss=0.6519 val_acc=0.813 val_macro_f1=0.817 lr=[{'group': 'model', 'lr': 0.001}]
[avg_pool] epoch 80/80 stage=head train_loss=0.0744 val_loss=0.6126 val_acc=0.831 val_macro_f1=0.833 lr=[{'group': 'model', 'lr': 0.001}]

Running Weight decay 1e-4 [weight_decay_1e-4]
[weight_decay_1e-4] rolling checkpoint is from a different configuration; starting fresh
[weight_decay_1e-4] epoch 01/80 stage=head train_loss=1.9473 val_loss=1.8970 val_acc=0.295 val_macro_f1=0.212 lr=[{'group': 'model', 'lr': 0.001}]
[weight_decay_1e-4] epoch 02/80 stage=head train_loss=1.7492 val_loss=1.8680 val_acc=0.289 val_macro_f1=0.179 lr=[{'group': 'model', 'lr': 0.001}]
[weight_decay_1e-4] epoch 03/80 stage=head train_loss=1.6469 val_loss=1.6880 val_acc=0.343 val_macro_f1=0.278 lr=[{'group': 'model', 'lr': 0.001}]
[weight_decay_1e-4] epoch 04/80 stage=head train_loss=1.5591 val_loss=1.5610 val_acc=0.458 val_macro_f1=0.437 lr=[{'group': 'model', 'lr': 0.001}]
[weight_decay_1e-4] epoch 05/80 stage=head train_loss=1.4822 val_loss=1.5830 val_acc=0.422 val_macro_f1=0.347 lr=[{'group': 'model', 'lr': 0.001}]
[weight_decay_1e-4] epoch 06/80 stage=head train_loss=1.4019 val_loss=1.5072 val_acc=0.452 val_macro_f1=0.427 lr=[{'group': 'model', 'lr': 0.001}]
[weight_decay_1e-4] epoch 07/80 stage=head train_loss=1.3713 val_loss=1.9722 val_acc=0.392 val_macro_f1=0.326 lr=[{'group': 'model', 'lr': 0.001}]
[weight_decay_1e-4] epoch 08/80 stage=head train_loss=1.2868 val_loss=1.5562 val_acc=0.452 val_macro_f1=0.412 lr=[{'group': 'model', 'lr': 0.001}]
[weight_decay_1e-4] epoch 09/80 stage=head train_loss=1.2353 val_loss=1.3878 val_acc=0.518 val_macro_f1=0.505 lr=[{'group': 'model', 'lr': 0.001}]
[weight_decay_1e-4] epoch 10/80 stage=head train_loss=1.1965 val_loss=1.3099 val_acc=0.560 val_macro_f1=0.562 lr=[{'group': 'model', 'lr': 0.001}]
[weight_decay_1e-4] epoch 11/80 stage=head train_loss=1.1328 val_loss=1.5048 val_acc=0.512 val_macro_f1=0.474 lr=[{'group': 'model', 'lr': 0.001}]
[weight_decay_1e-4] epoch 12/80 stage=head train_loss=1.0850 val_loss=1.5267 val_acc=0.458 val_macro_f1=0.431 lr=[{'group': 'model', 'lr': 0.001}]
[weight_decay_1e-4] epoch 13/80 stage=head train_loss=1.1962 val_loss=1.7384 val_acc=0.464 val_macro_f1=0.464 lr=[{'group': 'model', 'lr': 0.001}]
[weight_decay_1e-4] epoch 14/80 stage=head train_loss=1.1367 val_loss=1.1887 val_acc=0.590 val_macro_f1=0.586 lr=[{'group': 'model', 'lr': 0.001}]
[weight_decay_1e-4] epoch 15/80 stage=head train_loss=1.0357 val_loss=1.3029 val_acc=0.566 val_macro_f1=0.563 lr=[{'group': 'model', 'lr': 0.001}]
[weight_decay_1e-4] epoch 16/80 stage=head train_loss=0.9504 val_loss=1.4269 val_acc=0.488 val_macro_f1=0.469 lr=[{'group': 'model', 'lr': 0.001}]
[weight_decay_1e-4] epoch 17/80 stage=head train_loss=0.9330 val_loss=1.4336 val_acc=0.542 val_macro_f1=0.519 lr=[{'group': 'model', 'lr': 0.001}]
[weight_decay_1e-4] epoch 18/80 stage=head train_loss=0.8302 val_loss=1.1030 val_acc=0.590 val_macro_f1=0.561 lr=[{'group': 'model', 'lr': 0.001}]
[weight_decay_1e-4] epoch 19/80 stage=head train_loss=0.8254 val_loss=1.4843 val_acc=0.494 val_macro_f1=0.456 lr=[{'group': 'model', 'lr': 0.001}]
[weight_decay_1e-4] epoch 20/80 stage=head train_loss=0.7951 val_loss=1.1857 val_acc=0.578 val_macro_f1=0.572 lr=[{'group': 'model', 'lr': 0.001}]
[weight_decay_1e-4] epoch 21/80 stage=head train_loss=0.7322 val_loss=1.0116 val_acc=0.633 val_macro_f1=0.617 lr=[{'group': 'model', 'lr': 0.001}]
[weight_decay_1e-4] epoch 22/80 stage=head train_loss=0.6577 val_loss=1.2611 val_acc=0.542 val_macro_f1=0.530 lr=[{'group': 'model', 'lr': 0.001}]
[weight_decay_1e-4] epoch 23/80 stage=head train_loss=0.7005 val_loss=1.1468 val_acc=0.548 val_macro_f1=0.503 lr=[{'group': 'model', 'lr': 0.001}]
[weight_decay_1e-4] epoch 24/80 stage=head train_loss=0.6274 val_loss=1.0666 val_acc=0.663 val_macro_f1=0.651 lr=[{'group': 'model', 'lr': 0.001}]
[weight_decay_1e-4] epoch 25/80 stage=head train_loss=0.5637 val_loss=1.1421 val_acc=0.608 val_macro_f1=0.607 lr=[{'group': 'model', 'lr': 0.001}]
[weight_decay_1e-4] epoch 26/80 stage=head train_loss=0.5853 val_loss=0.8432 val_acc=0.753 val_macro_f1=0.755 lr=[{'group': 'model', 'lr': 0.001}]
[weight_decay_1e-4] epoch 27/80 stage=head train_loss=0.5188 val_loss=1.1937 val_acc=0.620 val_macro_f1=0.571 lr=[{'group': 'model', 'lr': 0.001}]
[weight_decay_1e-4] epoch 28/80 stage=head train_loss=0.5571 val_loss=1.4667 val_acc=0.554 val_macro_f1=0.537 lr=[{'group': 'model', 'lr': 0.001}]
[weight_decay_1e-4] epoch 29/80 stage=head train_loss=0.5223 val_loss=1.2017 val_acc=0.608 val_macro_f1=0.611 lr=[{'group': 'model', 'lr': 0.001}]
[weight_decay_1e-4] epoch 30/80 stage=head train_loss=0.4746 val_loss=0.9130 val_acc=0.699 val_macro_f1=0.696 lr=[{'group': 'model', 'lr': 0.001}]
[weight_decay_1e-4] epoch 31/80 stage=head train_loss=0.4457 val_loss=1.4705 val_acc=0.536 val_macro_f1=0.548 lr=[{'group': 'model', 'lr': 0.001}]
[weight_decay_1e-4] epoch 32/80 stage=head train_loss=0.4395 val_loss=1.0693 val_acc=0.651 val_macro_f1=0.641 lr=[{'group': 'model', 'lr': 0.001}]
[weight_decay_1e-4] epoch 33/80 stage=head train_loss=0.4757 val_loss=1.1828 val_acc=0.614 val_macro_f1=0.608 lr=[{'group': 'model', 'lr': 0.001}]
[weight_decay_1e-4] epoch 34/80 stage=head train_loss=0.4095 val_loss=1.4075 val_acc=0.518 val_macro_f1=0.445 lr=[{'group': 'model', 'lr': 0.001}]
[weight_decay_1e-4] epoch 35/80 stage=head train_loss=0.4030 val_loss=0.8798 val_acc=0.711 val_macro_f1=0.701 lr=[{'group': 'model', 'lr': 0.001}]
[weight_decay_1e-4] epoch 36/80 stage=head train_loss=0.3275 val_loss=0.8050 val_acc=0.753 val_macro_f1=0.754 lr=[{'group': 'model', 'lr': 0.001}]
[weight_decay_1e-4] epoch 37/80 stage=head train_loss=0.3417 val_loss=0.8083 val_acc=0.741 val_macro_f1=0.743 lr=[{'group': 'model', 'lr': 0.001}]
[weight_decay_1e-4] epoch 38/80 stage=head train_loss=0.2985 val_loss=0.7888 val_acc=0.753 val_macro_f1=0.748 lr=[{'group': 'model', 'lr': 0.001}]
[weight_decay_1e-4] epoch 39/80 stage=head train_loss=0.2876 val_loss=0.7693 val_acc=0.759 val_macro_f1=0.759 lr=[{'group': 'model', 'lr': 0.001}]
[weight_decay_1e-4] epoch 40/80 stage=head train_loss=0.3064 val_loss=0.8283 val_acc=0.723 val_macro_f1=0.731 lr=[{'group': 'model', 'lr': 0.001}]
[weight_decay_1e-4] epoch 41/80 stage=head train_loss=0.2567 val_loss=0.7548 val_acc=0.777 val_macro_f1=0.765 lr=[{'group': 'model', 'lr': 0.001}]
[weight_decay_1e-4] epoch 42/80 stage=head train_loss=0.2753 val_loss=1.0012 val_acc=0.675 val_macro_f1=0.662 lr=[{'group': 'model', 'lr': 0.001}]
[weight_decay_1e-4] epoch 43/80 stage=head train_loss=0.3073 val_loss=1.3132 val_acc=0.633 val_macro_f1=0.638 lr=[{'group': 'model', 'lr': 0.001}]
[weight_decay_1e-4] epoch 44/80 stage=head train_loss=0.3047 val_loss=0.8529 val_acc=0.753 val_macro_f1=0.759 lr=[{'group': 'model', 'lr': 0.001}]
[weight_decay_1e-4] epoch 45/80 stage=head train_loss=0.2582 val_loss=0.9450 val_acc=0.735 val_macro_f1=0.718 lr=[{'group': 'model', 'lr': 0.001}]
[weight_decay_1e-4] epoch 46/80 stage=head train_loss=0.2732 val_loss=0.8922 val_acc=0.693 val_macro_f1=0.697 lr=[{'group': 'model', 'lr': 0.001}]
[weight_decay_1e-4] epoch 47/80 stage=head train_loss=0.3039 val_loss=1.2234 val_acc=0.633 val_macro_f1=0.648 lr=[{'group': 'model', 'lr': 0.001}]
[weight_decay_1e-4] epoch 48/80 stage=head train_loss=0.2771 val_loss=0.5962 val_acc=0.801 val_macro_f1=0.800 lr=[{'group': 'model', 'lr': 0.001}]
[weight_decay_1e-4] epoch 49/80 stage=head train_loss=0.2161 val_loss=1.0376 val_acc=0.699 val_macro_f1=0.691 lr=[{'group': 'model', 'lr': 0.001}]
[weight_decay_1e-4] epoch 50/80 stage=head train_loss=0.2085 val_loss=0.8615 val_acc=0.759 val_macro_f1=0.753 lr=[{'group': 'model', 'lr': 0.001}]
[weight_decay_1e-4] epoch 51/80 stage=head train_loss=0.1488 val_loss=0.8978 val_acc=0.753 val_macro_f1=0.758 lr=[{'group': 'model', 'lr': 0.001}]
[weight_decay_1e-4] epoch 52/80 stage=head train_loss=0.1538 val_loss=0.7415 val_acc=0.783 val_macro_f1=0.792 lr=[{'group': 'model', 'lr': 0.001}]
[weight_decay_1e-4] epoch 53/80 stage=head train_loss=0.1466 val_loss=1.1357 val_acc=0.657 val_macro_f1=0.643 lr=[{'group': 'model', 'lr': 0.001}]
[weight_decay_1e-4] epoch 54/80 stage=head train_loss=0.1884 val_loss=1.1044 val_acc=0.693 val_macro_f1=0.651 lr=[{'group': 'model', 'lr': 0.001}]
[weight_decay_1e-4] epoch 55/80 stage=head train_loss=0.2900 val_loss=1.6821 val_acc=0.566 val_macro_f1=0.533 lr=[{'group': 'model', 'lr': 0.001}]
[weight_decay_1e-4] epoch 56/80 stage=head train_loss=0.3154 val_loss=1.9216 val_acc=0.536 val_macro_f1=0.522 lr=[{'group': 'model', 'lr': 0.001}]
[weight_decay_1e-4] epoch 57/80 stage=head train_loss=0.2677 val_loss=1.0459 val_acc=0.717 val_macro_f1=0.713 lr=[{'group': 'model', 'lr': 0.001}]
[weight_decay_1e-4] epoch 58/80 stage=head train_loss=0.1750 val_loss=0.7375 val_acc=0.813 val_macro_f1=0.813 lr=[{'group': 'model', 'lr': 0.001}]
[weight_decay_1e-4] epoch 59/80 stage=head train_loss=0.1953 val_loss=0.7386 val_acc=0.777 val_macro_f1=0.771 lr=[{'group': 'model', 'lr': 0.001}]
[weight_decay_1e-4] epoch 60/80 stage=head train_loss=0.1940 val_loss=0.6647 val_acc=0.813 val_macro_f1=0.814 lr=[{'group': 'model', 'lr': 0.001}]
[weight_decay_1e-4] epoch 61/80 stage=head train_loss=0.2474 val_loss=0.6894 val_acc=0.813 val_macro_f1=0.804 lr=[{'group': 'model', 'lr': 0.001}]
[weight_decay_1e-4] epoch 62/80 stage=head train_loss=0.1688 val_loss=1.1080 val_acc=0.747 val_macro_f1=0.748 lr=[{'group': 'model', 'lr': 0.001}]
[weight_decay_1e-4] epoch 63/80 stage=head train_loss=0.2318 val_loss=0.7593 val_acc=0.813 val_macro_f1=0.811 lr=[{'group': 'model', 'lr': 0.001}]
[weight_decay_1e-4] epoch 64/80 stage=head train_loss=0.1845 val_loss=1.3495 val_acc=0.657 val_macro_f1=0.671 lr=[{'group': 'model', 'lr': 0.001}]
[weight_decay_1e-4] epoch 65/80 stage=head train_loss=0.2099 val_loss=1.5595 val_acc=0.627 val_macro_f1=0.605 lr=[{'group': 'model', 'lr': 0.001}]
[weight_decay_1e-4] epoch 66/80 stage=head train_loss=0.1450 val_loss=0.6897 val_acc=0.813 val_macro_f1=0.816 lr=[{'group': 'model', 'lr': 0.001}]
[weight_decay_1e-4] epoch 67/80 stage=head train_loss=0.1353 val_loss=0.6672 val_acc=0.801 val_macro_f1=0.805 lr=[{'group': 'model', 'lr': 0.001}]
[weight_decay_1e-4] epoch 68/80 stage=head train_loss=0.1189 val_loss=0.7354 val_acc=0.753 val_macro_f1=0.757 lr=[{'group': 'model', 'lr': 0.001}]
[weight_decay_1e-4] epoch 69/80 stage=head train_loss=0.1000 val_loss=0.6420 val_acc=0.813 val_macro_f1=0.811 lr=[{'group': 'model', 'lr': 0.001}]
[weight_decay_1e-4] epoch 70/80 stage=head train_loss=0.1050 val_loss=0.6219 val_acc=0.837 val_macro_f1=0.838 lr=[{'group': 'model', 'lr': 0.001}]
[weight_decay_1e-4] epoch 71/80 stage=head train_loss=0.1064 val_loss=0.5880 val_acc=0.843 val_macro_f1=0.844 lr=[{'group': 'model', 'lr': 0.001}]
[weight_decay_1e-4] epoch 72/80 stage=head train_loss=0.0858 val_loss=0.8514 val_acc=0.765 val_macro_f1=0.773 lr=[{'group': 'model', 'lr': 0.001}]
[weight_decay_1e-4] epoch 73/80 stage=head train_loss=0.0697 val_loss=0.5988 val_acc=0.819 val_macro_f1=0.820 lr=[{'group': 'model', 'lr': 0.001}]
[weight_decay_1e-4] epoch 74/80 stage=head train_loss=0.0942 val_loss=0.7811 val_acc=0.813 val_macro_f1=0.810 lr=[{'group': 'model', 'lr': 0.001}]
[weight_decay_1e-4] epoch 75/80 stage=head train_loss=0.0732 val_loss=0.7287 val_acc=0.807 val_macro_f1=0.806 lr=[{'group': 'model', 'lr': 0.001}]
[weight_decay_1e-4] epoch 76/80 stage=head train_loss=0.0727 val_loss=0.5906 val_acc=0.831 val_macro_f1=0.831 lr=[{'group': 'model', 'lr': 0.001}]
[weight_decay_1e-4] epoch 77/80 stage=head train_loss=0.0626 val_loss=0.6562 val_acc=0.849 val_macro_f1=0.851 lr=[{'group': 'model', 'lr': 0.001}]
[weight_decay_1e-4] epoch 78/80 stage=head train_loss=0.0756 val_loss=0.6307 val_acc=0.873 val_macro_f1=0.872 lr=[{'group': 'model', 'lr': 0.001}]
[weight_decay_1e-4] epoch 79/80 stage=head train_loss=0.0570 val_loss=0.6203 val_acc=0.861 val_macro_f1=0.860 lr=[{'group': 'model', 'lr': 0.001}]
[weight_decay_1e-4] epoch 80/80 stage=head train_loss=0.0594 val_loss=0.6204 val_acc=0.867 val_macro_f1=0.870 lr=[{'group': 'model', 'lr': 0.001}]

Running StepLR [step_lr]
[step_lr] rolling checkpoint is from a different configuration; starting fresh
[step_lr] epoch 01/80 stage=head train_loss=1.9474 val_loss=1.8972 val_acc=0.295 val_macro_f1=0.212 lr=[{'group': 'model', 'lr': 0.001}]
[step_lr] epoch 02/80 stage=head train_loss=1.7494 val_loss=1.8700 val_acc=0.289 val_macro_f1=0.179 lr=[{'group': 'model', 'lr': 0.001}]
[step_lr] epoch 03/80 stage=head train_loss=1.6470 val_loss=1.6871 val_acc=0.349 val_macro_f1=0.283 lr=[{'group': 'model', 'lr': 0.001}]
[step_lr] epoch 04/80 stage=head train_loss=1.5591 val_loss=1.5610 val_acc=0.476 val_macro_f1=0.453 lr=[{'group': 'model', 'lr': 0.001}]
[step_lr] epoch 05/80 stage=head train_loss=1.4816 val_loss=1.5810 val_acc=0.410 val_macro_f1=0.338 lr=[{'group': 'model', 'lr': 0.001}]
[step_lr] epoch 06/80 stage=head train_loss=1.3994 val_loss=1.5195 val_acc=0.458 val_macro_f1=0.437 lr=[{'group': 'model', 'lr': 0.001}]
[step_lr] epoch 07/80 stage=head train_loss=1.3743 val_loss=1.9801 val_acc=0.380 val_macro_f1=0.312 lr=[{'group': 'model', 'lr': 0.001}]
[step_lr] epoch 08/80 stage=head train_loss=1.2937 val_loss=1.5301 val_acc=0.470 val_macro_f1=0.436 lr=[{'group': 'model', 'lr': 0.001}]
[step_lr] epoch 09/80 stage=head train_loss=1.2424 val_loss=1.4258 val_acc=0.548 val_macro_f1=0.527 lr=[{'group': 'model', 'lr': 0.001}]
[step_lr] epoch 10/80 stage=head train_loss=1.2060 val_loss=1.3029 val_acc=0.566 val_macro_f1=0.561 lr=[{'group': 'model', 'lr': 0.001}]
[step_lr] epoch 11/80 stage=head train_loss=1.1395 val_loss=1.5078 val_acc=0.500 val_macro_f1=0.465 lr=[{'group': 'model', 'lr': 0.001}]
[step_lr] epoch 12/80 stage=head train_loss=1.0998 val_loss=1.4537 val_acc=0.512 val_macro_f1=0.481 lr=[{'group': 'model', 'lr': 0.001}]
[step_lr] epoch 13/80 stage=head train_loss=1.1635 val_loss=1.5404 val_acc=0.506 val_macro_f1=0.497 lr=[{'group': 'model', 'lr': 0.001}]
[step_lr] epoch 14/80 stage=head train_loss=1.0861 val_loss=1.1600 val_acc=0.578 val_macro_f1=0.576 lr=[{'group': 'model', 'lr': 0.001}]
[step_lr] epoch 15/80 stage=head train_loss=0.9958 val_loss=1.2456 val_acc=0.590 val_macro_f1=0.597 lr=[{'group': 'model', 'lr': 0.001}]
[step_lr] epoch 16/80 stage=head train_loss=0.9243 val_loss=1.5125 val_acc=0.446 val_macro_f1=0.408 lr=[{'group': 'model', 'lr': 0.001}]
[step_lr] epoch 17/80 stage=head train_loss=0.9013 val_loss=1.2256 val_acc=0.566 val_macro_f1=0.508 lr=[{'group': 'model', 'lr': 0.001}]
[step_lr] epoch 18/80 stage=head train_loss=0.8203 val_loss=1.1392 val_acc=0.608 val_macro_f1=0.613 lr=[{'group': 'model', 'lr': 0.001}]
[step_lr] epoch 19/80 stage=head train_loss=0.8298 val_loss=1.8683 val_acc=0.464 val_macro_f1=0.446 lr=[{'group': 'model', 'lr': 0.001}]
[step_lr] epoch 20/80 stage=head train_loss=0.7959 val_loss=0.9676 val_acc=0.663 val_macro_f1=0.661 lr=[{'group': 'model', 'lr': 0.001}]
[step_lr] epoch 21/80 stage=head train_loss=0.7234 val_loss=1.0454 val_acc=0.639 val_macro_f1=0.621 lr=[{'group': 'model', 'lr': 0.001}]
[step_lr] epoch 22/80 stage=head train_loss=0.6407 val_loss=1.1340 val_acc=0.584 val_macro_f1=0.577 lr=[{'group': 'model', 'lr': 0.001}]
[step_lr] epoch 23/80 stage=head train_loss=0.6495 val_loss=1.1829 val_acc=0.518 val_macro_f1=0.480 lr=[{'group': 'model', 'lr': 0.001}]
[step_lr] epoch 24/80 stage=head train_loss=0.6013 val_loss=1.4033 val_acc=0.590 val_macro_f1=0.570 lr=[{'group': 'model', 'lr': 0.001}]
[step_lr] epoch 25/80 stage=head train_loss=0.5724 val_loss=1.1513 val_acc=0.651 val_macro_f1=0.649 lr=[{'group': 'model', 'lr': 0.001}]
[step_lr] epoch 26/80 stage=head train_loss=0.5556 val_loss=1.0348 val_acc=0.645 val_macro_f1=0.653 lr=[{'group': 'model', 'lr': 0.001}]
[step_lr] epoch 27/80 stage=head train_loss=0.4997 val_loss=0.8018 val_acc=0.729 val_macro_f1=0.732 lr=[{'group': 'model', 'lr': 0.0003}]
[step_lr] epoch 28/80 stage=head train_loss=0.4538 val_loss=0.9126 val_acc=0.639 val_macro_f1=0.617 lr=[{'group': 'model', 'lr': 0.0003}]
[step_lr] epoch 29/80 stage=head train_loss=0.4456 val_loss=0.8756 val_acc=0.693 val_macro_f1=0.682 lr=[{'group': 'model', 'lr': 0.0003}]
[step_lr] epoch 30/80 stage=head train_loss=0.3878 val_loss=0.7548 val_acc=0.759 val_macro_f1=0.765 lr=[{'group': 'model', 'lr': 0.0003}]
[step_lr] epoch 31/80 stage=head train_loss=0.3735 val_loss=0.7487 val_acc=0.783 val_macro_f1=0.785 lr=[{'group': 'model', 'lr': 0.0003}]
[step_lr] epoch 32/80 stage=head train_loss=0.3511 val_loss=0.8242 val_acc=0.753 val_macro_f1=0.759 lr=[{'group': 'model', 'lr': 0.0003}]
[step_lr] epoch 33/80 stage=head train_loss=0.3530 val_loss=0.7534 val_acc=0.771 val_macro_f1=0.777 lr=[{'group': 'model', 'lr': 0.0003}]
[step_lr] epoch 34/80 stage=head train_loss=0.3358 val_loss=0.6907 val_acc=0.783 val_macro_f1=0.789 lr=[{'group': 'model', 'lr': 0.0003}]
[step_lr] epoch 35/80 stage=head train_loss=0.3187 val_loss=0.6152 val_acc=0.831 val_macro_f1=0.831 lr=[{'group': 'model', 'lr': 0.0003}]
[step_lr] epoch 36/80 stage=head train_loss=0.3129 val_loss=0.6922 val_acc=0.801 val_macro_f1=0.796 lr=[{'group': 'model', 'lr': 0.0003}]
[step_lr] epoch 37/80 stage=head train_loss=0.3036 val_loss=0.7306 val_acc=0.783 val_macro_f1=0.789 lr=[{'group': 'model', 'lr': 0.0003}]
[step_lr] epoch 38/80 stage=head train_loss=0.2959 val_loss=0.6552 val_acc=0.831 val_macro_f1=0.830 lr=[{'group': 'model', 'lr': 0.0003}]
[step_lr] epoch 39/80 stage=head train_loss=0.2924 val_loss=0.6678 val_acc=0.807 val_macro_f1=0.811 lr=[{'group': 'model', 'lr': 0.0003}]
[step_lr] epoch 40/80 stage=head train_loss=0.2797 val_loss=0.7200 val_acc=0.783 val_macro_f1=0.789 lr=[{'group': 'model', 'lr': 0.0003}]
[step_lr] epoch 41/80 stage=head train_loss=0.2570 val_loss=0.7456 val_acc=0.795 val_macro_f1=0.795 lr=[{'group': 'model', 'lr': 0.0003}]
[step_lr] epoch 42/80 stage=head train_loss=0.2731 val_loss=0.7038 val_acc=0.795 val_macro_f1=0.792 lr=[{'group': 'model', 'lr': 0.0003}]
[step_lr] epoch 43/80 stage=head train_loss=0.2719 val_loss=0.7200 val_acc=0.783 val_macro_f1=0.787 lr=[{'group': 'model', 'lr': 0.0003}]
[step_lr] epoch 44/80 stage=head train_loss=0.2876 val_loss=0.6910 val_acc=0.783 val_macro_f1=0.789 lr=[{'group': 'model', 'lr': 0.0003}]
[step_lr] epoch 45/80 stage=head train_loss=0.2526 val_loss=0.6533 val_acc=0.789 val_macro_f1=0.786 lr=[{'group': 'model', 'lr': 0.0003}]
[step_lr] epoch 46/80 stage=head train_loss=0.2615 val_loss=0.7117 val_acc=0.777 val_macro_f1=0.783 lr=[{'group': 'model', 'lr': 0.0003}]
[step_lr] epoch 47/80 stage=head train_loss=0.2999 val_loss=0.6481 val_acc=0.801 val_macro_f1=0.802 lr=[{'group': 'model', 'lr': 0.0003}]
[step_lr] epoch 48/80 stage=head train_loss=0.2375 val_loss=0.7267 val_acc=0.783 val_macro_f1=0.788 lr=[{'group': 'model', 'lr': 0.0003}]
[step_lr] epoch 49/80 stage=head train_loss=0.2388 val_loss=0.6505 val_acc=0.819 val_macro_f1=0.823 lr=[{'group': 'model', 'lr': 0.0003}]
[step_lr] epoch 50/80 stage=head train_loss=0.2126 val_loss=0.6943 val_acc=0.771 val_macro_f1=0.774 lr=[{'group': 'model', 'lr': 0.0003}]
[step_lr] epoch 51/80 stage=head train_loss=0.1972 val_loss=0.6249 val_acc=0.813 val_macro_f1=0.816 lr=[{'group': 'model', 'lr': 0.0003}]
[step_lr] epoch 52/80 stage=head train_loss=0.1931 val_loss=0.7260 val_acc=0.765 val_macro_f1=0.777 lr=[{'group': 'model', 'lr': 0.0003}]
[step_lr] epoch 53/80 stage=head train_loss=0.1852 val_loss=0.6073 val_acc=0.831 val_macro_f1=0.833 lr=[{'group': 'model', 'lr': 8.999999999999999e-05}]
[step_lr] epoch 54/80 stage=head train_loss=0.1639 val_loss=0.6214 val_acc=0.825 val_macro_f1=0.827 lr=[{'group': 'model', 'lr': 8.999999999999999e-05}]
[step_lr] epoch 55/80 stage=head train_loss=0.1682 val_loss=0.6163 val_acc=0.825 val_macro_f1=0.826 lr=[{'group': 'model', 'lr': 8.999999999999999e-05}]
[step_lr] epoch 56/80 stage=head train_loss=0.1663 val_loss=0.6371 val_acc=0.819 val_macro_f1=0.823 lr=[{'group': 'model', 'lr': 8.999999999999999e-05}]
[step_lr] epoch 57/80 stage=head train_loss=0.1559 val_loss=0.6266 val_acc=0.807 val_macro_f1=0.812 lr=[{'group': 'model', 'lr': 8.999999999999999e-05}]
[step_lr] epoch 58/80 stage=head train_loss=0.1523 val_loss=0.6161 val_acc=0.813 val_macro_f1=0.816 lr=[{'group': 'model', 'lr': 8.999999999999999e-05}]
[step_lr] epoch 59/80 stage=head train_loss=0.1621 val_loss=0.6196 val_acc=0.825 val_macro_f1=0.827 lr=[{'group': 'model', 'lr': 8.999999999999999e-05}]
[step_lr] epoch 60/80 stage=head train_loss=0.1412 val_loss=0.6045 val_acc=0.831 val_macro_f1=0.832 lr=[{'group': 'model', 'lr': 8.999999999999999e-05}]
[step_lr] epoch 61/80 stage=head train_loss=0.1550 val_loss=0.5938 val_acc=0.813 val_macro_f1=0.814 lr=[{'group': 'model', 'lr': 8.999999999999999e-05}]
[step_lr] epoch 62/80 stage=head train_loss=0.1478 val_loss=0.5956 val_acc=0.831 val_macro_f1=0.834 lr=[{'group': 'model', 'lr': 8.999999999999999e-05}]
[step_lr] epoch 63/80 stage=head train_loss=0.1425 val_loss=0.5948 val_acc=0.825 val_macro_f1=0.827 lr=[{'group': 'model', 'lr': 8.999999999999999e-05}]
[step_lr] epoch 64/80 stage=head train_loss=0.1369 val_loss=0.6104 val_acc=0.813 val_macro_f1=0.814 lr=[{'group': 'model', 'lr': 8.999999999999999e-05}]
[step_lr] epoch 65/80 stage=head train_loss=0.1376 val_loss=0.6088 val_acc=0.825 val_macro_f1=0.826 lr=[{'group': 'model', 'lr': 8.999999999999999e-05}]
[step_lr] epoch 66/80 stage=head train_loss=0.1333 val_loss=0.6030 val_acc=0.819 val_macro_f1=0.820 lr=[{'group': 'model', 'lr': 8.999999999999999e-05}]
[step_lr] epoch 67/80 stage=head train_loss=0.1291 val_loss=0.6110 val_acc=0.813 val_macro_f1=0.814 lr=[{'group': 'model', 'lr': 8.999999999999999e-05}]
[step_lr] epoch 68/80 stage=head train_loss=0.1387 val_loss=0.6177 val_acc=0.813 val_macro_f1=0.815 lr=[{'group': 'model', 'lr': 8.999999999999999e-05}]
[step_lr] epoch 69/80 stage=head train_loss=0.1171 val_loss=0.6254 val_acc=0.807 val_macro_f1=0.810 lr=[{'group': 'model', 'lr': 8.999999999999999e-05}]
[step_lr] epoch 70/80 stage=head train_loss=0.1420 val_loss=0.6237 val_acc=0.813 val_macro_f1=0.818 lr=[{'group': 'model', 'lr': 8.999999999999999e-05}]
[step_lr] epoch 71/80 stage=head train_loss=0.1269 val_loss=0.6195 val_acc=0.807 val_macro_f1=0.813 lr=[{'group': 'model', 'lr': 8.999999999999999e-05}]
[step_lr] epoch 72/80 stage=head train_loss=0.1292 val_loss=0.5994 val_acc=0.825 val_macro_f1=0.828 lr=[{'group': 'model', 'lr': 8.999999999999999e-05}]
[step_lr] epoch 73/80 stage=head train_loss=0.1167 val_loss=0.6072 val_acc=0.813 val_macro_f1=0.813 lr=[{'group': 'model', 'lr': 8.999999999999999e-05}]
[step_lr] epoch 74/80 stage=head train_loss=0.1273 val_loss=0.5926 val_acc=0.825 val_macro_f1=0.825 lr=[{'group': 'model', 'lr': 8.999999999999999e-05}]
[step_lr] epoch 75/80 stage=head train_loss=0.1206 val_loss=0.6335 val_acc=0.795 val_macro_f1=0.801 lr=[{'group': 'model', 'lr': 8.999999999999999e-05}]
[step_lr] epoch 76/80 stage=head train_loss=0.1279 val_loss=0.6212 val_acc=0.819 val_macro_f1=0.824 lr=[{'group': 'model', 'lr': 8.999999999999999e-05}]
[step_lr] epoch 77/80 stage=head train_loss=0.1127 val_loss=0.6582 val_acc=0.813 val_macro_f1=0.816 lr=[{'group': 'model', 'lr': 8.999999999999999e-05}]
[step_lr] epoch 78/80 stage=head train_loss=0.1243 val_loss=0.6286 val_acc=0.825 val_macro_f1=0.825 lr=[{'group': 'model', 'lr': 8.999999999999999e-05}]
[step_lr] epoch 79/80 stage=head train_loss=0.1079 val_loss=0.6126 val_acc=0.825 val_macro_f1=0.826 lr=[{'group': 'model', 'lr': 2.6999999999999996e-05}]
[step_lr] epoch 80/80 stage=head train_loss=0.1159 val_loss=0.6083 val_acc=0.819 val_macro_f1=0.821 lr=[{'group': 'model', 'lr': 2.6999999999999996e-05}]

Running BCEWithLogitsLoss [bce_loss]
[bce_loss] rolling checkpoint is from a different configuration; starting fresh
[bce_loss] epoch 01/80 stage=head train_loss=0.5252 val_loss=0.5533 val_acc=0.127 val_macro_f1=0.035 lr=[{'group': 'model', 'lr': 0.001}]
[bce_loss] epoch 02/80 stage=head train_loss=0.3551 val_loss=0.3733 val_acc=0.259 val_macro_f1=0.142 lr=[{'group': 'model', 'lr': 0.001}]
[bce_loss] epoch 03/80 stage=head train_loss=0.3342 val_loss=0.3449 val_acc=0.247 val_macro_f1=0.132 lr=[{'group': 'model', 'lr': 0.001}]
[bce_loss] epoch 04/80 stage=head train_loss=0.3217 val_loss=0.3284 val_acc=0.337 val_macro_f1=0.260 lr=[{'group': 'model', 'lr': 0.001}]
[bce_loss] epoch 05/80 stage=head train_loss=0.3104 val_loss=0.3258 val_acc=0.283 val_macro_f1=0.197 lr=[{'group': 'model', 'lr': 0.001}]
[bce_loss] epoch 06/80 stage=head train_loss=0.2974 val_loss=0.3340 val_acc=0.337 val_macro_f1=0.269 lr=[{'group': 'model', 'lr': 0.001}]
[bce_loss] epoch 07/80 stage=head train_loss=0.2875 val_loss=0.3466 val_acc=0.349 val_macro_f1=0.250 lr=[{'group': 'model', 'lr': 0.001}]
[bce_loss] epoch 08/80 stage=head train_loss=0.2761 val_loss=0.2975 val_acc=0.506 val_macro_f1=0.429 lr=[{'group': 'model', 'lr': 0.001}]
[bce_loss] epoch 09/80 stage=head train_loss=0.2647 val_loss=0.2912 val_acc=0.458 val_macro_f1=0.428 lr=[{'group': 'model', 'lr': 0.001}]
[bce_loss] epoch 10/80 stage=head train_loss=0.2564 val_loss=0.2750 val_acc=0.500 val_macro_f1=0.469 lr=[{'group': 'model', 'lr': 0.001}]
[bce_loss] epoch 11/80 stage=head train_loss=0.2471 val_loss=0.3078 val_acc=0.392 val_macro_f1=0.342 lr=[{'group': 'model', 'lr': 0.001}]
[bce_loss] epoch 12/80 stage=head train_loss=0.2419 val_loss=0.2726 val_acc=0.470 val_macro_f1=0.399 lr=[{'group': 'model', 'lr': 0.001}]
[bce_loss] epoch 13/80 stage=head train_loss=0.2339 val_loss=0.2479 val_acc=0.614 val_macro_f1=0.611 lr=[{'group': 'model', 'lr': 0.001}]
[bce_loss] epoch 14/80 stage=head train_loss=0.2270 val_loss=0.2735 val_acc=0.482 val_macro_f1=0.468 lr=[{'group': 'model', 'lr': 0.001}]
[bce_loss] epoch 15/80 stage=head train_loss=0.2136 val_loss=0.2494 val_acc=0.542 val_macro_f1=0.521 lr=[{'group': 'model', 'lr': 0.001}]
[bce_loss] epoch 16/80 stage=head train_loss=0.2015 val_loss=0.3063 val_acc=0.452 val_macro_f1=0.409 lr=[{'group': 'model', 'lr': 0.001}]
[bce_loss] epoch 17/80 stage=head train_loss=0.2017 val_loss=0.2308 val_acc=0.578 val_macro_f1=0.577 lr=[{'group': 'model', 'lr': 0.001}]
[bce_loss] epoch 18/80 stage=head train_loss=0.1902 val_loss=0.2346 val_acc=0.572 val_macro_f1=0.542 lr=[{'group': 'model', 'lr': 0.001}]
[bce_loss] epoch 19/80 stage=head train_loss=0.1868 val_loss=0.2936 val_acc=0.500 val_macro_f1=0.446 lr=[{'group': 'model', 'lr': 0.001}]
[bce_loss] epoch 20/80 stage=head train_loss=0.1774 val_loss=0.2269 val_acc=0.608 val_macro_f1=0.617 lr=[{'group': 'model', 'lr': 0.001}]
[bce_loss] epoch 21/80 stage=head train_loss=0.1690 val_loss=0.2302 val_acc=0.572 val_macro_f1=0.534 lr=[{'group': 'model', 'lr': 0.001}]
[bce_loss] epoch 22/80 stage=head train_loss=0.1611 val_loss=0.2188 val_acc=0.645 val_macro_f1=0.623 lr=[{'group': 'model', 'lr': 0.001}]
[bce_loss] epoch 23/80 stage=head train_loss=0.1514 val_loss=0.2248 val_acc=0.608 val_macro_f1=0.603 lr=[{'group': 'model', 'lr': 0.001}]
[bce_loss] epoch 24/80 stage=head train_loss=0.1454 val_loss=0.2380 val_acc=0.620 val_macro_f1=0.621 lr=[{'group': 'model', 'lr': 0.001}]
[bce_loss] epoch 25/80 stage=head train_loss=0.1378 val_loss=0.1773 val_acc=0.741 val_macro_f1=0.734 lr=[{'group': 'model', 'lr': 0.001}]
[bce_loss] epoch 26/80 stage=head train_loss=0.1330 val_loss=0.2067 val_acc=0.693 val_macro_f1=0.660 lr=[{'group': 'model', 'lr': 0.001}]
[bce_loss] epoch 27/80 stage=head train_loss=0.1235 val_loss=0.2169 val_acc=0.681 val_macro_f1=0.651 lr=[{'group': 'model', 'lr': 0.001}]
[bce_loss] epoch 28/80 stage=head train_loss=0.1269 val_loss=0.1740 val_acc=0.735 val_macro_f1=0.739 lr=[{'group': 'model', 'lr': 0.001}]
[bce_loss] epoch 29/80 stage=head train_loss=0.1151 val_loss=0.2281 val_acc=0.620 val_macro_f1=0.598 lr=[{'group': 'model', 'lr': 0.001}]
[bce_loss] epoch 30/80 stage=head train_loss=0.1101 val_loss=0.1649 val_acc=0.759 val_macro_f1=0.759 lr=[{'group': 'model', 'lr': 0.001}]
[bce_loss] epoch 31/80 stage=head train_loss=0.1051 val_loss=0.1691 val_acc=0.759 val_macro_f1=0.765 lr=[{'group': 'model', 'lr': 0.001}]
[bce_loss] epoch 32/80 stage=head train_loss=0.1045 val_loss=0.2933 val_acc=0.602 val_macro_f1=0.605 lr=[{'group': 'model', 'lr': 0.001}]
[bce_loss] epoch 33/80 stage=head train_loss=0.1096 val_loss=0.2181 val_acc=0.627 val_macro_f1=0.611 lr=[{'group': 'model', 'lr': 0.001}]
[bce_loss] epoch 34/80 stage=head train_loss=0.0955 val_loss=0.1512 val_acc=0.789 val_macro_f1=0.790 lr=[{'group': 'model', 'lr': 0.001}]
[bce_loss] epoch 35/80 stage=head train_loss=0.0874 val_loss=0.1983 val_acc=0.699 val_macro_f1=0.658 lr=[{'group': 'model', 'lr': 0.001}]
[bce_loss] epoch 36/80 stage=head train_loss=0.0839 val_loss=0.1982 val_acc=0.699 val_macro_f1=0.693 lr=[{'group': 'model', 'lr': 0.001}]
[bce_loss] epoch 37/80 stage=head train_loss=0.0796 val_loss=0.1408 val_acc=0.825 val_macro_f1=0.822 lr=[{'group': 'model', 'lr': 0.001}]
[bce_loss] epoch 38/80 stage=head train_loss=0.0777 val_loss=0.1646 val_acc=0.747 val_macro_f1=0.712 lr=[{'group': 'model', 'lr': 0.001}]
[bce_loss] epoch 39/80 stage=head train_loss=0.0724 val_loss=0.1335 val_acc=0.825 val_macro_f1=0.828 lr=[{'group': 'model', 'lr': 0.001}]
[bce_loss] epoch 40/80 stage=head train_loss=0.0728 val_loss=0.1519 val_acc=0.777 val_macro_f1=0.754 lr=[{'group': 'model', 'lr': 0.001}]
[bce_loss] epoch 41/80 stage=head train_loss=0.0635 val_loss=0.1711 val_acc=0.747 val_macro_f1=0.740 lr=[{'group': 'model', 'lr': 0.001}]
[bce_loss] epoch 42/80 stage=head train_loss=0.0676 val_loss=0.1733 val_acc=0.735 val_macro_f1=0.732 lr=[{'group': 'model', 'lr': 0.001}]
[bce_loss] epoch 43/80 stage=head train_loss=0.0689 val_loss=0.4588 val_acc=0.380 val_macro_f1=0.372 lr=[{'group': 'model', 'lr': 0.001}]
[bce_loss] epoch 44/80 stage=head train_loss=0.0697 val_loss=0.1755 val_acc=0.765 val_macro_f1=0.772 lr=[{'group': 'model', 'lr': 0.001}]
[bce_loss] epoch 45/80 stage=head train_loss=0.0630 val_loss=0.1701 val_acc=0.735 val_macro_f1=0.722 lr=[{'group': 'model', 'lr': 0.001}]
[bce_loss] epoch 46/80 stage=head train_loss=0.0708 val_loss=0.2461 val_acc=0.699 val_macro_f1=0.650 lr=[{'group': 'model', 'lr': 0.001}]
[bce_loss] epoch 47/80 stage=head train_loss=0.0704 val_loss=0.1708 val_acc=0.741 val_macro_f1=0.735 lr=[{'group': 'model', 'lr': 0.001}]
[bce_loss] epoch 48/80 stage=head train_loss=0.0577 val_loss=0.2139 val_acc=0.705 val_macro_f1=0.684 lr=[{'group': 'model', 'lr': 0.001}]
[bce_loss] epoch 49/80 stage=head train_loss=0.0596 val_loss=0.1631 val_acc=0.801 val_macro_f1=0.797 lr=[{'group': 'model', 'lr': 0.001}]
[bce_loss] epoch 50/80 stage=head train_loss=0.0524 val_loss=0.1281 val_acc=0.843 val_macro_f1=0.840 lr=[{'group': 'model', 'lr': 0.001}]
[bce_loss] epoch 51/80 stage=head train_loss=0.0446 val_loss=0.1427 val_acc=0.825 val_macro_f1=0.830 lr=[{'group': 'model', 'lr': 0.001}]
[bce_loss] epoch 52/80 stage=head train_loss=0.0472 val_loss=0.1374 val_acc=0.843 val_macro_f1=0.830 lr=[{'group': 'model', 'lr': 0.001}]
[bce_loss] epoch 53/80 stage=head train_loss=0.0419 val_loss=0.1661 val_acc=0.759 val_macro_f1=0.756 lr=[{'group': 'model', 'lr': 0.001}]
[bce_loss] epoch 54/80 stage=head train_loss=0.0390 val_loss=0.1444 val_acc=0.789 val_macro_f1=0.791 lr=[{'group': 'model', 'lr': 0.001}]
[bce_loss] epoch 55/80 stage=head train_loss=0.0415 val_loss=0.1318 val_acc=0.825 val_macro_f1=0.819 lr=[{'group': 'model', 'lr': 0.001}]
[bce_loss] epoch 56/80 stage=head train_loss=0.0541 val_loss=0.1723 val_acc=0.759 val_macro_f1=0.769 lr=[{'group': 'model', 'lr': 0.001}]
[bce_loss] epoch 57/80 stage=head train_loss=0.0428 val_loss=0.2377 val_acc=0.663 val_macro_f1=0.626 lr=[{'group': 'model', 'lr': 0.001}]
[bce_loss] epoch 58/80 stage=head train_loss=0.0391 val_loss=0.2281 val_acc=0.711 val_macro_f1=0.706 lr=[{'group': 'model', 'lr': 0.001}]
[bce_loss] epoch 59/80 stage=head train_loss=0.0412 val_loss=0.1799 val_acc=0.741 val_macro_f1=0.707 lr=[{'group': 'model', 'lr': 0.001}]
[bce_loss] epoch 60/80 stage=head train_loss=0.0372 val_loss=0.1928 val_acc=0.699 val_macro_f1=0.695 lr=[{'group': 'model', 'lr': 0.001}]
[bce_loss] epoch 61/80 stage=head train_loss=0.0450 val_loss=0.1256 val_acc=0.861 val_macro_f1=0.863 lr=[{'group': 'model', 'lr': 0.001}]
[bce_loss] epoch 62/80 stage=head train_loss=0.0331 val_loss=0.1586 val_acc=0.807 val_macro_f1=0.803 lr=[{'group': 'model', 'lr': 0.001}]
[bce_loss] epoch 63/80 stage=head train_loss=0.0353 val_loss=0.2529 val_acc=0.741 val_macro_f1=0.712 lr=[{'group': 'model', 'lr': 0.001}]
[bce_loss] epoch 64/80 stage=head train_loss=0.0302 val_loss=0.1278 val_acc=0.831 val_macro_f1=0.833 lr=[{'group': 'model', 'lr': 0.001}]
[bce_loss] epoch 65/80 stage=head train_loss=0.0350 val_loss=0.1409 val_acc=0.825 val_macro_f1=0.827 lr=[{'group': 'model', 'lr': 0.001}]
[bce_loss] epoch 66/80 stage=head train_loss=0.0275 val_loss=0.1877 val_acc=0.753 val_macro_f1=0.754 lr=[{'group': 'model', 'lr': 0.001}]
[bce_loss] epoch 67/80 stage=head train_loss=0.0249 val_loss=0.1206 val_acc=0.849 val_macro_f1=0.851 lr=[{'group': 'model', 'lr': 0.001}]
[bce_loss] epoch 68/80 stage=head train_loss=0.0215 val_loss=0.1191 val_acc=0.861 val_macro_f1=0.863 lr=[{'group': 'model', 'lr': 0.001}]
[bce_loss] epoch 69/80 stage=head train_loss=0.0203 val_loss=0.1434 val_acc=0.825 val_macro_f1=0.826 lr=[{'group': 'model', 'lr': 0.001}]
[bce_loss] epoch 70/80 stage=head train_loss=0.0231 val_loss=0.1321 val_acc=0.867 val_macro_f1=0.869 lr=[{'group': 'model', 'lr': 0.001}]
[bce_loss] epoch 71/80 stage=head train_loss=0.0218 val_loss=0.1321 val_acc=0.837 val_macro_f1=0.836 lr=[{'group': 'model', 'lr': 0.001}]
[bce_loss] epoch 72/80 stage=head train_loss=0.0257 val_loss=0.1404 val_acc=0.819 val_macro_f1=0.822 lr=[{'group': 'model', 'lr': 0.001}]
[bce_loss] epoch 73/80 stage=head train_loss=0.0216 val_loss=0.1454 val_acc=0.813 val_macro_f1=0.807 lr=[{'group': 'model', 'lr': 0.001}]
[bce_loss] epoch 74/80 stage=head train_loss=0.0238 val_loss=0.1818 val_acc=0.765 val_macro_f1=0.769 lr=[{'group': 'model', 'lr': 0.001}]
[bce_loss] epoch 75/80 stage=head train_loss=0.0254 val_loss=0.1336 val_acc=0.837 val_macro_f1=0.834 lr=[{'group': 'model', 'lr': 0.001}]
[bce_loss] epoch 76/80 stage=head train_loss=0.0243 val_loss=0.1515 val_acc=0.783 val_macro_f1=0.779 lr=[{'group': 'model', 'lr': 0.001}]
[bce_loss] epoch 77/80 stage=head train_loss=0.0180 val_loss=0.1202 val_acc=0.873 val_macro_f1=0.872 lr=[{'group': 'model', 'lr': 0.001}]
[bce_loss] epoch 78/80 stage=head train_loss=0.0187 val_loss=0.1337 val_acc=0.819 val_macro_f1=0.818 lr=[{'group': 'model', 'lr': 0.001}]
[bce_loss] epoch 79/80 stage=head train_loss=0.0182 val_loss=0.1299 val_acc=0.849 val_macro_f1=0.848 lr=[{'group': 'model', 'lr': 0.001}]
[bce_loss] epoch 80/80 stage=head train_loss=0.0155 val_loss=0.1130 val_acc=0.886 val_macro_f1=0.882 lr=[{'group': 'model', 'lr': 0.001}]

Running Best regularized + scheduled [best_regularized]
[best_regularized] rolling checkpoint is from a different configuration; starting fresh
[best_regularized] epoch 01/80 stage=head train_loss=1.9619 val_loss=1.9403 val_acc=0.283 val_macro_f1=0.172 lr=[{'group': 'model', 'lr': 0.001}]
[best_regularized] epoch 02/80 stage=head train_loss=1.7703 val_loss=1.8258 val_acc=0.289 val_macro_f1=0.190 lr=[{'group': 'model', 'lr': 0.001}]
[best_regularized] epoch 03/80 stage=head train_loss=1.6665 val_loss=1.6900 val_acc=0.367 val_macro_f1=0.326 lr=[{'group': 'model', 'lr': 0.001}]
[best_regularized] epoch 04/80 stage=head train_loss=1.5961 val_loss=1.5882 val_acc=0.440 val_macro_f1=0.406 lr=[{'group': 'model', 'lr': 0.001}]
[best_regularized] epoch 05/80 stage=head train_loss=1.5178 val_loss=1.6063 val_acc=0.386 val_macro_f1=0.306 lr=[{'group': 'model', 'lr': 0.001}]
[best_regularized] epoch 06/80 stage=head train_loss=1.4458 val_loss=1.5069 val_acc=0.458 val_macro_f1=0.416 lr=[{'group': 'model', 'lr': 0.001}]
[best_regularized] epoch 07/80 stage=head train_loss=1.4087 val_loss=1.5765 val_acc=0.392 val_macro_f1=0.347 lr=[{'group': 'model', 'lr': 0.001}]
[best_regularized] epoch 08/80 stage=head train_loss=1.3612 val_loss=1.4510 val_acc=0.512 val_macro_f1=0.480 lr=[{'group': 'model', 'lr': 0.001}]
[best_regularized] epoch 09/80 stage=head train_loss=1.2797 val_loss=1.5470 val_acc=0.452 val_macro_f1=0.424 lr=[{'group': 'model', 'lr': 0.001}]
[best_regularized] epoch 10/80 stage=head train_loss=1.2178 val_loss=1.3741 val_acc=0.524 val_macro_f1=0.524 lr=[{'group': 'model', 'lr': 0.001}]
[best_regularized] epoch 11/80 stage=head train_loss=1.1927 val_loss=1.3390 val_acc=0.548 val_macro_f1=0.521 lr=[{'group': 'model', 'lr': 0.001}]
[best_regularized] epoch 12/80 stage=head train_loss=1.1375 val_loss=1.4486 val_acc=0.500 val_macro_f1=0.483 lr=[{'group': 'model', 'lr': 0.001}]
[best_regularized] epoch 13/80 stage=head train_loss=1.2465 val_loss=1.7446 val_acc=0.476 val_macro_f1=0.436 lr=[{'group': 'model', 'lr': 0.001}]
[best_regularized] epoch 14/80 stage=head train_loss=1.1937 val_loss=1.2953 val_acc=0.560 val_macro_f1=0.562 lr=[{'group': 'model', 'lr': 0.001}]
[best_regularized] epoch 15/80 stage=head train_loss=1.1410 val_loss=1.4674 val_acc=0.512 val_macro_f1=0.488 lr=[{'group': 'model', 'lr': 0.001}]
[best_regularized] epoch 16/80 stage=head train_loss=1.1144 val_loss=1.4290 val_acc=0.458 val_macro_f1=0.407 lr=[{'group': 'model', 'lr': 0.001}]
[best_regularized] epoch 17/80 stage=head train_loss=1.0357 val_loss=1.5190 val_acc=0.470 val_macro_f1=0.424 lr=[{'group': 'model', 'lr': 0.001}]
[best_regularized] epoch 18/80 stage=head train_loss=0.9454 val_loss=1.0932 val_acc=0.596 val_macro_f1=0.564 lr=[{'group': 'model', 'lr': 0.001}]
[best_regularized] epoch 19/80 stage=head train_loss=0.9400 val_loss=1.0969 val_acc=0.578 val_macro_f1=0.578 lr=[{'group': 'model', 'lr': 0.001}]
[best_regularized] epoch 20/80 stage=head train_loss=0.8500 val_loss=1.1800 val_acc=0.602 val_macro_f1=0.594 lr=[{'group': 'model', 'lr': 0.001}]
[best_regularized] epoch 21/80 stage=head train_loss=0.8280 val_loss=1.0866 val_acc=0.572 val_macro_f1=0.528 lr=[{'group': 'model', 'lr': 0.001}]
[best_regularized] epoch 22/80 stage=head train_loss=0.7942 val_loss=1.0718 val_acc=0.639 val_macro_f1=0.655 lr=[{'group': 'model', 'lr': 0.001}]
[best_regularized] epoch 23/80 stage=head train_loss=0.8198 val_loss=1.1225 val_acc=0.596 val_macro_f1=0.575 lr=[{'group': 'model', 'lr': 0.001}]
[best_regularized] epoch 24/80 stage=head train_loss=0.7532 val_loss=0.9087 val_acc=0.669 val_macro_f1=0.669 lr=[{'group': 'model', 'lr': 0.001}]
[best_regularized] epoch 25/80 stage=head train_loss=0.7204 val_loss=0.9265 val_acc=0.669 val_macro_f1=0.657 lr=[{'group': 'model', 'lr': 0.001}]
[best_regularized] epoch 26/80 stage=head train_loss=0.6940 val_loss=1.2300 val_acc=0.602 val_macro_f1=0.590 lr=[{'group': 'model', 'lr': 0.001}]
[best_regularized] epoch 27/80 stage=head train_loss=0.6958 val_loss=1.0049 val_acc=0.639 val_macro_f1=0.627 lr=[{'group': 'model', 'lr': 0.001}]
[best_regularized] epoch 28/80 stage=head train_loss=0.6664 val_loss=1.3587 val_acc=0.530 val_macro_f1=0.518 lr=[{'group': 'model', 'lr': 0.001}]
[best_regularized] epoch 29/80 stage=head train_loss=0.6456 val_loss=1.3730 val_acc=0.578 val_macro_f1=0.562 lr=[{'group': 'model', 'lr': 0.001}]
[best_regularized] epoch 30/80 stage=head train_loss=0.6219 val_loss=0.9051 val_acc=0.663 val_macro_f1=0.663 lr=[{'group': 'model', 'lr': 0.001}]
[best_regularized] epoch 31/80 stage=head train_loss=0.5416 val_loss=1.2469 val_acc=0.566 val_macro_f1=0.551 lr=[{'group': 'model', 'lr': 0.001}]
[best_regularized] epoch 32/80 stage=head train_loss=0.4951 val_loss=1.3464 val_acc=0.566 val_macro_f1=0.552 lr=[{'group': 'model', 'lr': 0.001}]
[best_regularized] epoch 33/80 stage=head train_loss=0.5810 val_loss=0.9592 val_acc=0.657 val_macro_f1=0.647 lr=[{'group': 'model', 'lr': 0.001}]
[best_regularized] epoch 34/80 stage=head train_loss=0.5046 val_loss=1.4318 val_acc=0.542 val_macro_f1=0.534 lr=[{'group': 'model', 'lr': 0.001}]
[best_regularized] epoch 35/80 stage=head train_loss=0.4956 val_loss=0.7504 val_acc=0.759 val_macro_f1=0.766 lr=[{'group': 'model', 'lr': 0.001}]
[best_regularized] epoch 36/80 stage=head train_loss=0.4735 val_loss=1.1604 val_acc=0.639 val_macro_f1=0.629 lr=[{'group': 'model', 'lr': 0.001}]
[best_regularized] epoch 37/80 stage=head train_loss=0.4129 val_loss=0.8279 val_acc=0.723 val_macro_f1=0.726 lr=[{'group': 'model', 'lr': 0.001}]
[best_regularized] epoch 38/80 stage=head train_loss=0.3875 val_loss=0.7902 val_acc=0.753 val_macro_f1=0.740 lr=[{'group': 'model', 'lr': 0.001}]
[best_regularized] epoch 39/80 stage=head train_loss=0.4025 val_loss=1.2563 val_acc=0.584 val_macro_f1=0.574 lr=[{'group': 'model', 'lr': 0.001}]
[best_regularized] epoch 40/80 stage=head train_loss=0.3910 val_loss=1.3135 val_acc=0.578 val_macro_f1=0.543 lr=[{'group': 'model', 'lr': 0.001}]
[best_regularized] epoch 41/80 stage=head train_loss=0.4239 val_loss=1.4131 val_acc=0.584 val_macro_f1=0.567 lr=[{'group': 'model', 'lr': 0.001}]
[best_regularized] epoch 42/80 stage=head train_loss=0.4167 val_loss=0.8958 val_acc=0.735 val_macro_f1=0.708 lr=[{'group': 'model', 'lr': 0.001}]
[best_regularized] epoch 43/80 stage=head train_loss=0.4034 val_loss=0.9506 val_acc=0.645 val_macro_f1=0.650 lr=[{'group': 'model', 'lr': 0.001}]
[best_regularized] epoch 44/80 stage=head train_loss=0.3787 val_loss=0.7718 val_acc=0.753 val_macro_f1=0.752 lr=[{'group': 'model', 'lr': 0.001}]
[best_regularized] epoch 45/80 stage=head train_loss=0.3732 val_loss=1.0468 val_acc=0.651 val_macro_f1=0.638 lr=[{'group': 'model', 'lr': 0.001}]
[best_regularized] epoch 46/80 stage=head train_loss=0.3919 val_loss=0.6551 val_acc=0.783 val_macro_f1=0.787 lr=[{'group': 'model', 'lr': 0.001}]
[best_regularized] epoch 47/80 stage=head train_loss=0.3897 val_loss=0.9509 val_acc=0.681 val_macro_f1=0.661 lr=[{'group': 'model', 'lr': 0.001}]
[best_regularized] epoch 48/80 stage=head train_loss=0.3286 val_loss=0.6553 val_acc=0.789 val_macro_f1=0.789 lr=[{'group': 'model', 'lr': 0.001}]
[best_regularized] epoch 49/80 stage=head train_loss=0.2904 val_loss=0.5763 val_acc=0.837 val_macro_f1=0.840 lr=[{'group': 'model', 'lr': 0.001}]
[best_regularized] epoch 50/80 stage=head train_loss=0.2772 val_loss=0.6537 val_acc=0.795 val_macro_f1=0.790 lr=[{'group': 'model', 'lr': 0.001}]
[best_regularized] epoch 51/80 stage=head train_loss=0.2252 val_loss=0.6510 val_acc=0.813 val_macro_f1=0.817 lr=[{'group': 'model', 'lr': 0.001}]
[best_regularized] epoch 52/80 stage=head train_loss=0.2156 val_loss=0.6887 val_acc=0.765 val_macro_f1=0.763 lr=[{'group': 'model', 'lr': 0.001}]
[best_regularized] epoch 53/80 stage=head train_loss=0.2158 val_loss=1.0991 val_acc=0.699 val_macro_f1=0.699 lr=[{'group': 'model', 'lr': 0.001}]
[best_regularized] epoch 54/80 stage=head train_loss=0.2353 val_loss=0.6495 val_acc=0.807 val_macro_f1=0.814 lr=[{'group': 'model', 'lr': 0.001}]
[best_regularized] epoch 55/80 stage=head train_loss=0.2907 val_loss=1.3267 val_acc=0.645 val_macro_f1=0.634 lr=[{'group': 'model', 'lr': 0.001}]
[best_regularized] epoch 56/80 stage=head train_loss=0.3825 val_loss=1.0391 val_acc=0.723 val_macro_f1=0.731 lr=[{'group': 'model', 'lr': 0.001}]
[best_regularized] epoch 57/80 stage=head train_loss=0.2942 val_loss=0.7104 val_acc=0.801 val_macro_f1=0.804 lr=[{'group': 'model', 'lr': 0.001}]
[best_regularized] epoch 58/80 stage=head train_loss=0.2346 val_loss=1.3563 val_acc=0.614 val_macro_f1=0.610 lr=[{'group': 'model', 'lr': 0.001}]
[best_regularized] epoch 59/80 stage=head train_loss=0.2254 val_loss=0.7171 val_acc=0.777 val_macro_f1=0.781 lr=[{'group': 'model', 'lr': 0.001}]
[best_regularized] epoch 60/80 stage=head train_loss=0.2633 val_loss=0.6609 val_acc=0.771 val_macro_f1=0.779 lr=[{'group': 'model', 'lr': 0.001}]
[best_regularized] epoch 61/80 stage=head train_loss=0.2599 val_loss=0.6367 val_acc=0.807 val_macro_f1=0.810 lr=[{'group': 'model', 'lr': 0.001}]
[best_regularized] epoch 62/80 stage=head train_loss=0.2354 val_loss=0.8031 val_acc=0.735 val_macro_f1=0.742 lr=[{'group': 'model', 'lr': 0.001}]
[best_regularized] epoch 63/80 stage=head train_loss=0.1966 val_loss=0.5599 val_acc=0.855 val_macro_f1=0.853 lr=[{'group': 'model', 'lr': 0.001}]
[best_regularized] epoch 64/80 stage=head train_loss=0.1778 val_loss=0.6319 val_acc=0.789 val_macro_f1=0.784 lr=[{'group': 'model', 'lr': 0.001}]
[best_regularized] epoch 65/80 stage=head train_loss=0.1770 val_loss=0.7341 val_acc=0.789 val_macro_f1=0.805 lr=[{'group': 'model', 'lr': 0.001}]
[best_regularized] epoch 66/80 stage=head train_loss=0.1545 val_loss=0.5863 val_acc=0.837 val_macro_f1=0.837 lr=[{'group': 'model', 'lr': 0.001}]
[best_regularized] epoch 67/80 stage=head train_loss=0.1706 val_loss=0.6742 val_acc=0.795 val_macro_f1=0.799 lr=[{'group': 'model', 'lr': 0.001}]
[best_regularized] epoch 68/80 stage=head train_loss=0.1599 val_loss=0.7083 val_acc=0.771 val_macro_f1=0.773 lr=[{'group': 'model', 'lr': 0.001}]
[best_regularized] epoch 69/80 stage=head train_loss=0.1279 val_loss=0.6168 val_acc=0.837 val_macro_f1=0.839 lr=[{'group': 'model', 'lr': 0.001}]
[best_regularized] epoch 70/80 stage=head train_loss=0.1332 val_loss=0.6272 val_acc=0.795 val_macro_f1=0.798 lr=[{'group': 'model', 'lr': 0.001}]
[best_regularized] epoch 71/80 stage=head train_loss=0.1195 val_loss=0.6590 val_acc=0.801 val_macro_f1=0.794 lr=[{'group': 'model', 'lr': 0.001}]
[best_regularized] epoch 72/80 stage=head train_loss=0.1334 val_loss=0.6972 val_acc=0.795 val_macro_f1=0.796 lr=[{'group': 'model', 'lr': 0.001}]
[best_regularized] epoch 73/80 stage=head train_loss=0.1306 val_loss=0.6883 val_acc=0.813 val_macro_f1=0.810 lr=[{'group': 'model', 'lr': 0.001}]
[best_regularized] epoch 74/80 stage=head train_loss=0.1493 val_loss=1.2733 val_acc=0.614 val_macro_f1=0.618 lr=[{'group': 'model', 'lr': 0.001}]
[best_regularized] epoch 75/80 stage=head train_loss=0.1739 val_loss=0.6620 val_acc=0.795 val_macro_f1=0.795 lr=[{'group': 'model', 'lr': 0.001}]
[best_regularized] epoch 76/80 stage=head train_loss=0.1734 val_loss=1.0597 val_acc=0.717 val_macro_f1=0.714 lr=[{'group': 'model', 'lr': 0.001}]
[best_regularized] epoch 77/80 stage=head train_loss=0.1216 val_loss=0.7508 val_acc=0.777 val_macro_f1=0.782 lr=[{'group': 'model', 'lr': 0.001}]
[best_regularized] epoch 78/80 stage=head train_loss=0.1140 val_loss=0.5133 val_acc=0.849 val_macro_f1=0.848 lr=[{'group': 'model', 'lr': 0.001}]
[best_regularized] epoch 79/80 stage=head train_loss=0.1023 val_loss=0.5614 val_acc=0.825 val_macro_f1=0.822 lr=[{'group': 'model', 'lr': 0.001}]
[best_regularized] epoch 80/80 stage=head train_loss=0.1084 val_loss=0.6538 val_acc=0.831 val_macro_f1=0.827 lr=[{'group': 'model', 'lr': 0.001}]

Running Imbalanced + standard batches [imbalanced_standard]
[imbalanced_standard] rolling checkpoint is from a different configuration; starting fresh
[imbalanced_standard] epoch 01/80 stage=head train_loss=1.6890 val_loss=2.0848 val_acc=0.217 val_macro_f1=0.144 lr=[{'group': 'model', 'lr': 0.001}]
[imbalanced_standard] epoch 02/80 stage=head train_loss=1.4525 val_loss=2.3914 val_acc=0.253 val_macro_f1=0.174 lr=[{'group': 'model', 'lr': 0.001}]
[imbalanced_standard] epoch 03/80 stage=head train_loss=1.3401 val_loss=2.6455 val_acc=0.253 val_macro_f1=0.161 lr=[{'group': 'model', 'lr': 0.001}]
[imbalanced_standard] epoch 04/80 stage=head train_loss=1.2077 val_loss=2.4207 val_acc=0.271 val_macro_f1=0.201 lr=[{'group': 'model', 'lr': 0.001}]
[imbalanced_standard] epoch 05/80 stage=head train_loss=1.1221 val_loss=2.4880 val_acc=0.247 val_macro_f1=0.167 lr=[{'group': 'model', 'lr': 0.001}]
[imbalanced_standard] epoch 06/80 stage=head train_loss=1.1232 val_loss=2.1601 val_acc=0.349 val_macro_f1=0.237 lr=[{'group': 'model', 'lr': 0.001}]
[imbalanced_standard] epoch 07/80 stage=head train_loss=1.1039 val_loss=1.9362 val_acc=0.319 val_macro_f1=0.278 lr=[{'group': 'model', 'lr': 0.001}]
[imbalanced_standard] epoch 08/80 stage=head train_loss=0.9451 val_loss=1.8358 val_acc=0.355 val_macro_f1=0.284 lr=[{'group': 'model', 'lr': 0.001}]
[imbalanced_standard] epoch 09/80 stage=head train_loss=0.8609 val_loss=1.9632 val_acc=0.307 val_macro_f1=0.238 lr=[{'group': 'model', 'lr': 0.001}]
[imbalanced_standard] epoch 10/80 stage=head train_loss=0.8106 val_loss=1.9849 val_acc=0.386 val_macro_f1=0.313 lr=[{'group': 'model', 'lr': 0.001}]
[imbalanced_standard] epoch 11/80 stage=head train_loss=0.7997 val_loss=1.7950 val_acc=0.386 val_macro_f1=0.318 lr=[{'group': 'model', 'lr': 0.001}]
[imbalanced_standard] epoch 12/80 stage=head train_loss=0.7462 val_loss=2.3368 val_acc=0.355 val_macro_f1=0.308 lr=[{'group': 'model', 'lr': 0.001}]
[imbalanced_standard] epoch 13/80 stage=head train_loss=0.7532 val_loss=1.9847 val_acc=0.410 val_macro_f1=0.359 lr=[{'group': 'model', 'lr': 0.001}]
[imbalanced_standard] epoch 14/80 stage=head train_loss=0.6607 val_loss=2.1016 val_acc=0.386 val_macro_f1=0.295 lr=[{'group': 'model', 'lr': 0.001}]
[imbalanced_standard] epoch 15/80 stage=head train_loss=0.6076 val_loss=1.7024 val_acc=0.464 val_macro_f1=0.382 lr=[{'group': 'model', 'lr': 0.001}]
[imbalanced_standard] epoch 16/80 stage=head train_loss=0.5336 val_loss=1.4406 val_acc=0.500 val_macro_f1=0.413 lr=[{'group': 'model', 'lr': 0.001}]
[imbalanced_standard] epoch 17/80 stage=head train_loss=0.5292 val_loss=1.8051 val_acc=0.422 val_macro_f1=0.356 lr=[{'group': 'model', 'lr': 0.001}]
[imbalanced_standard] epoch 18/80 stage=head train_loss=0.4255 val_loss=1.5249 val_acc=0.464 val_macro_f1=0.394 lr=[{'group': 'model', 'lr': 0.001}]
[imbalanced_standard] epoch 19/80 stage=head train_loss=0.4130 val_loss=1.3281 val_acc=0.542 val_macro_f1=0.472 lr=[{'group': 'model', 'lr': 0.001}]
[imbalanced_standard] epoch 20/80 stage=head train_loss=0.3840 val_loss=1.1936 val_acc=0.572 val_macro_f1=0.507 lr=[{'group': 'model', 'lr': 0.001}]
[imbalanced_standard] epoch 21/80 stage=head train_loss=0.3471 val_loss=1.2988 val_acc=0.536 val_macro_f1=0.491 lr=[{'group': 'model', 'lr': 0.001}]
[imbalanced_standard] epoch 22/80 stage=head train_loss=0.3874 val_loss=1.4500 val_acc=0.524 val_macro_f1=0.499 lr=[{'group': 'model', 'lr': 0.001}]
[imbalanced_standard] epoch 23/80 stage=head train_loss=0.3089 val_loss=1.8300 val_acc=0.470 val_macro_f1=0.445 lr=[{'group': 'model', 'lr': 0.001}]
[imbalanced_standard] epoch 24/80 stage=head train_loss=0.3219 val_loss=1.2913 val_acc=0.584 val_macro_f1=0.534 lr=[{'group': 'model', 'lr': 0.001}]
[imbalanced_standard] epoch 25/80 stage=head train_loss=0.2787 val_loss=1.4528 val_acc=0.512 val_macro_f1=0.487 lr=[{'group': 'model', 'lr': 0.001}]
[imbalanced_standard] epoch 26/80 stage=head train_loss=0.2575 val_loss=1.1976 val_acc=0.578 val_macro_f1=0.531 lr=[{'group': 'model', 'lr': 0.001}]
[imbalanced_standard] epoch 27/80 stage=head train_loss=0.2223 val_loss=1.3561 val_acc=0.584 val_macro_f1=0.560 lr=[{'group': 'model', 'lr': 0.001}]
[imbalanced_standard] epoch 28/80 stage=head train_loss=0.1884 val_loss=1.2798 val_acc=0.590 val_macro_f1=0.557 lr=[{'group': 'model', 'lr': 0.001}]
[imbalanced_standard] epoch 29/80 stage=head train_loss=0.1637 val_loss=1.2316 val_acc=0.614 val_macro_f1=0.600 lr=[{'group': 'model', 'lr': 0.001}]
[imbalanced_standard] epoch 30/80 stage=head train_loss=0.1617 val_loss=1.0800 val_acc=0.663 val_macro_f1=0.663 lr=[{'group': 'model', 'lr': 0.001}]
[imbalanced_standard] epoch 31/80 stage=head train_loss=0.1747 val_loss=1.3441 val_acc=0.572 val_macro_f1=0.544 lr=[{'group': 'model', 'lr': 0.001}]
[imbalanced_standard] epoch 32/80 stage=head train_loss=0.1284 val_loss=1.1114 val_acc=0.657 val_macro_f1=0.639 lr=[{'group': 'model', 'lr': 0.001}]
[imbalanced_standard] epoch 33/80 stage=head train_loss=0.1475 val_loss=2.1594 val_acc=0.482 val_macro_f1=0.418 lr=[{'group': 'model', 'lr': 0.001}]
[imbalanced_standard] epoch 34/80 stage=head train_loss=0.1087 val_loss=1.5589 val_acc=0.554 val_macro_f1=0.543 lr=[{'group': 'model', 'lr': 0.001}]
[imbalanced_standard] epoch 35/80 stage=head train_loss=0.1240 val_loss=1.1546 val_acc=0.645 val_macro_f1=0.621 lr=[{'group': 'model', 'lr': 0.001}]
[imbalanced_standard] epoch 36/80 stage=head train_loss=0.1135 val_loss=1.8396 val_acc=0.506 val_macro_f1=0.464 lr=[{'group': 'model', 'lr': 0.001}]
[imbalanced_standard] epoch 37/80 stage=head train_loss=0.0905 val_loss=1.4220 val_acc=0.584 val_macro_f1=0.571 lr=[{'group': 'model', 'lr': 0.001}]
[imbalanced_standard] epoch 38/80 stage=head train_loss=0.0834 val_loss=1.0022 val_acc=0.717 val_macro_f1=0.712 lr=[{'group': 'model', 'lr': 0.001}]
[imbalanced_standard] epoch 39/80 stage=head train_loss=0.0695 val_loss=1.1695 val_acc=0.602 val_macro_f1=0.600 lr=[{'group': 'model', 'lr': 0.001}]
[imbalanced_standard] epoch 40/80 stage=head train_loss=0.0865 val_loss=1.1216 val_acc=0.669 val_macro_f1=0.661 lr=[{'group': 'model', 'lr': 0.001}]
[imbalanced_standard] epoch 41/80 stage=head train_loss=0.0620 val_loss=1.8166 val_acc=0.578 val_macro_f1=0.553 lr=[{'group': 'model', 'lr': 0.001}]
[imbalanced_standard] epoch 42/80 stage=head train_loss=0.0488 val_loss=1.4685 val_acc=0.608 val_macro_f1=0.602 lr=[{'group': 'model', 'lr': 0.001}]
[imbalanced_standard] epoch 43/80 stage=head train_loss=0.0465 val_loss=1.2903 val_acc=0.663 val_macro_f1=0.643 lr=[{'group': 'model', 'lr': 0.001}]
[imbalanced_standard] epoch 44/80 stage=head train_loss=0.0398 val_loss=1.2336 val_acc=0.669 val_macro_f1=0.672 lr=[{'group': 'model', 'lr': 0.001}]
[imbalanced_standard] epoch 45/80 stage=head train_loss=0.0403 val_loss=1.1340 val_acc=0.693 val_macro_f1=0.687 lr=[{'group': 'model', 'lr': 0.001}]
[imbalanced_standard] epoch 46/80 stage=head train_loss=0.0366 val_loss=1.4994 val_acc=0.639 val_macro_f1=0.618 lr=[{'group': 'model', 'lr': 0.001}]
[imbalanced_standard] epoch 47/80 stage=head train_loss=0.0328 val_loss=1.1060 val_acc=0.687 val_macro_f1=0.691 lr=[{'group': 'model', 'lr': 0.001}]
[imbalanced_standard] epoch 48/80 stage=head train_loss=0.0322 val_loss=1.5801 val_acc=0.596 val_macro_f1=0.619 lr=[{'group': 'model', 'lr': 0.001}]
[imbalanced_standard] epoch 49/80 stage=head train_loss=0.0295 val_loss=1.6407 val_acc=0.572 val_macro_f1=0.569 lr=[{'group': 'model', 'lr': 0.001}]
[imbalanced_standard] epoch 50/80 stage=head train_loss=0.0276 val_loss=1.2053 val_acc=0.657 val_macro_f1=0.646 lr=[{'group': 'model', 'lr': 0.001}]
[imbalanced_standard] epoch 51/80 stage=head train_loss=0.0307 val_loss=0.9604 val_acc=0.717 val_macro_f1=0.707 lr=[{'group': 'model', 'lr': 0.001}]
[imbalanced_standard] epoch 52/80 stage=head train_loss=0.0266 val_loss=1.0716 val_acc=0.687 val_macro_f1=0.671 lr=[{'group': 'model', 'lr': 0.001}]
[imbalanced_standard] epoch 53/80 stage=head train_loss=0.0238 val_loss=1.0040 val_acc=0.723 val_macro_f1=0.729 lr=[{'group': 'model', 'lr': 0.001}]
[imbalanced_standard] epoch 54/80 stage=head train_loss=0.0259 val_loss=1.1473 val_acc=0.675 val_macro_f1=0.674 lr=[{'group': 'model', 'lr': 0.001}]
[imbalanced_standard] epoch 55/80 stage=head train_loss=0.0286 val_loss=2.0322 val_acc=0.572 val_macro_f1=0.579 lr=[{'group': 'model', 'lr': 0.001}]
[imbalanced_standard] epoch 56/80 stage=head train_loss=0.0198 val_loss=1.3991 val_acc=0.669 val_macro_f1=0.679 lr=[{'group': 'model', 'lr': 0.001}]
[imbalanced_standard] epoch 57/80 stage=head train_loss=0.0233 val_loss=1.1867 val_acc=0.651 val_macro_f1=0.641 lr=[{'group': 'model', 'lr': 0.001}]
[imbalanced_standard] epoch 58/80 stage=head train_loss=0.0238 val_loss=1.6413 val_acc=0.584 val_macro_f1=0.579 lr=[{'group': 'model', 'lr': 0.001}]
[imbalanced_standard] epoch 59/80 stage=head train_loss=0.0295 val_loss=1.3762 val_acc=0.645 val_macro_f1=0.629 lr=[{'group': 'model', 'lr': 0.001}]
[imbalanced_standard] epoch 60/80 stage=head train_loss=0.0241 val_loss=1.3728 val_acc=0.645 val_macro_f1=0.627 lr=[{'group': 'model', 'lr': 0.001}]
[imbalanced_standard] epoch 61/80 stage=head train_loss=0.0167 val_loss=1.3293 val_acc=0.693 val_macro_f1=0.696 lr=[{'group': 'model', 'lr': 0.001}]
[imbalanced_standard] epoch 62/80 stage=head train_loss=0.0210 val_loss=1.1735 val_acc=0.693 val_macro_f1=0.695 lr=[{'group': 'model', 'lr': 0.001}]
[imbalanced_standard] epoch 63/80 stage=head train_loss=0.0147 val_loss=1.0989 val_acc=0.735 val_macro_f1=0.728 lr=[{'group': 'model', 'lr': 0.001}]
[imbalanced_standard] epoch 64/80 stage=head train_loss=0.0161 val_loss=0.9515 val_acc=0.717 val_macro_f1=0.719 lr=[{'group': 'model', 'lr': 0.001}]
[imbalanced_standard] epoch 65/80 stage=head train_loss=0.0164 val_loss=1.0568 val_acc=0.681 val_macro_f1=0.673 lr=[{'group': 'model', 'lr': 0.001}]
[imbalanced_standard] epoch 66/80 stage=head train_loss=0.0192 val_loss=1.6840 val_acc=0.602 val_macro_f1=0.580 lr=[{'group': 'model', 'lr': 0.001}]
[imbalanced_standard] epoch 67/80 stage=head train_loss=0.0183 val_loss=1.5982 val_acc=0.572 val_macro_f1=0.530 lr=[{'group': 'model', 'lr': 0.001}]
[imbalanced_standard] epoch 68/80 stage=head train_loss=0.0164 val_loss=1.7897 val_acc=0.536 val_macro_f1=0.502 lr=[{'group': 'model', 'lr': 0.001}]
[imbalanced_standard] epoch 69/80 stage=head train_loss=0.0196 val_loss=0.8332 val_acc=0.747 val_macro_f1=0.747 lr=[{'group': 'model', 'lr': 0.001}]
[imbalanced_standard] epoch 70/80 stage=head train_loss=0.0113 val_loss=0.8598 val_acc=0.759 val_macro_f1=0.757 lr=[{'group': 'model', 'lr': 0.001}]
[imbalanced_standard] epoch 71/80 stage=head train_loss=0.0097 val_loss=2.0563 val_acc=0.578 val_macro_f1=0.593 lr=[{'group': 'model', 'lr': 0.001}]
[imbalanced_standard] epoch 72/80 stage=head train_loss=0.0112 val_loss=1.2978 val_acc=0.663 val_macro_f1=0.659 lr=[{'group': 'model', 'lr': 0.001}]
[imbalanced_standard] epoch 73/80 stage=head train_loss=0.0092 val_loss=1.5926 val_acc=0.651 val_macro_f1=0.667 lr=[{'group': 'model', 'lr': 0.001}]
[imbalanced_standard] epoch 74/80 stage=head train_loss=0.0121 val_loss=1.0101 val_acc=0.693 val_macro_f1=0.681 lr=[{'group': 'model', 'lr': 0.001}]
[imbalanced_standard] epoch 75/80 stage=head train_loss=0.0137 val_loss=1.0750 val_acc=0.687 val_macro_f1=0.671 lr=[{'group': 'model', 'lr': 0.001}]
[imbalanced_standard] epoch 76/80 stage=head train_loss=0.0139 val_loss=1.3783 val_acc=0.633 val_macro_f1=0.616 lr=[{'group': 'model', 'lr': 0.001}]
[imbalanced_standard] epoch 77/80 stage=head train_loss=0.0123 val_loss=1.4977 val_acc=0.657 val_macro_f1=0.658 lr=[{'group': 'model', 'lr': 0.001}]
[imbalanced_standard] epoch 78/80 stage=head train_loss=0.0130 val_loss=1.2792 val_acc=0.663 val_macro_f1=0.668 lr=[{'group': 'model', 'lr': 0.001}]
[imbalanced_standard] epoch 79/80 stage=head train_loss=0.0183 val_loss=1.7484 val_acc=0.645 val_macro_f1=0.623 lr=[{'group': 'model', 'lr': 0.001}]
[imbalanced_standard] epoch 80/80 stage=head train_loss=0.0148 val_loss=1.5238 val_acc=0.675 val_macro_f1=0.653 lr=[{'group': 'model', 'lr': 0.001}]

Running Imbalanced + balanced batches [imbalanced_balanced]
[imbalanced_balanced] rolling checkpoint is from a different configuration; starting fresh
[imbalanced_balanced] epoch 01/80 stage=head train_loss=1.8641 val_loss=1.9941 val_acc=0.229 val_macro_f1=0.166 lr=[{'group': 'model', 'lr': 0.001}]
[imbalanced_balanced] epoch 02/80 stage=head train_loss=1.5456 val_loss=1.9429 val_acc=0.277 val_macro_f1=0.220 lr=[{'group': 'model', 'lr': 0.001}]
[imbalanced_balanced] epoch 03/80 stage=head train_loss=1.3371 val_loss=2.2712 val_acc=0.307 val_macro_f1=0.230 lr=[{'group': 'model', 'lr': 0.001}]
[imbalanced_balanced] epoch 04/80 stage=head train_loss=1.1254 val_loss=2.5401 val_acc=0.301 val_macro_f1=0.236 lr=[{'group': 'model', 'lr': 0.001}]
[imbalanced_balanced] epoch 05/80 stage=head train_loss=1.0017 val_loss=1.8410 val_acc=0.361 val_macro_f1=0.327 lr=[{'group': 'model', 'lr': 0.001}]
[imbalanced_balanced] epoch 06/80 stage=head train_loss=0.8395 val_loss=1.7582 val_acc=0.416 val_macro_f1=0.370 lr=[{'group': 'model', 'lr': 0.001}]
[imbalanced_balanced] epoch 07/80 stage=head train_loss=0.7340 val_loss=1.5818 val_acc=0.464 val_macro_f1=0.440 lr=[{'group': 'model', 'lr': 0.001}]
[imbalanced_balanced] epoch 08/80 stage=head train_loss=0.6618 val_loss=1.7574 val_acc=0.488 val_macro_f1=0.496 lr=[{'group': 'model', 'lr': 0.001}]
[imbalanced_balanced] epoch 09/80 stage=head train_loss=0.5844 val_loss=1.5088 val_acc=0.500 val_macro_f1=0.489 lr=[{'group': 'model', 'lr': 0.001}]
[imbalanced_balanced] epoch 10/80 stage=head train_loss=0.5245 val_loss=1.4272 val_acc=0.542 val_macro_f1=0.535 lr=[{'group': 'model', 'lr': 0.001}]
[imbalanced_balanced] epoch 11/80 stage=head train_loss=0.4582 val_loss=1.3476 val_acc=0.548 val_macro_f1=0.538 lr=[{'group': 'model', 'lr': 0.001}]
[imbalanced_balanced] epoch 12/80 stage=head train_loss=0.4221 val_loss=1.8805 val_acc=0.458 val_macro_f1=0.472 lr=[{'group': 'model', 'lr': 0.001}]
[imbalanced_balanced] epoch 13/80 stage=head train_loss=0.3447 val_loss=1.4702 val_acc=0.554 val_macro_f1=0.520 lr=[{'group': 'model', 'lr': 0.001}]
[imbalanced_balanced] epoch 14/80 stage=head train_loss=0.3060 val_loss=1.8323 val_acc=0.500 val_macro_f1=0.501 lr=[{'group': 'model', 'lr': 0.001}]
[imbalanced_balanced] epoch 15/80 stage=head train_loss=0.2904 val_loss=1.5350 val_acc=0.596 val_macro_f1=0.572 lr=[{'group': 'model', 'lr': 0.001}]
[imbalanced_balanced] epoch 16/80 stage=head train_loss=0.2356 val_loss=2.1313 val_acc=0.440 val_macro_f1=0.413 lr=[{'group': 'model', 'lr': 0.001}]
[imbalanced_balanced] epoch 17/80 stage=head train_loss=0.2091 val_loss=1.5115 val_acc=0.584 val_macro_f1=0.566 lr=[{'group': 'model', 'lr': 0.001}]
[imbalanced_balanced] epoch 18/80 stage=head train_loss=0.1900 val_loss=1.3608 val_acc=0.608 val_macro_f1=0.596 lr=[{'group': 'model', 'lr': 0.001}]
[imbalanced_balanced] epoch 19/80 stage=head train_loss=0.1618 val_loss=1.4062 val_acc=0.627 val_macro_f1=0.625 lr=[{'group': 'model', 'lr': 0.001}]
[imbalanced_balanced] epoch 20/80 stage=head train_loss=0.1767 val_loss=2.8936 val_acc=0.446 val_macro_f1=0.457 lr=[{'group': 'model', 'lr': 0.001}]
[imbalanced_balanced] epoch 21/80 stage=head train_loss=0.1515 val_loss=1.4657 val_acc=0.633 val_macro_f1=0.633 lr=[{'group': 'model', 'lr': 0.001}]
[imbalanced_balanced] epoch 22/80 stage=head train_loss=0.1393 val_loss=1.7273 val_acc=0.524 val_macro_f1=0.503 lr=[{'group': 'model', 'lr': 0.001}]
[imbalanced_balanced] epoch 23/80 stage=head train_loss=0.1220 val_loss=1.5391 val_acc=0.584 val_macro_f1=0.561 lr=[{'group': 'model', 'lr': 0.001}]
[imbalanced_balanced] epoch 24/80 stage=head train_loss=0.1005 val_loss=1.6455 val_acc=0.590 val_macro_f1=0.567 lr=[{'group': 'model', 'lr': 0.001}]
[imbalanced_balanced] epoch 25/80 stage=head train_loss=0.0897 val_loss=1.6436 val_acc=0.560 val_macro_f1=0.560 lr=[{'group': 'model', 'lr': 0.001}]
[imbalanced_balanced] epoch 26/80 stage=head train_loss=0.0919 val_loss=1.9158 val_acc=0.578 val_macro_f1=0.565 lr=[{'group': 'model', 'lr': 0.001}]
[imbalanced_balanced] epoch 27/80 stage=head train_loss=0.0857 val_loss=1.6575 val_acc=0.584 val_macro_f1=0.581 lr=[{'group': 'model', 'lr': 0.001}]
[imbalanced_balanced] epoch 28/80 stage=head train_loss=0.1107 val_loss=1.6677 val_acc=0.596 val_macro_f1=0.592 lr=[{'group': 'model', 'lr': 0.001}]
[imbalanced_balanced] epoch 29/80 stage=head train_loss=0.0798 val_loss=1.7529 val_acc=0.578 val_macro_f1=0.551 lr=[{'group': 'model', 'lr': 0.001}]
[imbalanced_balanced] epoch 30/80 stage=head train_loss=0.0603 val_loss=1.5362 val_acc=0.645 val_macro_f1=0.616 lr=[{'group': 'model', 'lr': 0.001}]
[imbalanced_balanced] epoch 31/80 stage=head train_loss=0.0474 val_loss=1.3652 val_acc=0.639 val_macro_f1=0.656 lr=[{'group': 'model', 'lr': 0.001}]
[imbalanced_balanced] epoch 32/80 stage=head train_loss=0.0367 val_loss=1.4708 val_acc=0.663 val_macro_f1=0.654 lr=[{'group': 'model', 'lr': 0.001}]
[imbalanced_balanced] epoch 33/80 stage=head train_loss=0.0304 val_loss=1.2484 val_acc=0.669 val_macro_f1=0.669 lr=[{'group': 'model', 'lr': 0.001}]
[imbalanced_balanced] epoch 34/80 stage=head train_loss=0.0329 val_loss=2.3703 val_acc=0.536 val_macro_f1=0.536 lr=[{'group': 'model', 'lr': 0.001}]
[imbalanced_balanced] epoch 35/80 stage=head train_loss=0.0234 val_loss=1.4532 val_acc=0.614 val_macro_f1=0.619 lr=[{'group': 'model', 'lr': 0.001}]
[imbalanced_balanced] epoch 36/80 stage=head train_loss=0.0277 val_loss=1.5010 val_acc=0.620 val_macro_f1=0.597 lr=[{'group': 'model', 'lr': 0.001}]
[imbalanced_balanced] epoch 37/80 stage=head train_loss=0.0233 val_loss=1.2144 val_acc=0.645 val_macro_f1=0.630 lr=[{'group': 'model', 'lr': 0.001}]
[imbalanced_balanced] epoch 38/80 stage=head train_loss=0.0159 val_loss=1.2636 val_acc=0.657 val_macro_f1=0.658 lr=[{'group': 'model', 'lr': 0.001}]
[imbalanced_balanced] epoch 39/80 stage=head train_loss=0.0179 val_loss=1.3923 val_acc=0.645 val_macro_f1=0.642 lr=[{'group': 'model', 'lr': 0.001}]
[imbalanced_balanced] epoch 40/80 stage=head train_loss=0.0197 val_loss=1.8186 val_acc=0.614 val_macro_f1=0.580 lr=[{'group': 'model', 'lr': 0.001}]
[imbalanced_balanced] epoch 41/80 stage=head train_loss=0.0170 val_loss=1.3114 val_acc=0.663 val_macro_f1=0.655 lr=[{'group': 'model', 'lr': 0.001}]
[imbalanced_balanced] epoch 42/80 stage=head train_loss=0.0287 val_loss=1.1686 val_acc=0.699 val_macro_f1=0.691 lr=[{'group': 'model', 'lr': 0.001}]
[imbalanced_balanced] epoch 43/80 stage=head train_loss=0.0185 val_loss=1.7335 val_acc=0.633 val_macro_f1=0.612 lr=[{'group': 'model', 'lr': 0.001}]
[imbalanced_balanced] epoch 44/80 stage=head train_loss=0.0212 val_loss=1.4918 val_acc=0.633 val_macro_f1=0.620 lr=[{'group': 'model', 'lr': 0.001}]
[imbalanced_balanced] epoch 45/80 stage=head train_loss=0.0159 val_loss=1.2665 val_acc=0.687 val_macro_f1=0.685 lr=[{'group': 'model', 'lr': 0.001}]
[imbalanced_balanced] epoch 46/80 stage=head train_loss=0.0157 val_loss=1.9416 val_acc=0.608 val_macro_f1=0.610 lr=[{'group': 'model', 'lr': 0.001}]
[imbalanced_balanced] epoch 47/80 stage=head train_loss=0.0164 val_loss=1.5403 val_acc=0.657 val_macro_f1=0.643 lr=[{'group': 'model', 'lr': 0.001}]
[imbalanced_balanced] epoch 48/80 stage=head train_loss=0.0160 val_loss=1.4983 val_acc=0.669 val_macro_f1=0.677 lr=[{'group': 'model', 'lr': 0.001}]
[imbalanced_balanced] epoch 49/80 stage=head train_loss=0.0114 val_loss=1.5205 val_acc=0.681 val_macro_f1=0.671 lr=[{'group': 'model', 'lr': 0.001}]
[imbalanced_balanced] epoch 50/80 stage=head train_loss=0.0101 val_loss=1.4772 val_acc=0.651 val_macro_f1=0.639 lr=[{'group': 'model', 'lr': 0.001}]
[imbalanced_balanced] epoch 51/80 stage=head train_loss=0.0100 val_loss=1.3381 val_acc=0.645 val_macro_f1=0.643 lr=[{'group': 'model', 'lr': 0.001}]
[imbalanced_balanced] epoch 52/80 stage=head train_loss=0.0096 val_loss=1.4667 val_acc=0.675 val_macro_f1=0.679 lr=[{'group': 'model', 'lr': 0.001}]
[imbalanced_balanced] epoch 53/80 stage=head train_loss=0.0111 val_loss=1.3809 val_acc=0.675 val_macro_f1=0.663 lr=[{'group': 'model', 'lr': 0.001}]
[imbalanced_balanced] epoch 54/80 stage=head train_loss=0.0100 val_loss=1.7893 val_acc=0.627 val_macro_f1=0.621 lr=[{'group': 'model', 'lr': 0.001}]
[imbalanced_balanced] epoch 55/80 stage=head train_loss=0.0096 val_loss=1.4345 val_acc=0.657 val_macro_f1=0.660 lr=[{'group': 'model', 'lr': 0.001}]
[imbalanced_balanced] epoch 56/80 stage=head train_loss=0.0092 val_loss=1.9540 val_acc=0.602 val_macro_f1=0.614 lr=[{'group': 'model', 'lr': 0.001}]
[imbalanced_balanced] epoch 57/80 stage=head train_loss=0.0082 val_loss=1.9017 val_acc=0.602 val_macro_f1=0.593 lr=[{'group': 'model', 'lr': 0.001}]
[imbalanced_balanced] epoch 58/80 stage=head train_loss=0.0071 val_loss=1.4207 val_acc=0.675 val_macro_f1=0.656 lr=[{'group': 'model', 'lr': 0.001}]
[imbalanced_balanced] epoch 59/80 stage=head train_loss=0.0065 val_loss=1.3737 val_acc=0.657 val_macro_f1=0.639 lr=[{'group': 'model', 'lr': 0.001}]
[imbalanced_balanced] epoch 60/80 stage=head train_loss=0.0064 val_loss=1.6060 val_acc=0.657 val_macro_f1=0.654 lr=[{'group': 'model', 'lr': 0.001}]
[imbalanced_balanced] epoch 61/80 stage=head train_loss=0.0045 val_loss=1.7180 val_acc=0.639 val_macro_f1=0.632 lr=[{'group': 'model', 'lr': 0.001}]
[imbalanced_balanced] epoch 62/80 stage=head train_loss=0.0044 val_loss=1.3638 val_acc=0.681 val_macro_f1=0.670 lr=[{'group': 'model', 'lr': 0.001}]
[imbalanced_balanced] epoch 63/80 stage=head train_loss=0.0055 val_loss=1.4451 val_acc=0.620 val_macro_f1=0.610 lr=[{'group': 'model', 'lr': 0.001}]
[imbalanced_balanced] epoch 64/80 stage=head train_loss=0.0069 val_loss=1.2737 val_acc=0.675 val_macro_f1=0.664 lr=[{'group': 'model', 'lr': 0.001}]
[imbalanced_balanced] epoch 65/80 stage=head train_loss=0.0101 val_loss=1.4209 val_acc=0.693 val_macro_f1=0.693 lr=[{'group': 'model', 'lr': 0.001}]
[imbalanced_balanced] epoch 66/80 stage=head train_loss=0.0280 val_loss=2.2321 val_acc=0.572 val_macro_f1=0.554 lr=[{'group': 'model', 'lr': 0.001}]
[imbalanced_balanced] epoch 67/80 stage=head train_loss=0.0479 val_loss=1.9992 val_acc=0.566 val_macro_f1=0.548 lr=[{'group': 'model', 'lr': 0.001}]
[imbalanced_balanced] epoch 68/80 stage=head train_loss=0.0301 val_loss=2.0426 val_acc=0.602 val_macro_f1=0.581 lr=[{'group': 'model', 'lr': 0.001}]
[imbalanced_balanced] epoch 69/80 stage=head train_loss=0.0294 val_loss=1.9432 val_acc=0.645 val_macro_f1=0.635 lr=[{'group': 'model', 'lr': 0.001}]
[imbalanced_balanced] epoch 70/80 stage=head train_loss=0.0277 val_loss=1.6973 val_acc=0.675 val_macro_f1=0.665 lr=[{'group': 'model', 'lr': 0.001}]
[imbalanced_balanced] epoch 71/80 stage=head train_loss=0.0306 val_loss=2.4488 val_acc=0.530 val_macro_f1=0.541 lr=[{'group': 'model', 'lr': 0.001}]
[imbalanced_balanced] epoch 72/80 stage=head train_loss=0.0337 val_loss=2.4543 val_acc=0.578 val_macro_f1=0.557 lr=[{'group': 'model', 'lr': 0.001}]
[imbalanced_balanced] epoch 73/80 stage=head train_loss=0.0366 val_loss=1.8077 val_acc=0.669 val_macro_f1=0.639 lr=[{'group': 'model', 'lr': 0.001}]
[imbalanced_balanced] epoch 74/80 stage=head train_loss=0.0652 val_loss=3.7406 val_acc=0.458 val_macro_f1=0.411 lr=[{'group': 'model', 'lr': 0.001}]
[imbalanced_balanced] epoch 75/80 stage=head train_loss=0.0861 val_loss=4.6581 val_acc=0.337 val_macro_f1=0.326 lr=[{'group': 'model', 'lr': 0.001}]
[imbalanced_balanced] epoch 76/80 stage=head train_loss=0.0680 val_loss=2.2378 val_acc=0.590 val_macro_f1=0.543 lr=[{'group': 'model', 'lr': 0.001}]
[imbalanced_balanced] epoch 77/80 stage=head train_loss=0.0733 val_loss=2.4439 val_acc=0.524 val_macro_f1=0.497 lr=[{'group': 'model', 'lr': 0.001}]
[imbalanced_balanced] epoch 78/80 stage=head train_loss=0.0521 val_loss=2.1939 val_acc=0.596 val_macro_f1=0.585 lr=[{'group': 'model', 'lr': 0.001}]
[imbalanced_balanced] epoch 79/80 stage=head train_loss=0.0281 val_loss=1.2379 val_acc=0.693 val_macro_f1=0.688 lr=[{'group': 'model', 'lr': 0.001}]
[imbalanced_balanced] epoch 80/80 stage=head train_loss=0.0313 val_loss=1.5364 val_acc=0.651 val_macro_f1=0.647 lr=[{'group': 'model', 'lr': 0.001}]

Running ResNet18 feature extraction [resnet18_feature_extraction]
[resnet18_feature_extraction] rolling checkpoint is from a different configuration; starting fresh
[resnet18_feature_extraction] epoch 01/80 stage=head train_loss=2.2302 val_loss=2.0992 val_acc=0.157 val_macro_f1=0.127 lr=[{'group': 'head', 'lr': 0.0005}]
[resnet18_feature_extraction] epoch 02/80 stage=head train_loss=2.0680 val_loss=1.9884 val_acc=0.271 val_macro_f1=0.221 lr=[{'group': 'head', 'lr': 0.0005}]
[resnet18_feature_extraction] epoch 03/80 stage=head train_loss=1.9362 val_loss=1.8710 val_acc=0.325 val_macro_f1=0.293 lr=[{'group': 'head', 'lr': 0.0005}]
[resnet18_feature_extraction] epoch 04/80 stage=head train_loss=1.8173 val_loss=1.7556 val_acc=0.404 val_macro_f1=0.371 lr=[{'group': 'head', 'lr': 0.0005}]
[resnet18_feature_extraction] epoch 05/80 stage=head train_loss=1.6924 val_loss=1.6595 val_acc=0.506 val_macro_f1=0.505 lr=[{'group': 'head', 'lr': 0.0005}]
[resnet18_feature_extraction] epoch 06/80 stage=head train_loss=1.6096 val_loss=1.5671 val_acc=0.548 val_macro_f1=0.543 lr=[{'group': 'head', 'lr': 0.0005}]
[resnet18_feature_extraction] epoch 07/80 stage=head train_loss=1.5029 val_loss=1.4813 val_acc=0.596 val_macro_f1=0.574 lr=[{'group': 'head', 'lr': 0.0005}]
[resnet18_feature_extraction] epoch 08/80 stage=head train_loss=1.4165 val_loss=1.4031 val_acc=0.602 val_macro_f1=0.576 lr=[{'group': 'head', 'lr': 0.0005}]
[resnet18_feature_extraction] epoch 09/80 stage=head train_loss=1.3191 val_loss=1.3362 val_acc=0.651 val_macro_f1=0.637 lr=[{'group': 'head', 'lr': 0.0005}]
[resnet18_feature_extraction] epoch 10/80 stage=head train_loss=1.2461 val_loss=1.2755 val_acc=0.681 val_macro_f1=0.672 lr=[{'group': 'head', 'lr': 0.0005}]
[resnet18_feature_extraction] epoch 11/80 stage=head train_loss=1.1971 val_loss=1.2234 val_acc=0.699 val_macro_f1=0.690 lr=[{'group': 'head', 'lr': 0.0005}]
[resnet18_feature_extraction] epoch 12/80 stage=head train_loss=1.1618 val_loss=1.1752 val_acc=0.687 val_macro_f1=0.663 lr=[{'group': 'head', 'lr': 0.0005}]
[resnet18_feature_extraction] epoch 13/80 stage=head train_loss=1.0886 val_loss=1.1247 val_acc=0.747 val_macro_f1=0.740 lr=[{'group': 'head', 'lr': 0.0005}]
[resnet18_feature_extraction] epoch 14/80 stage=head train_loss=1.0307 val_loss=1.0897 val_acc=0.765 val_macro_f1=0.758 lr=[{'group': 'head', 'lr': 0.0005}]
[resnet18_feature_extraction] epoch 15/80 stage=head train_loss=0.9899 val_loss=1.0509 val_acc=0.753 val_macro_f1=0.742 lr=[{'group': 'head', 'lr': 0.0005}]
[resnet18_feature_extraction] epoch 16/80 stage=head train_loss=0.9426 val_loss=1.0173 val_acc=0.723 val_macro_f1=0.719 lr=[{'group': 'head', 'lr': 0.0005}]
[resnet18_feature_extraction] epoch 17/80 stage=head train_loss=0.9179 val_loss=0.9835 val_acc=0.735 val_macro_f1=0.729 lr=[{'group': 'head', 'lr': 0.0005}]
[resnet18_feature_extraction] epoch 18/80 stage=head train_loss=0.8728 val_loss=0.9534 val_acc=0.777 val_macro_f1=0.771 lr=[{'group': 'head', 'lr': 0.0005}]
[resnet18_feature_extraction] epoch 19/80 stage=head train_loss=0.8519 val_loss=0.9285 val_acc=0.771 val_macro_f1=0.767 lr=[{'group': 'head', 'lr': 0.0005}]
[resnet18_feature_extraction] epoch 20/80 stage=head train_loss=0.8164 val_loss=0.9044 val_acc=0.777 val_macro_f1=0.773 lr=[{'group': 'head', 'lr': 0.0005}]
[resnet18_feature_extraction] epoch 21/80 stage=head train_loss=0.7819 val_loss=0.8820 val_acc=0.789 val_macro_f1=0.786 lr=[{'group': 'head', 'lr': 0.0005}]
[resnet18_feature_extraction] epoch 22/80 stage=head train_loss=0.7665 val_loss=0.8618 val_acc=0.801 val_macro_f1=0.798 lr=[{'group': 'head', 'lr': 0.0005}]
[resnet18_feature_extraction] epoch 23/80 stage=head train_loss=0.7541 val_loss=0.8445 val_acc=0.801 val_macro_f1=0.798 lr=[{'group': 'head', 'lr': 0.0005}]
[resnet18_feature_extraction] epoch 24/80 stage=head train_loss=0.7143 val_loss=0.8255 val_acc=0.807 val_macro_f1=0.802 lr=[{'group': 'head', 'lr': 0.0005}]
[resnet18_feature_extraction] epoch 25/80 stage=head train_loss=0.7033 val_loss=0.8065 val_acc=0.801 val_macro_f1=0.798 lr=[{'group': 'head', 'lr': 0.0005}]
[resnet18_feature_extraction] epoch 26/80 stage=head train_loss=0.6887 val_loss=0.7926 val_acc=0.807 val_macro_f1=0.805 lr=[{'group': 'head', 'lr': 0.0005}]
[resnet18_feature_extraction] epoch 27/80 stage=head train_loss=0.6664 val_loss=0.7794 val_acc=0.807 val_macro_f1=0.804 lr=[{'group': 'head', 'lr': 0.0005}]
[resnet18_feature_extraction] epoch 28/80 stage=head train_loss=0.6500 val_loss=0.7626 val_acc=0.819 val_macro_f1=0.817 lr=[{'group': 'head', 'lr': 0.0005}]
[resnet18_feature_extraction] epoch 29/80 stage=head train_loss=0.6350 val_loss=0.7522 val_acc=0.819 val_macro_f1=0.815 lr=[{'group': 'head', 'lr': 0.0005}]
[resnet18_feature_extraction] epoch 30/80 stage=head train_loss=0.6236 val_loss=0.7370 val_acc=0.813 val_macro_f1=0.810 lr=[{'group': 'head', 'lr': 0.0005}]
[resnet18_feature_extraction] epoch 31/80 stage=head train_loss=0.6021 val_loss=0.7231 val_acc=0.825 val_macro_f1=0.822 lr=[{'group': 'head', 'lr': 0.0005}]
[resnet18_feature_extraction] epoch 32/80 stage=head train_loss=0.5917 val_loss=0.7138 val_acc=0.825 val_macro_f1=0.823 lr=[{'group': 'head', 'lr': 0.0005}]
[resnet18_feature_extraction] epoch 33/80 stage=head train_loss=0.5836 val_loss=0.7067 val_acc=0.825 val_macro_f1=0.823 lr=[{'group': 'head', 'lr': 0.0005}]
[resnet18_feature_extraction] epoch 34/80 stage=head train_loss=0.5673 val_loss=0.6981 val_acc=0.837 val_macro_f1=0.836 lr=[{'group': 'head', 'lr': 0.0005}]
[resnet18_feature_extraction] epoch 35/80 stage=head train_loss=0.5597 val_loss=0.6869 val_acc=0.843 val_macro_f1=0.842 lr=[{'group': 'head', 'lr': 0.0005}]
[resnet18_feature_extraction] epoch 36/80 stage=head train_loss=0.5388 val_loss=0.6785 val_acc=0.837 val_macro_f1=0.837 lr=[{'group': 'head', 'lr': 0.0005}]
[resnet18_feature_extraction] epoch 37/80 stage=head train_loss=0.5239 val_loss=0.6679 val_acc=0.819 val_macro_f1=0.816 lr=[{'group': 'head', 'lr': 0.0005}]
[resnet18_feature_extraction] epoch 38/80 stage=head train_loss=0.5301 val_loss=0.6609 val_acc=0.843 val_macro_f1=0.842 lr=[{'group': 'head', 'lr': 0.0005}]
[resnet18_feature_extraction] epoch 39/80 stage=head train_loss=0.5168 val_loss=0.6518 val_acc=0.843 val_macro_f1=0.841 lr=[{'group': 'head', 'lr': 0.0005}]
[resnet18_feature_extraction] epoch 40/80 stage=head train_loss=0.5169 val_loss=0.6444 val_acc=0.849 val_macro_f1=0.847 lr=[{'group': 'head', 'lr': 0.0005}]
[resnet18_feature_extraction] epoch 41/80 stage=head train_loss=0.5010 val_loss=0.6390 val_acc=0.849 val_macro_f1=0.848 lr=[{'group': 'head', 'lr': 0.0005}]
[resnet18_feature_extraction] epoch 42/80 stage=head train_loss=0.4802 val_loss=0.6385 val_acc=0.849 val_macro_f1=0.847 lr=[{'group': 'head', 'lr': 0.0005}]
[resnet18_feature_extraction] epoch 43/80 stage=head train_loss=0.4880 val_loss=0.6313 val_acc=0.843 val_macro_f1=0.844 lr=[{'group': 'head', 'lr': 0.0005}]
[resnet18_feature_extraction] epoch 44/80 stage=head train_loss=0.4650 val_loss=0.6236 val_acc=0.849 val_macro_f1=0.848 lr=[{'group': 'head', 'lr': 0.0005}]
[resnet18_feature_extraction] epoch 45/80 stage=head train_loss=0.4623 val_loss=0.6118 val_acc=0.861 val_macro_f1=0.861 lr=[{'group': 'head', 'lr': 0.0005}]
[resnet18_feature_extraction] epoch 46/80 stage=head train_loss=0.4688 val_loss=0.6062 val_acc=0.861 val_macro_f1=0.861 lr=[{'group': 'head', 'lr': 0.0005}]
[resnet18_feature_extraction] epoch 47/80 stage=head train_loss=0.4577 val_loss=0.6050 val_acc=0.837 val_macro_f1=0.837 lr=[{'group': 'head', 'lr': 0.0005}]
[resnet18_feature_extraction] epoch 48/80 stage=head train_loss=0.4513 val_loss=0.6027 val_acc=0.837 val_macro_f1=0.837 lr=[{'group': 'head', 'lr': 0.0005}]
[resnet18_feature_extraction] epoch 49/80 stage=head train_loss=0.4372 val_loss=0.5923 val_acc=0.855 val_macro_f1=0.854 lr=[{'group': 'head', 'lr': 0.0005}]
[resnet18_feature_extraction] epoch 50/80 stage=head train_loss=0.4328 val_loss=0.5870 val_acc=0.861 val_macro_f1=0.861 lr=[{'group': 'head', 'lr': 0.0005}]
[resnet18_feature_extraction] epoch 51/80 stage=head train_loss=0.4277 val_loss=0.5837 val_acc=0.855 val_macro_f1=0.854 lr=[{'group': 'head', 'lr': 0.0005}]
[resnet18_feature_extraction] epoch 52/80 stage=head train_loss=0.4301 val_loss=0.5817 val_acc=0.843 val_macro_f1=0.841 lr=[{'group': 'head', 'lr': 0.0005}]
[resnet18_feature_extraction] epoch 53/80 stage=head train_loss=0.4232 val_loss=0.5801 val_acc=0.843 val_macro_f1=0.844 lr=[{'group': 'head', 'lr': 0.0005}]
[resnet18_feature_extraction] epoch 54/80 stage=head train_loss=0.4023 val_loss=0.5759 val_acc=0.837 val_macro_f1=0.837 lr=[{'group': 'head', 'lr': 0.0005}]
[resnet18_feature_extraction] epoch 55/80 stage=head train_loss=0.3995 val_loss=0.5666 val_acc=0.843 val_macro_f1=0.843 lr=[{'group': 'head', 'lr': 0.0005}]
[resnet18_feature_extraction] epoch 56/80 stage=head train_loss=0.4142 val_loss=0.5626 val_acc=0.849 val_macro_f1=0.847 lr=[{'group': 'head', 'lr': 0.0005}]
[resnet18_feature_extraction] epoch 57/80 stage=head train_loss=0.3949 val_loss=0.5591 val_acc=0.843 val_macro_f1=0.842 lr=[{'group': 'head', 'lr': 0.0005}]
[resnet18_feature_extraction] epoch 58/80 stage=head train_loss=0.3875 val_loss=0.5588 val_acc=0.849 val_macro_f1=0.849 lr=[{'group': 'head', 'lr': 0.0005}]
[resnet18_feature_extraction] epoch 59/80 stage=head train_loss=0.3846 val_loss=0.5529 val_acc=0.837 val_macro_f1=0.836 lr=[{'group': 'head', 'lr': 0.0005}]
[resnet18_feature_extraction] epoch 60/80 stage=head train_loss=0.3683 val_loss=0.5434 val_acc=0.843 val_macro_f1=0.841 lr=[{'group': 'head', 'lr': 0.0005}]
[resnet18_feature_extraction] epoch 61/80 stage=head train_loss=0.3923 val_loss=0.5401 val_acc=0.849 val_macro_f1=0.849 lr=[{'group': 'head', 'lr': 0.0005}]
[resnet18_feature_extraction] epoch 62/80 stage=head train_loss=0.3713 val_loss=0.5430 val_acc=0.843 val_macro_f1=0.843 lr=[{'group': 'head', 'lr': 0.0005}]
[resnet18_feature_extraction] epoch 63/80 stage=head train_loss=0.3742 val_loss=0.5368 val_acc=0.843 val_macro_f1=0.843 lr=[{'group': 'head', 'lr': 0.0005}]
[resnet18_feature_extraction] epoch 64/80 stage=head train_loss=0.3531 val_loss=0.5365 val_acc=0.843 val_macro_f1=0.843 lr=[{'group': 'head', 'lr': 0.0005}]
[resnet18_feature_extraction] epoch 65/80 stage=head train_loss=0.3642 val_loss=0.5315 val_acc=0.849 val_macro_f1=0.849 lr=[{'group': 'head', 'lr': 0.0005}]
[resnet18_feature_extraction] epoch 66/80 stage=head train_loss=0.3632 val_loss=0.5260 val_acc=0.855 val_macro_f1=0.854 lr=[{'group': 'head', 'lr': 0.0005}]
[resnet18_feature_extraction] epoch 67/80 stage=head train_loss=0.3495 val_loss=0.5258 val_acc=0.849 val_macro_f1=0.849 lr=[{'group': 'head', 'lr': 0.0005}]
[resnet18_feature_extraction] epoch 68/80 stage=head train_loss=0.3502 val_loss=0.5238 val_acc=0.849 val_macro_f1=0.849 lr=[{'group': 'head', 'lr': 0.0005}]
[resnet18_feature_extraction] epoch 69/80 stage=head train_loss=0.3427 val_loss=0.5217 val_acc=0.843 val_macro_f1=0.843 lr=[{'group': 'head', 'lr': 0.0005}]
[resnet18_feature_extraction] epoch 70/80 stage=head train_loss=0.3502 val_loss=0.5190 val_acc=0.837 val_macro_f1=0.836 lr=[{'group': 'head', 'lr': 0.0005}]
[resnet18_feature_extraction] epoch 71/80 stage=head train_loss=0.3291 val_loss=0.5173 val_acc=0.837 val_macro_f1=0.836 lr=[{'group': 'head', 'lr': 0.0005}]
[resnet18_feature_extraction] epoch 72/80 stage=head train_loss=0.3355 val_loss=0.5161 val_acc=0.849 val_macro_f1=0.849 lr=[{'group': 'head', 'lr': 0.0005}]
[resnet18_feature_extraction] epoch 73/80 stage=head train_loss=0.3269 val_loss=0.5110 val_acc=0.849 val_macro_f1=0.849 lr=[{'group': 'head', 'lr': 0.0005}]
[resnet18_feature_extraction] epoch 74/80 stage=head train_loss=0.3342 val_loss=0.5116 val_acc=0.843 val_macro_f1=0.843 lr=[{'group': 'head', 'lr': 0.0005}]
[resnet18_feature_extraction] epoch 75/80 stage=head train_loss=0.3304 val_loss=0.5068 val_acc=0.843 val_macro_f1=0.844 lr=[{'group': 'head', 'lr': 0.0005}]
[resnet18_feature_extraction] epoch 76/80 stage=head train_loss=0.3272 val_loss=0.4999 val_acc=0.849 val_macro_f1=0.849 lr=[{'group': 'head', 'lr': 0.0005}]
[resnet18_feature_extraction] epoch 77/80 stage=head train_loss=0.3303 val_loss=0.4982 val_acc=0.849 val_macro_f1=0.849 lr=[{'group': 'head', 'lr': 0.0005}]
[resnet18_feature_extraction] epoch 78/80 stage=head train_loss=0.3169 val_loss=0.4959 val_acc=0.843 val_macro_f1=0.843 lr=[{'group': 'head', 'lr': 0.0005}]
[resnet18_feature_extraction] epoch 79/80 stage=head train_loss=0.3123 val_loss=0.5008 val_acc=0.843 val_macro_f1=0.844 lr=[{'group': 'head', 'lr': 0.0005}]
[resnet18_feature_extraction] epoch 80/80 stage=head train_loss=0.3129 val_loss=0.4984 val_acc=0.843 val_macro_f1=0.843 lr=[{'group': 'head', 'lr': 0.0005}]

Running ResNet18 fine-tuning [resnet18_fine_tuning]
[resnet18_fine_tuning] rolling checkpoint is from a different configuration; starting fresh
[resnet18_fine_tuning] epoch 01/80 stage=head train_loss=2.2302 val_loss=2.0992 val_acc=0.157 val_macro_f1=0.127 lr=[{'group': 'head', 'lr': 0.0005}]
[resnet18_fine_tuning] epoch 02/80 stage=head train_loss=2.0680 val_loss=1.9884 val_acc=0.271 val_macro_f1=0.221 lr=[{'group': 'head', 'lr': 0.0005}]
[resnet18_fine_tuning] epoch 03/80 stage=head train_loss=1.9362 val_loss=1.8710 val_acc=0.325 val_macro_f1=0.293 lr=[{'group': 'head', 'lr': 0.0005}]
[resnet18_fine_tuning] epoch 04/80 stage=head train_loss=1.8173 val_loss=1.7556 val_acc=0.404 val_macro_f1=0.371 lr=[{'group': 'head', 'lr': 0.0005}]
[resnet18_fine_tuning] epoch 05/80 stage=head train_loss=1.6924 val_loss=1.6595 val_acc=0.506 val_macro_f1=0.505 lr=[{'group': 'head', 'lr': 0.0005}]
[resnet18_fine_tuning] epoch 06/80 stage=head train_loss=1.6096 val_loss=1.5671 val_acc=0.548 val_macro_f1=0.543 lr=[{'group': 'head', 'lr': 0.0005}]
[resnet18_fine_tuning] epoch 07/80 stage=head train_loss=1.5029 val_loss=1.4813 val_acc=0.596 val_macro_f1=0.574 lr=[{'group': 'head', 'lr': 0.0005}]
[resnet18_fine_tuning] epoch 08/80 stage=head train_loss=1.4165 val_loss=1.4031 val_acc=0.602 val_macro_f1=0.576 lr=[{'group': 'head', 'lr': 0.0005}]
[resnet18_fine_tuning] epoch 09/80 stage=head train_loss=1.3191 val_loss=1.3362 val_acc=0.651 val_macro_f1=0.637 lr=[{'group': 'head', 'lr': 0.0005}]
[resnet18_fine_tuning] epoch 10/80 stage=head train_loss=1.2461 val_loss=1.2755 val_acc=0.681 val_macro_f1=0.672 lr=[{'group': 'head', 'lr': 0.0005}]
[resnet18_fine_tuning] epoch 11/80 stage=head train_loss=1.1971 val_loss=1.2234 val_acc=0.699 val_macro_f1=0.690 lr=[{'group': 'head', 'lr': 0.0005}]
[resnet18_fine_tuning] epoch 12/80 stage=head train_loss=1.1618 val_loss=1.1752 val_acc=0.687 val_macro_f1=0.663 lr=[{'group': 'head', 'lr': 0.0005}]
[resnet18_fine_tuning] epoch 13/80 stage=head train_loss=1.0886 val_loss=1.1247 val_acc=0.747 val_macro_f1=0.740 lr=[{'group': 'head', 'lr': 0.0005}]
[resnet18_fine_tuning] epoch 14/80 stage=head train_loss=1.0307 val_loss=1.0897 val_acc=0.765 val_macro_f1=0.758 lr=[{'group': 'head', 'lr': 0.0005}]
[resnet18_fine_tuning] epoch 15/80 stage=head train_loss=0.9899 val_loss=1.0509 val_acc=0.753 val_macro_f1=0.742 lr=[{'group': 'head', 'lr': 0.0005}]
[resnet18_fine_tuning] epoch 16/80 stage=head train_loss=0.9426 val_loss=1.0173 val_acc=0.723 val_macro_f1=0.719 lr=[{'group': 'head', 'lr': 0.0005}]
[resnet18_fine_tuning] epoch 17/80 stage=head train_loss=0.9179 val_loss=0.9835 val_acc=0.735 val_macro_f1=0.729 lr=[{'group': 'head', 'lr': 0.0005}]
[resnet18_fine_tuning] epoch 18/80 stage=head train_loss=0.8728 val_loss=0.9534 val_acc=0.777 val_macro_f1=0.771 lr=[{'group': 'head', 'lr': 0.0005}]
[resnet18_fine_tuning] epoch 19/80 stage=head train_loss=0.8519 val_loss=0.9285 val_acc=0.771 val_macro_f1=0.767 lr=[{'group': 'head', 'lr': 0.0005}]
[resnet18_fine_tuning] epoch 20/80 stage=head train_loss=0.8164 val_loss=0.9044 val_acc=0.777 val_macro_f1=0.773 lr=[{'group': 'head', 'lr': 0.0005}]
[resnet18_fine_tuning] epoch 21/80 stage=head train_loss=0.7819 val_loss=0.8820 val_acc=0.789 val_macro_f1=0.786 lr=[{'group': 'head', 'lr': 0.0005}]
[resnet18_fine_tuning] epoch 22/80 stage=head train_loss=0.7665 val_loss=0.8618 val_acc=0.801 val_macro_f1=0.798 lr=[{'group': 'head', 'lr': 0.0005}]
[resnet18_fine_tuning] epoch 23/80 stage=head train_loss=0.7541 val_loss=0.8445 val_acc=0.801 val_macro_f1=0.798 lr=[{'group': 'head', 'lr': 0.0005}]
[resnet18_fine_tuning] epoch 24/80 stage=head train_loss=0.7143 val_loss=0.8255 val_acc=0.807 val_macro_f1=0.802 lr=[{'group': 'head', 'lr': 0.0005}]
[resnet18_fine_tuning] epoch 25/80 stage=head train_loss=0.7033 val_loss=0.8065 val_acc=0.801 val_macro_f1=0.798 lr=[{'group': 'head', 'lr': 0.0005}]
[resnet18_fine_tuning] epoch 26/80 stage=head train_loss=0.6887 val_loss=0.7926 val_acc=0.807 val_macro_f1=0.805 lr=[{'group': 'head', 'lr': 0.0005}]
[resnet18_fine_tuning] epoch 27/80 stage=head train_loss=0.6664 val_loss=0.7794 val_acc=0.807 val_macro_f1=0.804 lr=[{'group': 'head', 'lr': 0.0005}]
[resnet18_fine_tuning] epoch 28/80 stage=layer4 train_loss=0.6025 val_loss=0.6462 val_acc=0.831 val_macro_f1=0.825 lr=[{'group': 'head', 'lr': 0.0005}, {'group': 'pretrained_backbone', 'lr': 1e-05}]
[resnet18_fine_tuning] epoch 29/80 stage=layer4 train_loss=0.4715 val_loss=0.5398 val_acc=0.843 val_macro_f1=0.842 lr=[{'group': 'head', 'lr': 0.0005}, {'group': 'pretrained_backbone', 'lr': 1e-05}]
[resnet18_fine_tuning] epoch 30/80 stage=layer4 train_loss=0.3937 val_loss=0.5026 val_acc=0.831 val_macro_f1=0.826 lr=[{'group': 'head', 'lr': 0.0005}, {'group': 'pretrained_backbone', 'lr': 1e-05}]
[resnet18_fine_tuning] epoch 31/80 stage=layer4 train_loss=0.3192 val_loss=0.4766 val_acc=0.861 val_macro_f1=0.863 lr=[{'group': 'head', 'lr': 0.0005}, {'group': 'pretrained_backbone', 'lr': 1e-05}]
[resnet18_fine_tuning] epoch 32/80 stage=layer4 train_loss=0.2920 val_loss=0.4340 val_acc=0.861 val_macro_f1=0.861 lr=[{'group': 'head', 'lr': 0.0005}, {'group': 'pretrained_backbone', 'lr': 1e-05}]
[resnet18_fine_tuning] epoch 33/80 stage=layer4 train_loss=0.2571 val_loss=0.4152 val_acc=0.867 val_macro_f1=0.864 lr=[{'group': 'head', 'lr': 0.0005}, {'group': 'pretrained_backbone', 'lr': 1e-05}]
[resnet18_fine_tuning] epoch 34/80 stage=layer4 train_loss=0.2235 val_loss=0.4008 val_acc=0.873 val_macro_f1=0.873 lr=[{'group': 'head', 'lr': 0.0005}, {'group': 'pretrained_backbone', 'lr': 1e-05}]
[resnet18_fine_tuning] epoch 35/80 stage=layer4 train_loss=0.2145 val_loss=0.3898 val_acc=0.880 val_macro_f1=0.876 lr=[{'group': 'head', 'lr': 0.0005}, {'group': 'pretrained_backbone', 'lr': 1e-05}]
[resnet18_fine_tuning] epoch 36/80 stage=layer4 train_loss=0.1797 val_loss=0.4069 val_acc=0.861 val_macro_f1=0.859 lr=[{'group': 'head', 'lr': 0.0005}, {'group': 'pretrained_backbone', 'lr': 1e-05}]
[resnet18_fine_tuning] epoch 37/80 stage=layer4 train_loss=0.1683 val_loss=0.3667 val_acc=0.886 val_macro_f1=0.882 lr=[{'group': 'head', 'lr': 0.0005}, {'group': 'pretrained_backbone', 'lr': 1e-05}]
[resnet18_fine_tuning] epoch 38/80 stage=layer4 train_loss=0.1630 val_loss=0.3667 val_acc=0.886 val_macro_f1=0.883 lr=[{'group': 'head', 'lr': 0.0005}, {'group': 'pretrained_backbone', 'lr': 1e-05}]
[resnet18_fine_tuning] epoch 39/80 stage=layer4 train_loss=0.1464 val_loss=0.3825 val_acc=0.880 val_macro_f1=0.878 lr=[{'group': 'head', 'lr': 0.0005}, {'group': 'pretrained_backbone', 'lr': 1e-05}]
[resnet18_fine_tuning] epoch 40/80 stage=layer4 train_loss=0.1392 val_loss=0.3522 val_acc=0.886 val_macro_f1=0.882 lr=[{'group': 'head', 'lr': 0.0005}, {'group': 'pretrained_backbone', 'lr': 1e-05}]
[resnet18_fine_tuning] epoch 41/80 stage=layer4 train_loss=0.1314 val_loss=0.3521 val_acc=0.880 val_macro_f1=0.876 lr=[{'group': 'head', 'lr': 0.0005}, {'group': 'pretrained_backbone', 'lr': 1e-05}]
[resnet18_fine_tuning] epoch 42/80 stage=layer4 train_loss=0.1233 val_loss=0.3638 val_acc=0.880 val_macro_f1=0.879 lr=[{'group': 'head', 'lr': 0.0005}, {'group': 'pretrained_backbone', 'lr': 1e-05}]
[resnet18_fine_tuning] epoch 43/80 stage=layer4 train_loss=0.1172 val_loss=0.3623 val_acc=0.886 val_macro_f1=0.884 lr=[{'group': 'head', 'lr': 0.0005}, {'group': 'pretrained_backbone', 'lr': 1e-05}]
[resnet18_fine_tuning] epoch 44/80 stage=layer4 train_loss=0.1029 val_loss=0.3467 val_acc=0.873 val_macro_f1=0.870 lr=[{'group': 'head', 'lr': 0.0005}, {'group': 'pretrained_backbone', 'lr': 1e-05}]
[resnet18_fine_tuning] epoch 45/80 stage=layer4 train_loss=0.0902 val_loss=0.3431 val_acc=0.886 val_macro_f1=0.883 lr=[{'group': 'head', 'lr': 0.0005}, {'group': 'pretrained_backbone', 'lr': 1e-05}]
[resnet18_fine_tuning] epoch 46/80 stage=layer4 train_loss=0.0941 val_loss=0.3474 val_acc=0.898 val_macro_f1=0.896 lr=[{'group': 'head', 'lr': 0.0005}, {'group': 'pretrained_backbone', 'lr': 1e-05}]
[resnet18_fine_tuning] epoch 47/80 stage=layer4 train_loss=0.0910 val_loss=0.3378 val_acc=0.898 val_macro_f1=0.895 lr=[{'group': 'head', 'lr': 0.0005}, {'group': 'pretrained_backbone', 'lr': 1e-05}]
[resnet18_fine_tuning] epoch 48/80 stage=layer4 train_loss=0.0743 val_loss=0.3559 val_acc=0.880 val_macro_f1=0.876 lr=[{'group': 'head', 'lr': 0.0005}, {'group': 'pretrained_backbone', 'lr': 1e-05}]
[resnet18_fine_tuning] epoch 49/80 stage=layer4 train_loss=0.0740 val_loss=0.3394 val_acc=0.892 val_macro_f1=0.891 lr=[{'group': 'head', 'lr': 0.0005}, {'group': 'pretrained_backbone', 'lr': 1e-05}]
[resnet18_fine_tuning] epoch 50/80 stage=layer4 train_loss=0.0736 val_loss=0.3510 val_acc=0.886 val_macro_f1=0.885 lr=[{'group': 'head', 'lr': 0.0005}, {'group': 'pretrained_backbone', 'lr': 1e-05}]
[resnet18_fine_tuning] epoch 51/80 stage=layer4 train_loss=0.0543 val_loss=0.3529 val_acc=0.892 val_macro_f1=0.890 lr=[{'group': 'head', 'lr': 0.0005}, {'group': 'pretrained_backbone', 'lr': 1e-05}]
[resnet18_fine_tuning] epoch 52/80 stage=layer4 train_loss=0.0594 val_loss=0.3396 val_acc=0.892 val_macro_f1=0.891 lr=[{'group': 'head', 'lr': 0.0005}, {'group': 'pretrained_backbone', 'lr': 1e-05}]
[resnet18_fine_tuning] epoch 53/80 stage=layer4 train_loss=0.0578 val_loss=0.3467 val_acc=0.886 val_macro_f1=0.884 lr=[{'group': 'head', 'lr': 0.0005}, {'group': 'pretrained_backbone', 'lr': 1e-05}]
[resnet18_fine_tuning] epoch 54/80 stage=layer4 train_loss=0.0446 val_loss=0.3476 val_acc=0.892 val_macro_f1=0.890 lr=[{'group': 'head', 'lr': 0.0005}, {'group': 'pretrained_backbone', 'lr': 1e-05}]
[resnet18_fine_tuning] epoch 55/80 stage=layer4 train_loss=0.0563 val_loss=0.3160 val_acc=0.898 val_macro_f1=0.897 lr=[{'group': 'head', 'lr': 0.0005}, {'group': 'pretrained_backbone', 'lr': 1e-05}]
[resnet18_fine_tuning] epoch 56/80 stage=layer4 train_loss=0.0433 val_loss=0.3856 val_acc=0.880 val_macro_f1=0.878 lr=[{'group': 'head', 'lr': 0.0005}, {'group': 'pretrained_backbone', 'lr': 1e-05}]
[resnet18_fine_tuning] epoch 57/80 stage=layer4 train_loss=0.0427 val_loss=0.3300 val_acc=0.898 val_macro_f1=0.897 lr=[{'group': 'head', 'lr': 0.0005}, {'group': 'pretrained_backbone', 'lr': 1e-05}]
[resnet18_fine_tuning] epoch 58/80 stage=layer4 train_loss=0.0436 val_loss=0.3461 val_acc=0.904 val_macro_f1=0.903 lr=[{'group': 'head', 'lr': 0.0005}, {'group': 'pretrained_backbone', 'lr': 1e-05}]
[resnet18_fine_tuning] epoch 59/80 stage=layer4 train_loss=0.0426 val_loss=0.3437 val_acc=0.898 val_macro_f1=0.895 lr=[{'group': 'head', 'lr': 0.0005}, {'group': 'pretrained_backbone', 'lr': 1e-05}]
[resnet18_fine_tuning] epoch 60/80 stage=layer4 train_loss=0.0393 val_loss=0.3432 val_acc=0.892 val_macro_f1=0.890 lr=[{'group': 'head', 'lr': 0.0005}, {'group': 'pretrained_backbone', 'lr': 1e-05}]
[resnet18_fine_tuning] epoch 61/80 stage=layer4 train_loss=0.0417 val_loss=0.3284 val_acc=0.898 val_macro_f1=0.896 lr=[{'group': 'head', 'lr': 0.0005}, {'group': 'pretrained_backbone', 'lr': 1e-05}]
[resnet18_fine_tuning] epoch 62/80 stage=layer4 train_loss=0.0222 val_loss=0.3287 val_acc=0.898 val_macro_f1=0.896 lr=[{'group': 'head', 'lr': 0.0005}, {'group': 'pretrained_backbone', 'lr': 1e-05}]
[resnet18_fine_tuning] epoch 63/80 stage=layer4 train_loss=0.0294 val_loss=0.3458 val_acc=0.898 val_macro_f1=0.896 lr=[{'group': 'head', 'lr': 0.0005}, {'group': 'pretrained_backbone', 'lr': 1e-05}]
[resnet18_fine_tuning] epoch 64/80 stage=layer4 train_loss=0.0279 val_loss=0.3442 val_acc=0.898 val_macro_f1=0.896 lr=[{'group': 'head', 'lr': 0.0005}, {'group': 'pretrained_backbone', 'lr': 1e-05}]
[resnet18_fine_tuning] epoch 65/80 stage=layer4 train_loss=0.0284 val_loss=0.3303 val_acc=0.898 val_macro_f1=0.896 lr=[{'group': 'head', 'lr': 0.0005}, {'group': 'pretrained_backbone', 'lr': 1e-05}]
[resnet18_fine_tuning] epoch 66/80 stage=layer4 train_loss=0.0286 val_loss=0.3519 val_acc=0.898 val_macro_f1=0.896 lr=[{'group': 'head', 'lr': 0.0005}, {'group': 'pretrained_backbone', 'lr': 1e-05}]
[resnet18_fine_tuning] epoch 67/80 stage=layer4 train_loss=0.0159 val_loss=0.3348 val_acc=0.910 val_macro_f1=0.910 lr=[{'group': 'head', 'lr': 0.0005}, {'group': 'pretrained_backbone', 'lr': 1e-05}]
[resnet18_fine_tuning] epoch 68/80 stage=layer4 train_loss=0.0192 val_loss=0.3376 val_acc=0.910 val_macro_f1=0.910 lr=[{'group': 'head', 'lr': 0.0005}, {'group': 'pretrained_backbone', 'lr': 1e-05}]
[resnet18_fine_tuning] epoch 69/80 stage=layer4 train_loss=0.0215 val_loss=0.3417 val_acc=0.910 val_macro_f1=0.910 lr=[{'group': 'head', 'lr': 0.0005}, {'group': 'pretrained_backbone', 'lr': 1e-05}]
[resnet18_fine_tuning] epoch 70/80 stage=layer4 train_loss=0.0238 val_loss=0.3631 val_acc=0.892 val_macro_f1=0.890 lr=[{'group': 'head', 'lr': 0.0005}, {'group': 'pretrained_backbone', 'lr': 1e-05}]
[resnet18_fine_tuning] epoch 71/80 stage=layer4 train_loss=0.0203 val_loss=0.3562 val_acc=0.898 val_macro_f1=0.897 lr=[{'group': 'head', 'lr': 0.0005}, {'group': 'pretrained_backbone', 'lr': 1e-05}]
[resnet18_fine_tuning] epoch 72/80 stage=layer4 train_loss=0.0152 val_loss=0.3401 val_acc=0.892 val_macro_f1=0.889 lr=[{'group': 'head', 'lr': 0.0005}, {'group': 'pretrained_backbone', 'lr': 1e-05}]
[resnet18_fine_tuning] epoch 73/80 stage=layer4 train_loss=0.0174 val_loss=0.3565 val_acc=0.904 val_macro_f1=0.901 lr=[{'group': 'head', 'lr': 0.0005}, {'group': 'pretrained_backbone', 'lr': 1e-05}]
[resnet18_fine_tuning] epoch 74/80 stage=layer4 train_loss=0.0242 val_loss=0.3699 val_acc=0.898 val_macro_f1=0.898 lr=[{'group': 'head', 'lr': 0.0005}, {'group': 'pretrained_backbone', 'lr': 1e-05}]
[resnet18_fine_tuning] epoch 75/80 stage=layer4 train_loss=0.0249 val_loss=0.3628 val_acc=0.904 val_macro_f1=0.903 lr=[{'group': 'head', 'lr': 0.0005}, {'group': 'pretrained_backbone', 'lr': 1e-05}]
[resnet18_fine_tuning] epoch 76/80 stage=layer4 train_loss=0.0219 val_loss=0.3177 val_acc=0.916 val_macro_f1=0.916 lr=[{'group': 'head', 'lr': 0.0005}, {'group': 'pretrained_backbone', 'lr': 1e-05}]
[resnet18_fine_tuning] epoch 77/80 stage=layer4 train_loss=0.0211 val_loss=0.3345 val_acc=0.904 val_macro_f1=0.903 lr=[{'group': 'head', 'lr': 0.0005}, {'group': 'pretrained_backbone', 'lr': 1e-05}]
[resnet18_fine_tuning] epoch 78/80 stage=layer4 train_loss=0.0153 val_loss=0.3661 val_acc=0.892 val_macro_f1=0.891 lr=[{'group': 'head', 'lr': 0.0005}, {'group': 'pretrained_backbone', 'lr': 1e-05}]
[resnet18_fine_tuning] epoch 79/80 stage=layer4 train_loss=0.0203 val_loss=0.3485 val_acc=0.904 val_macro_f1=0.903 lr=[{'group': 'head', 'lr': 0.0005}, {'group': 'pretrained_backbone', 'lr': 1e-05}]
[resnet18_fine_tuning] epoch 80/80 stage=layer4 train_loss=0.0153 val_loss=0.3534 val_acc=0.916 val_macro_f1=0.916 lr=[{'group': 'head', 'lr': 0.0005}, {'group': 'pretrained_backbone', 'lr': 1e-05}]

=== 4. Select final model from validation only ===
Selected resnet18_fine_tuning with validation macro-F1 0.9165

=== 5. One frozen-test evaluation ===
