C:\PythonENV\ai-env\Scripts\python.exe C:\Users\viroo\PycharmProjects\TrafficVehicle\main.py --force
Device: cuda

=== 1. Dataset audit ===

=== 2. Leakage-safe fixed validation split ===
Run fingerprint: 82f8e307d65e670f682765d98ca2258a9f3b3bd24965baa2308e4ecefbd3c767

=== 3. Controlled experiments (validation only) ===

Running CNN baseline [cnn_baseline]
[cnn_baseline] resume disabled; starting a fresh run
[cnn_baseline] epoch 01/100 stage=head train_loss=2.0129 val_loss=2.0142 val_acc=0.313 val_macro_f1=0.229 lr=[{'group': 'model', 'lr': 0.001}]
[cnn_baseline] epoch 02/100 stage=head train_loss=1.8107 val_loss=1.9338 val_acc=0.307 val_macro_f1=0.207 lr=[{'group': 'model', 'lr': 0.001}]
[cnn_baseline] epoch 03/100 stage=head train_loss=1.6863 val_loss=1.8387 val_acc=0.301 val_macro_f1=0.203 lr=[{'group': 'model', 'lr': 0.001}]
[cnn_baseline] epoch 04/100 stage=head train_loss=1.6167 val_loss=1.8291 val_acc=0.301 val_macro_f1=0.199 lr=[{'group': 'model', 'lr': 0.001}]
[cnn_baseline] epoch 05/100 stage=head train_loss=1.5378 val_loss=1.7790 val_acc=0.337 val_macro_f1=0.258 lr=[{'group': 'model', 'lr': 0.001}]
[cnn_baseline] epoch 06/100 stage=head train_loss=1.4391 val_loss=1.6539 val_acc=0.386 val_macro_f1=0.334 lr=[{'group': 'model', 'lr': 0.001}]
[cnn_baseline] epoch 07/100 stage=head train_loss=1.3785 val_loss=1.6852 val_acc=0.343 val_macro_f1=0.282 lr=[{'group': 'model', 'lr': 0.001}]
[cnn_baseline] epoch 08/100 stage=head train_loss=1.3152 val_loss=1.6900 val_acc=0.416 val_macro_f1=0.347 lr=[{'group': 'model', 'lr': 0.001}]
[cnn_baseline] epoch 09/100 stage=head train_loss=1.2517 val_loss=2.1762 val_acc=0.277 val_macro_f1=0.184 lr=[{'group': 'model', 'lr': 0.001}]
[cnn_baseline] epoch 10/100 stage=head train_loss=1.2119 val_loss=1.4689 val_acc=0.434 val_macro_f1=0.384 lr=[{'group': 'model', 'lr': 0.001}]
[cnn_baseline] epoch 11/100 stage=head train_loss=1.1444 val_loss=1.4453 val_acc=0.458 val_macro_f1=0.373 lr=[{'group': 'model', 'lr': 0.001}]
[cnn_baseline] epoch 12/100 stage=head train_loss=1.1198 val_loss=1.3131 val_acc=0.560 val_macro_f1=0.522 lr=[{'group': 'model', 'lr': 0.001}]
[cnn_baseline] epoch 13/100 stage=head train_loss=1.0318 val_loss=1.2925 val_acc=0.542 val_macro_f1=0.529 lr=[{'group': 'model', 'lr': 0.001}]
[cnn_baseline] epoch 14/100 stage=head train_loss=0.9910 val_loss=1.2727 val_acc=0.560 val_macro_f1=0.532 lr=[{'group': 'model', 'lr': 0.001}]
[cnn_baseline] epoch 15/100 stage=head train_loss=0.9494 val_loss=1.2442 val_acc=0.542 val_macro_f1=0.541 lr=[{'group': 'model', 'lr': 0.001}]
[cnn_baseline] epoch 16/100 stage=head train_loss=0.9098 val_loss=1.3257 val_acc=0.542 val_macro_f1=0.506 lr=[{'group': 'model', 'lr': 0.001}]
[cnn_baseline] epoch 17/100 stage=head train_loss=0.8397 val_loss=1.1474 val_acc=0.620 val_macro_f1=0.611 lr=[{'group': 'model', 'lr': 0.001}]
[cnn_baseline] epoch 18/100 stage=head train_loss=0.7958 val_loss=1.0741 val_acc=0.645 val_macro_f1=0.646 lr=[{'group': 'model', 'lr': 0.001}]
[cnn_baseline] epoch 19/100 stage=head train_loss=0.7803 val_loss=1.0274 val_acc=0.657 val_macro_f1=0.639 lr=[{'group': 'model', 'lr': 0.001}]
[cnn_baseline] epoch 20/100 stage=head train_loss=0.7302 val_loss=1.2501 val_acc=0.566 val_macro_f1=0.526 lr=[{'group': 'model', 'lr': 0.001}]
[cnn_baseline] epoch 21/100 stage=head train_loss=0.6928 val_loss=1.0312 val_acc=0.657 val_macro_f1=0.662 lr=[{'group': 'model', 'lr': 0.001}]
[cnn_baseline] epoch 22/100 stage=head train_loss=0.6628 val_loss=1.0480 val_acc=0.657 val_macro_f1=0.643 lr=[{'group': 'model', 'lr': 0.001}]
[cnn_baseline] epoch 23/100 stage=head train_loss=0.6710 val_loss=1.1811 val_acc=0.602 val_macro_f1=0.561 lr=[{'group': 'model', 'lr': 0.001}]
[cnn_baseline] epoch 24/100 stage=head train_loss=0.5943 val_loss=0.9734 val_acc=0.663 val_macro_f1=0.651 lr=[{'group': 'model', 'lr': 0.001}]
[cnn_baseline] epoch 25/100 stage=head train_loss=0.5874 val_loss=1.0508 val_acc=0.620 val_macro_f1=0.618 lr=[{'group': 'model', 'lr': 0.001}]
[cnn_baseline] epoch 26/100 stage=head train_loss=0.5647 val_loss=1.0378 val_acc=0.651 val_macro_f1=0.650 lr=[{'group': 'model', 'lr': 0.001}]
[cnn_baseline] epoch 27/100 stage=head train_loss=0.5101 val_loss=0.9568 val_acc=0.693 val_macro_f1=0.698 lr=[{'group': 'model', 'lr': 0.001}]
[cnn_baseline] epoch 28/100 stage=head train_loss=0.4943 val_loss=0.7732 val_acc=0.777 val_macro_f1=0.776 lr=[{'group': 'model', 'lr': 0.001}]
[cnn_baseline] epoch 29/100 stage=head train_loss=0.4709 val_loss=0.8655 val_acc=0.771 val_macro_f1=0.771 lr=[{'group': 'model', 'lr': 0.001}]
[cnn_baseline] epoch 30/100 stage=head train_loss=0.4143 val_loss=1.3361 val_acc=0.578 val_macro_f1=0.520 lr=[{'group': 'model', 'lr': 0.001}]
[cnn_baseline] epoch 31/100 stage=head train_loss=0.4202 val_loss=1.0464 val_acc=0.602 val_macro_f1=0.591 lr=[{'group': 'model', 'lr': 0.001}]
[cnn_baseline] epoch 32/100 stage=head train_loss=0.3731 val_loss=0.6761 val_acc=0.801 val_macro_f1=0.794 lr=[{'group': 'model', 'lr': 0.001}]
[cnn_baseline] epoch 33/100 stage=head train_loss=0.3619 val_loss=1.0156 val_acc=0.687 val_macro_f1=0.681 lr=[{'group': 'model', 'lr': 0.001}]
[cnn_baseline] epoch 34/100 stage=head train_loss=0.3272 val_loss=0.9252 val_acc=0.681 val_macro_f1=0.682 lr=[{'group': 'model', 'lr': 0.001}]
[cnn_baseline] epoch 35/100 stage=head train_loss=0.2786 val_loss=0.9623 val_acc=0.663 val_macro_f1=0.651 lr=[{'group': 'model', 'lr': 0.001}]
[cnn_baseline] epoch 36/100 stage=head train_loss=0.2662 val_loss=0.6667 val_acc=0.783 val_macro_f1=0.781 lr=[{'group': 'model', 'lr': 0.001}]
[cnn_baseline] epoch 37/100 stage=head train_loss=0.2597 val_loss=0.7475 val_acc=0.783 val_macro_f1=0.782 lr=[{'group': 'model', 'lr': 0.001}]
[cnn_baseline] epoch 38/100 stage=head train_loss=0.2442 val_loss=0.8462 val_acc=0.735 val_macro_f1=0.727 lr=[{'group': 'model', 'lr': 0.001}]
[cnn_baseline] epoch 39/100 stage=head train_loss=0.2321 val_loss=0.7738 val_acc=0.771 val_macro_f1=0.766 lr=[{'group': 'model', 'lr': 0.001}]
[cnn_baseline] epoch 40/100 stage=head train_loss=0.2378 val_loss=0.7030 val_acc=0.801 val_macro_f1=0.800 lr=[{'group': 'model', 'lr': 0.001}]
[cnn_baseline] epoch 41/100 stage=head train_loss=0.2103 val_loss=0.9440 val_acc=0.681 val_macro_f1=0.682 lr=[{'group': 'model', 'lr': 0.001}]
[cnn_baseline] epoch 42/100 stage=head train_loss=0.2111 val_loss=1.3240 val_acc=0.602 val_macro_f1=0.588 lr=[{'group': 'model', 'lr': 0.001}]
[cnn_baseline] epoch 43/100 stage=head train_loss=0.1793 val_loss=0.8478 val_acc=0.753 val_macro_f1=0.752 lr=[{'group': 'model', 'lr': 0.001}]
[cnn_baseline] epoch 44/100 stage=head train_loss=0.1890 val_loss=0.6643 val_acc=0.807 val_macro_f1=0.806 lr=[{'group': 'model', 'lr': 0.001}]
[cnn_baseline] epoch 45/100 stage=head train_loss=0.1582 val_loss=0.7481 val_acc=0.819 val_macro_f1=0.820 lr=[{'group': 'model', 'lr': 0.001}]
[cnn_baseline] epoch 46/100 stage=head train_loss=0.1498 val_loss=0.8624 val_acc=0.747 val_macro_f1=0.732 lr=[{'group': 'model', 'lr': 0.001}]
[cnn_baseline] epoch 47/100 stage=head train_loss=0.1607 val_loss=0.6093 val_acc=0.837 val_macro_f1=0.833 lr=[{'group': 'model', 'lr': 0.001}]
[cnn_baseline] epoch 48/100 stage=head train_loss=0.1529 val_loss=0.7424 val_acc=0.771 val_macro_f1=0.776 lr=[{'group': 'model', 'lr': 0.001}]
[cnn_baseline] epoch 49/100 stage=head train_loss=0.1546 val_loss=1.2279 val_acc=0.627 val_macro_f1=0.626 lr=[{'group': 'model', 'lr': 0.001}]
[cnn_baseline] epoch 50/100 stage=head train_loss=0.1289 val_loss=0.7247 val_acc=0.807 val_macro_f1=0.810 lr=[{'group': 'model', 'lr': 0.001}]
[cnn_baseline] epoch 51/100 stage=head train_loss=0.1314 val_loss=0.8093 val_acc=0.729 val_macro_f1=0.719 lr=[{'group': 'model', 'lr': 0.001}]
[cnn_baseline] epoch 52/100 stage=head train_loss=0.1123 val_loss=0.8821 val_acc=0.741 val_macro_f1=0.742 lr=[{'group': 'model', 'lr': 0.001}]
[cnn_baseline] epoch 53/100 stage=head train_loss=0.1046 val_loss=0.8398 val_acc=0.741 val_macro_f1=0.718 lr=[{'group': 'model', 'lr': 0.001}]
[cnn_baseline] epoch 54/100 stage=head train_loss=0.1097 val_loss=0.9853 val_acc=0.711 val_macro_f1=0.709 lr=[{'group': 'model', 'lr': 0.001}]
[cnn_baseline] epoch 55/100 stage=head train_loss=0.1059 val_loss=0.9273 val_acc=0.729 val_macro_f1=0.713 lr=[{'group': 'model', 'lr': 0.001}]
[cnn_baseline] epoch 56/100 stage=head train_loss=0.1251 val_loss=0.7648 val_acc=0.795 val_macro_f1=0.791 lr=[{'group': 'model', 'lr': 0.001}]
[cnn_baseline] epoch 57/100 stage=head train_loss=0.1040 val_loss=0.8656 val_acc=0.735 val_macro_f1=0.736 lr=[{'group': 'model', 'lr': 0.001}]
[cnn_baseline] epoch 58/100 stage=head train_loss=0.1040 val_loss=0.7656 val_acc=0.759 val_macro_f1=0.756 lr=[{'group': 'model', 'lr': 0.001}]
[cnn_baseline] epoch 59/100 stage=head train_loss=0.0961 val_loss=0.9633 val_acc=0.735 val_macro_f1=0.727 lr=[{'group': 'model', 'lr': 0.001}]
[cnn_baseline] epoch 60/100 stage=head train_loss=0.1020 val_loss=0.7955 val_acc=0.765 val_macro_f1=0.763 lr=[{'group': 'model', 'lr': 0.001}]
[cnn_baseline] epoch 61/100 stage=head train_loss=0.0998 val_loss=1.0047 val_acc=0.687 val_macro_f1=0.677 lr=[{'group': 'model', 'lr': 0.001}]
[cnn_baseline] epoch 62/100 stage=head train_loss=0.0983 val_loss=1.1829 val_acc=0.669 val_macro_f1=0.625 lr=[{'group': 'model', 'lr': 0.001}]
[cnn_baseline] epoch 63/100 stage=head train_loss=0.0840 val_loss=0.7077 val_acc=0.807 val_macro_f1=0.805 lr=[{'group': 'model', 'lr': 0.001}]
[cnn_baseline] epoch 64/100 stage=head train_loss=0.0891 val_loss=0.6652 val_acc=0.837 val_macro_f1=0.838 lr=[{'group': 'model', 'lr': 0.001}]
[cnn_baseline] epoch 65/100 stage=head train_loss=0.0843 val_loss=0.6908 val_acc=0.801 val_macro_f1=0.808 lr=[{'group': 'model', 'lr': 0.001}]
[cnn_baseline] epoch 66/100 stage=head train_loss=0.0716 val_loss=0.5890 val_acc=0.837 val_macro_f1=0.838 lr=[{'group': 'model', 'lr': 0.001}]
[cnn_baseline] epoch 67/100 stage=head train_loss=0.0712 val_loss=0.6948 val_acc=0.795 val_macro_f1=0.795 lr=[{'group': 'model', 'lr': 0.001}]
[cnn_baseline] epoch 68/100 stage=head train_loss=0.0703 val_loss=0.6758 val_acc=0.813 val_macro_f1=0.816 lr=[{'group': 'model', 'lr': 0.001}]
[cnn_baseline] epoch 69/100 stage=head train_loss=0.0610 val_loss=0.6189 val_acc=0.849 val_macro_f1=0.844 lr=[{'group': 'model', 'lr': 0.001}]
[cnn_baseline] epoch 70/100 stage=head train_loss=0.0655 val_loss=0.9284 val_acc=0.789 val_macro_f1=0.790 lr=[{'group': 'model', 'lr': 0.001}]
[cnn_baseline] epoch 71/100 stage=head train_loss=0.0603 val_loss=0.6899 val_acc=0.813 val_macro_f1=0.816 lr=[{'group': 'model', 'lr': 0.001}]
[cnn_baseline] epoch 72/100 stage=head train_loss=0.0447 val_loss=0.6231 val_acc=0.843 val_macro_f1=0.846 lr=[{'group': 'model', 'lr': 0.001}]
[cnn_baseline] epoch 73/100 stage=head train_loss=0.0583 val_loss=0.7645 val_acc=0.795 val_macro_f1=0.782 lr=[{'group': 'model', 'lr': 0.001}]
[cnn_baseline] epoch 74/100 stage=head train_loss=0.0560 val_loss=0.7082 val_acc=0.807 val_macro_f1=0.802 lr=[{'group': 'model', 'lr': 0.001}]
[cnn_baseline] epoch 75/100 stage=head train_loss=0.0512 val_loss=0.7975 val_acc=0.783 val_macro_f1=0.777 lr=[{'group': 'model', 'lr': 0.001}]
[cnn_baseline] epoch 76/100 stage=head train_loss=0.0534 val_loss=0.7649 val_acc=0.801 val_macro_f1=0.803 lr=[{'group': 'model', 'lr': 0.001}]
[cnn_baseline] epoch 77/100 stage=head train_loss=0.0512 val_loss=0.9667 val_acc=0.759 val_macro_f1=0.761 lr=[{'group': 'model', 'lr': 0.001}]
[cnn_baseline] epoch 78/100 stage=head train_loss=0.0517 val_loss=0.6645 val_acc=0.831 val_macro_f1=0.830 lr=[{'group': 'model', 'lr': 0.001}]
[cnn_baseline] epoch 79/100 stage=head train_loss=0.0476 val_loss=0.6605 val_acc=0.825 val_macro_f1=0.824 lr=[{'group': 'model', 'lr': 0.001}]
[cnn_baseline] epoch 80/100 stage=head train_loss=0.0436 val_loss=1.0541 val_acc=0.699 val_macro_f1=0.686 lr=[{'group': 'model', 'lr': 0.001}]
[cnn_baseline] epoch 81/100 stage=head train_loss=0.0527 val_loss=0.6461 val_acc=0.861 val_macro_f1=0.857 lr=[{'group': 'model', 'lr': 0.001}]
[cnn_baseline] epoch 82/100 stage=head train_loss=0.0469 val_loss=0.7640 val_acc=0.825 val_macro_f1=0.822 lr=[{'group': 'model', 'lr': 0.001}]
[cnn_baseline] epoch 83/100 stage=head train_loss=0.0386 val_loss=0.7224 val_acc=0.843 val_macro_f1=0.840 lr=[{'group': 'model', 'lr': 0.001}]
[cnn_baseline] epoch 84/100 stage=head train_loss=0.0476 val_loss=0.6005 val_acc=0.867 val_macro_f1=0.868 lr=[{'group': 'model', 'lr': 0.001}]
[cnn_baseline] epoch 85/100 stage=head train_loss=0.0352 val_loss=0.6767 val_acc=0.849 val_macro_f1=0.850 lr=[{'group': 'model', 'lr': 0.001}]
[cnn_baseline] epoch 86/100 stage=head train_loss=0.0372 val_loss=0.5387 val_acc=0.867 val_macro_f1=0.866 lr=[{'group': 'model', 'lr': 0.001}]
[cnn_baseline] epoch 87/100 stage=head train_loss=0.0306 val_loss=0.6228 val_acc=0.843 val_macro_f1=0.844 lr=[{'group': 'model', 'lr': 0.001}]
[cnn_baseline] epoch 88/100 stage=head train_loss=0.0345 val_loss=0.9438 val_acc=0.765 val_macro_f1=0.770 lr=[{'group': 'model', 'lr': 0.001}]
[cnn_baseline] epoch 89/100 stage=head train_loss=0.0341 val_loss=0.7458 val_acc=0.831 val_macro_f1=0.826 lr=[{'group': 'model', 'lr': 0.001}]
[cnn_baseline] epoch 90/100 stage=head train_loss=0.0298 val_loss=0.7833 val_acc=0.819 val_macro_f1=0.817 lr=[{'group': 'model', 'lr': 0.001}]
[cnn_baseline] epoch 91/100 stage=head train_loss=0.0274 val_loss=0.7746 val_acc=0.825 val_macro_f1=0.822 lr=[{'group': 'model', 'lr': 0.001}]
[cnn_baseline] epoch 92/100 stage=head train_loss=0.0277 val_loss=0.6221 val_acc=0.837 val_macro_f1=0.832 lr=[{'group': 'model', 'lr': 0.001}]
[cnn_baseline] epoch 93/100 stage=head train_loss=0.0239 val_loss=0.7058 val_acc=0.837 val_macro_f1=0.835 lr=[{'group': 'model', 'lr': 0.001}]
[cnn_baseline] epoch 94/100 stage=head train_loss=0.0209 val_loss=0.6595 val_acc=0.867 val_macro_f1=0.864 lr=[{'group': 'model', 'lr': 0.001}]
[cnn_baseline] epoch 95/100 stage=head train_loss=0.0196 val_loss=0.8584 val_acc=0.783 val_macro_f1=0.791 lr=[{'group': 'model', 'lr': 0.001}]
[cnn_baseline] epoch 96/100 stage=head train_loss=0.0228 val_loss=0.7397 val_acc=0.795 val_macro_f1=0.796 lr=[{'group': 'model', 'lr': 0.001}]
[cnn_baseline] epoch 97/100 stage=head train_loss=0.0272 val_loss=0.6496 val_acc=0.861 val_macro_f1=0.862 lr=[{'group': 'model', 'lr': 0.001}]
[cnn_baseline] epoch 98/100 stage=head train_loss=0.0225 val_loss=0.5890 val_acc=0.861 val_macro_f1=0.860 lr=[{'group': 'model', 'lr': 0.001}]
[cnn_baseline] epoch 99/100 stage=head train_loss=0.0206 val_loss=0.6190 val_acc=0.849 val_macro_f1=0.852 lr=[{'group': 'model', 'lr': 0.001}]
[cnn_baseline] epoch 100/100 stage=head train_loss=0.0250 val_loss=0.5754 val_acc=0.880 val_macro_f1=0.880 lr=[{'group': 'model', 'lr': 0.001}]
[cnn_baseline] training end: best checkpoint chosen at epoch 100/100 by validation macro-F1 (val_macro_f1=0.8796 val_acc=0.8795)
[cnn_baseline] best checkpoint: artifacts/checkpoints/cnn_baseline.pt

Running No augmentation [no_augmentation]
[no_augmentation] resume disabled; starting a fresh run
[no_augmentation] epoch 01/100 stage=head train_loss=2.0010 val_loss=2.0150 val_acc=0.319 val_macro_f1=0.240 lr=[{'group': 'model', 'lr': 0.001}]
[no_augmentation] epoch 02/100 stage=head train_loss=1.7642 val_loss=1.9497 val_acc=0.325 val_macro_f1=0.233 lr=[{'group': 'model', 'lr': 0.001}]
[no_augmentation] epoch 03/100 stage=head train_loss=1.6162 val_loss=1.9043 val_acc=0.265 val_macro_f1=0.152 lr=[{'group': 'model', 'lr': 0.001}]
[no_augmentation] epoch 04/100 stage=head train_loss=1.5036 val_loss=1.8179 val_acc=0.289 val_macro_f1=0.187 lr=[{'group': 'model', 'lr': 0.001}]
[no_augmentation] epoch 05/100 stage=head train_loss=1.3940 val_loss=1.7524 val_acc=0.355 val_macro_f1=0.250 lr=[{'group': 'model', 'lr': 0.001}]
[no_augmentation] epoch 06/100 stage=head train_loss=1.3114 val_loss=1.7801 val_acc=0.331 val_macro_f1=0.274 lr=[{'group': 'model', 'lr': 0.001}]
[no_augmentation] epoch 07/100 stage=head train_loss=1.1860 val_loss=1.7442 val_acc=0.386 val_macro_f1=0.335 lr=[{'group': 'model', 'lr': 0.001}]
[no_augmentation] epoch 08/100 stage=head train_loss=1.0974 val_loss=1.8394 val_acc=0.331 val_macro_f1=0.279 lr=[{'group': 'model', 'lr': 0.001}]
[no_augmentation] epoch 09/100 stage=head train_loss=0.9753 val_loss=1.7329 val_acc=0.337 val_macro_f1=0.271 lr=[{'group': 'model', 'lr': 0.001}]
[no_augmentation] epoch 10/100 stage=head train_loss=0.8986 val_loss=1.6306 val_acc=0.355 val_macro_f1=0.321 lr=[{'group': 'model', 'lr': 0.001}]
[no_augmentation] epoch 11/100 stage=head train_loss=0.8229 val_loss=1.5128 val_acc=0.494 val_macro_f1=0.431 lr=[{'group': 'model', 'lr': 0.001}]
[no_augmentation] epoch 12/100 stage=head train_loss=0.7788 val_loss=1.4554 val_acc=0.458 val_macro_f1=0.384 lr=[{'group': 'model', 'lr': 0.001}]
[no_augmentation] epoch 13/100 stage=head train_loss=0.7030 val_loss=1.4090 val_acc=0.512 val_macro_f1=0.509 lr=[{'group': 'model', 'lr': 0.001}]
[no_augmentation] epoch 14/100 stage=head train_loss=0.6407 val_loss=1.3972 val_acc=0.494 val_macro_f1=0.452 lr=[{'group': 'model', 'lr': 0.001}]
[no_augmentation] epoch 15/100 stage=head train_loss=0.5665 val_loss=1.2215 val_acc=0.590 val_macro_f1=0.573 lr=[{'group': 'model', 'lr': 0.001}]
[no_augmentation] epoch 16/100 stage=head train_loss=0.4780 val_loss=1.5458 val_acc=0.464 val_macro_f1=0.375 lr=[{'group': 'model', 'lr': 0.001}]
[no_augmentation] epoch 17/100 stage=head train_loss=0.4916 val_loss=1.2601 val_acc=0.530 val_macro_f1=0.478 lr=[{'group': 'model', 'lr': 0.001}]
[no_augmentation] epoch 18/100 stage=head train_loss=0.4154 val_loss=1.3259 val_acc=0.554 val_macro_f1=0.479 lr=[{'group': 'model', 'lr': 0.001}]
[no_augmentation] epoch 19/100 stage=head train_loss=0.3461 val_loss=1.0809 val_acc=0.639 val_macro_f1=0.645 lr=[{'group': 'model', 'lr': 0.001}]
[no_augmentation] epoch 20/100 stage=head train_loss=0.2687 val_loss=1.0304 val_acc=0.681 val_macro_f1=0.679 lr=[{'group': 'model', 'lr': 0.001}]
[no_augmentation] epoch 21/100 stage=head train_loss=0.2340 val_loss=1.1397 val_acc=0.614 val_macro_f1=0.585 lr=[{'group': 'model', 'lr': 0.001}]
[no_augmentation] epoch 22/100 stage=head train_loss=0.2071 val_loss=1.2636 val_acc=0.542 val_macro_f1=0.528 lr=[{'group': 'model', 'lr': 0.001}]
[no_augmentation] epoch 23/100 stage=head train_loss=0.1775 val_loss=1.0366 val_acc=0.657 val_macro_f1=0.660 lr=[{'group': 'model', 'lr': 0.001}]
[no_augmentation] epoch 24/100 stage=head train_loss=0.1409 val_loss=1.5276 val_acc=0.500 val_macro_f1=0.442 lr=[{'group': 'model', 'lr': 0.001}]
[no_augmentation] epoch 25/100 stage=head train_loss=0.1193 val_loss=1.3037 val_acc=0.584 val_macro_f1=0.560 lr=[{'group': 'model', 'lr': 0.001}]
[no_augmentation] epoch 26/100 stage=head train_loss=0.0999 val_loss=1.2640 val_acc=0.566 val_macro_f1=0.536 lr=[{'group': 'model', 'lr': 0.001}]
[no_augmentation] epoch 27/100 stage=head train_loss=0.0835 val_loss=1.3409 val_acc=0.566 val_macro_f1=0.537 lr=[{'group': 'model', 'lr': 0.001}]
[no_augmentation] epoch 28/100 stage=head train_loss=0.0788 val_loss=1.1420 val_acc=0.602 val_macro_f1=0.617 lr=[{'group': 'model', 'lr': 0.001}]
[no_augmentation] epoch 29/100 stage=head train_loss=0.0695 val_loss=0.9840 val_acc=0.705 val_macro_f1=0.696 lr=[{'group': 'model', 'lr': 0.001}]
[no_augmentation] epoch 30/100 stage=head train_loss=0.0534 val_loss=1.1139 val_acc=0.681 val_macro_f1=0.663 lr=[{'group': 'model', 'lr': 0.001}]
[no_augmentation] epoch 31/100 stage=head train_loss=0.0442 val_loss=1.1656 val_acc=0.633 val_macro_f1=0.621 lr=[{'group': 'model', 'lr': 0.001}]
[no_augmentation] epoch 32/100 stage=head train_loss=0.0357 val_loss=1.1826 val_acc=0.627 val_macro_f1=0.628 lr=[{'group': 'model', 'lr': 0.001}]
[no_augmentation] epoch 33/100 stage=head train_loss=0.0266 val_loss=0.9076 val_acc=0.741 val_macro_f1=0.729 lr=[{'group': 'model', 'lr': 0.001}]
[no_augmentation] epoch 34/100 stage=head train_loss=0.0225 val_loss=0.9554 val_acc=0.717 val_macro_f1=0.695 lr=[{'group': 'model', 'lr': 0.001}]
[no_augmentation] epoch 35/100 stage=head train_loss=0.0184 val_loss=0.9444 val_acc=0.705 val_macro_f1=0.691 lr=[{'group': 'model', 'lr': 0.001}]
[no_augmentation] epoch 36/100 stage=head train_loss=0.0163 val_loss=0.7731 val_acc=0.759 val_macro_f1=0.761 lr=[{'group': 'model', 'lr': 0.001}]
[no_augmentation] epoch 37/100 stage=head train_loss=0.0135 val_loss=0.8015 val_acc=0.759 val_macro_f1=0.762 lr=[{'group': 'model', 'lr': 0.001}]
[no_augmentation] epoch 38/100 stage=head train_loss=0.0115 val_loss=0.7825 val_acc=0.777 val_macro_f1=0.776 lr=[{'group': 'model', 'lr': 0.001}]
[no_augmentation] epoch 39/100 stage=head train_loss=0.0095 val_loss=0.8050 val_acc=0.795 val_macro_f1=0.786 lr=[{'group': 'model', 'lr': 0.001}]
[no_augmentation] epoch 40/100 stage=head train_loss=0.0095 val_loss=0.7786 val_acc=0.783 val_macro_f1=0.775 lr=[{'group': 'model', 'lr': 0.001}]
[no_augmentation] epoch 41/100 stage=head train_loss=0.0083 val_loss=0.7661 val_acc=0.777 val_macro_f1=0.777 lr=[{'group': 'model', 'lr': 0.001}]
[no_augmentation] epoch 42/100 stage=head train_loss=0.0074 val_loss=0.7672 val_acc=0.777 val_macro_f1=0.776 lr=[{'group': 'model', 'lr': 0.001}]
[no_augmentation] epoch 43/100 stage=head train_loss=0.0073 val_loss=0.7334 val_acc=0.813 val_macro_f1=0.806 lr=[{'group': 'model', 'lr': 0.001}]
[no_augmentation] epoch 44/100 stage=head train_loss=0.0068 val_loss=0.7266 val_acc=0.795 val_macro_f1=0.789 lr=[{'group': 'model', 'lr': 0.001}]
[no_augmentation] epoch 45/100 stage=head train_loss=0.0056 val_loss=0.7131 val_acc=0.813 val_macro_f1=0.808 lr=[{'group': 'model', 'lr': 0.001}]
[no_augmentation] epoch 46/100 stage=head train_loss=0.0054 val_loss=0.7498 val_acc=0.801 val_macro_f1=0.797 lr=[{'group': 'model', 'lr': 0.001}]
[no_augmentation] epoch 47/100 stage=head train_loss=0.0053 val_loss=0.7549 val_acc=0.795 val_macro_f1=0.788 lr=[{'group': 'model', 'lr': 0.001}]
[no_augmentation] epoch 48/100 stage=head train_loss=0.0050 val_loss=0.7263 val_acc=0.807 val_macro_f1=0.800 lr=[{'group': 'model', 'lr': 0.001}]
[no_augmentation] epoch 49/100 stage=head train_loss=0.0046 val_loss=0.7335 val_acc=0.825 val_macro_f1=0.821 lr=[{'group': 'model', 'lr': 0.001}]
[no_augmentation] epoch 50/100 stage=head train_loss=0.0045 val_loss=0.7356 val_acc=0.813 val_macro_f1=0.810 lr=[{'group': 'model', 'lr': 0.001}]
[no_augmentation] epoch 51/100 stage=head train_loss=0.0043 val_loss=0.7338 val_acc=0.807 val_macro_f1=0.800 lr=[{'group': 'model', 'lr': 0.001}]
[no_augmentation] epoch 52/100 stage=head train_loss=0.0042 val_loss=0.7214 val_acc=0.807 val_macro_f1=0.800 lr=[{'group': 'model', 'lr': 0.001}]
[no_augmentation] epoch 53/100 stage=head train_loss=0.0041 val_loss=0.7106 val_acc=0.813 val_macro_f1=0.808 lr=[{'group': 'model', 'lr': 0.001}]
[no_augmentation] epoch 54/100 stage=head train_loss=0.0038 val_loss=0.7248 val_acc=0.819 val_macro_f1=0.814 lr=[{'group': 'model', 'lr': 0.001}]
[no_augmentation] epoch 55/100 stage=head train_loss=0.0040 val_loss=0.7271 val_acc=0.819 val_macro_f1=0.814 lr=[{'group': 'model', 'lr': 0.001}]
[no_augmentation] epoch 56/100 stage=head train_loss=0.0039 val_loss=0.7323 val_acc=0.813 val_macro_f1=0.806 lr=[{'group': 'model', 'lr': 0.001}]
[no_augmentation] epoch 57/100 stage=head train_loss=0.0038 val_loss=0.7381 val_acc=0.819 val_macro_f1=0.812 lr=[{'group': 'model', 'lr': 0.001}]
[no_augmentation] epoch 58/100 stage=head train_loss=0.0035 val_loss=0.7327 val_acc=0.813 val_macro_f1=0.807 lr=[{'group': 'model', 'lr': 0.001}]
[no_augmentation] epoch 59/100 stage=head train_loss=0.0037 val_loss=0.7297 val_acc=0.819 val_macro_f1=0.814 lr=[{'group': 'model', 'lr': 0.001}]
[no_augmentation] epoch 60/100 stage=head train_loss=0.0039 val_loss=0.7206 val_acc=0.813 val_macro_f1=0.808 lr=[{'group': 'model', 'lr': 0.001}]
[no_augmentation] epoch 61/100 stage=head train_loss=0.0033 val_loss=0.7150 val_acc=0.807 val_macro_f1=0.804 lr=[{'group': 'model', 'lr': 0.001}]
[no_augmentation] epoch 62/100 stage=head train_loss=0.0032 val_loss=0.7551 val_acc=0.801 val_macro_f1=0.797 lr=[{'group': 'model', 'lr': 0.001}]
[no_augmentation] epoch 63/100 stage=head train_loss=0.0034 val_loss=0.7724 val_acc=0.801 val_macro_f1=0.797 lr=[{'group': 'model', 'lr': 0.001}]
[no_augmentation] epoch 64/100 stage=head train_loss=0.0029 val_loss=0.7404 val_acc=0.813 val_macro_f1=0.808 lr=[{'group': 'model', 'lr': 0.001}]
[no_augmentation] epoch 65/100 stage=head train_loss=0.0031 val_loss=0.7390 val_acc=0.813 val_macro_f1=0.809 lr=[{'group': 'model', 'lr': 0.001}]
[no_augmentation] epoch 66/100 stage=head train_loss=0.0031 val_loss=0.7412 val_acc=0.801 val_macro_f1=0.798 lr=[{'group': 'model', 'lr': 0.001}]
[no_augmentation] epoch 67/100 stage=head train_loss=0.0027 val_loss=0.7788 val_acc=0.789 val_macro_f1=0.789 lr=[{'group': 'model', 'lr': 0.001}]
[no_augmentation] epoch 68/100 stage=head train_loss=0.0025 val_loss=0.7365 val_acc=0.813 val_macro_f1=0.809 lr=[{'group': 'model', 'lr': 0.001}]
[no_augmentation] epoch 69/100 stage=head train_loss=0.0025 val_loss=0.7114 val_acc=0.813 val_macro_f1=0.807 lr=[{'group': 'model', 'lr': 0.001}]
[no_augmentation] epoch 70/100 stage=head train_loss=0.0027 val_loss=0.7145 val_acc=0.807 val_macro_f1=0.802 lr=[{'group': 'model', 'lr': 0.001}]
[no_augmentation] epoch 71/100 stage=head train_loss=0.0023 val_loss=0.7428 val_acc=0.813 val_macro_f1=0.807 lr=[{'group': 'model', 'lr': 0.001}]
[no_augmentation] epoch 72/100 stage=head train_loss=0.0027 val_loss=0.7391 val_acc=0.825 val_macro_f1=0.820 lr=[{'group': 'model', 'lr': 0.001}]
[no_augmentation] epoch 73/100 stage=head train_loss=0.0024 val_loss=0.7244 val_acc=0.825 val_macro_f1=0.821 lr=[{'group': 'model', 'lr': 0.001}]
[no_augmentation] epoch 74/100 stage=head train_loss=0.0026 val_loss=0.7375 val_acc=0.819 val_macro_f1=0.814 lr=[{'group': 'model', 'lr': 0.001}]
[no_augmentation] epoch 75/100 stage=head train_loss=0.0022 val_loss=0.7718 val_acc=0.819 val_macro_f1=0.813 lr=[{'group': 'model', 'lr': 0.001}]
[no_augmentation] epoch 76/100 stage=head train_loss=0.0023 val_loss=0.7370 val_acc=0.819 val_macro_f1=0.814 lr=[{'group': 'model', 'lr': 0.001}]
[no_augmentation] epoch 77/100 stage=head train_loss=0.0022 val_loss=0.7361 val_acc=0.813 val_macro_f1=0.808 lr=[{'group': 'model', 'lr': 0.001}]
[no_augmentation] epoch 78/100 stage=head train_loss=0.0021 val_loss=0.7290 val_acc=0.819 val_macro_f1=0.815 lr=[{'group': 'model', 'lr': 0.001}]
[no_augmentation] epoch 79/100 stage=head train_loss=0.0020 val_loss=0.7449 val_acc=0.813 val_macro_f1=0.810 lr=[{'group': 'model', 'lr': 0.001}]
[no_augmentation] epoch 80/100 stage=head train_loss=0.0021 val_loss=0.7455 val_acc=0.807 val_macro_f1=0.802 lr=[{'group': 'model', 'lr': 0.001}]
[no_augmentation] epoch 81/100 stage=head train_loss=0.0021 val_loss=0.7312 val_acc=0.819 val_macro_f1=0.813 lr=[{'group': 'model', 'lr': 0.001}]
[no_augmentation] epoch 82/100 stage=head train_loss=0.0021 val_loss=0.7360 val_acc=0.813 val_macro_f1=0.806 lr=[{'group': 'model', 'lr': 0.001}]
[no_augmentation] epoch 83/100 stage=head train_loss=0.0020 val_loss=0.7504 val_acc=0.813 val_macro_f1=0.809 lr=[{'group': 'model', 'lr': 0.001}]
[no_augmentation] epoch 84/100 stage=head train_loss=0.0020 val_loss=0.7329 val_acc=0.813 val_macro_f1=0.809 lr=[{'group': 'model', 'lr': 0.001}]
[no_augmentation] epoch 85/100 stage=head train_loss=0.0018 val_loss=0.7214 val_acc=0.813 val_macro_f1=0.809 lr=[{'group': 'model', 'lr': 0.001}]
[no_augmentation] epoch 86/100 stage=head train_loss=0.0017 val_loss=0.7298 val_acc=0.813 val_macro_f1=0.808 lr=[{'group': 'model', 'lr': 0.001}]
[no_augmentation] epoch 87/100 stage=head train_loss=0.0017 val_loss=0.7657 val_acc=0.807 val_macro_f1=0.805 lr=[{'group': 'model', 'lr': 0.001}]
[no_augmentation] epoch 88/100 stage=head train_loss=0.0018 val_loss=0.7643 val_acc=0.819 val_macro_f1=0.816 lr=[{'group': 'model', 'lr': 0.001}]
[no_augmentation] epoch 89/100 stage=head train_loss=0.0018 val_loss=0.7415 val_acc=0.819 val_macro_f1=0.814 lr=[{'group': 'model', 'lr': 0.001}]
[no_augmentation] epoch 90/100 stage=head train_loss=0.0017 val_loss=0.7399 val_acc=0.819 val_macro_f1=0.814 lr=[{'group': 'model', 'lr': 0.001}]
[no_augmentation] epoch 91/100 stage=head train_loss=0.0016 val_loss=0.7626 val_acc=0.825 val_macro_f1=0.822 lr=[{'group': 'model', 'lr': 0.001}]
[no_augmentation] epoch 92/100 stage=head train_loss=0.0019 val_loss=0.7471 val_acc=0.825 val_macro_f1=0.820 lr=[{'group': 'model', 'lr': 0.001}]
[no_augmentation] epoch 93/100 stage=head train_loss=0.0015 val_loss=0.7321 val_acc=0.819 val_macro_f1=0.814 lr=[{'group': 'model', 'lr': 0.001}]
[no_augmentation] epoch 94/100 stage=head train_loss=0.0016 val_loss=0.7297 val_acc=0.813 val_macro_f1=0.807 lr=[{'group': 'model', 'lr': 0.001}]
[no_augmentation] epoch 95/100 stage=head train_loss=0.0015 val_loss=0.7401 val_acc=0.813 val_macro_f1=0.808 lr=[{'group': 'model', 'lr': 0.001}]
[no_augmentation] epoch 96/100 stage=head train_loss=0.0015 val_loss=0.7445 val_acc=0.819 val_macro_f1=0.814 lr=[{'group': 'model', 'lr': 0.001}]
[no_augmentation] epoch 97/100 stage=head train_loss=0.0017 val_loss=0.7340 val_acc=0.813 val_macro_f1=0.808 lr=[{'group': 'model', 'lr': 0.001}]
[no_augmentation] epoch 98/100 stage=head train_loss=0.0016 val_loss=0.7234 val_acc=0.813 val_macro_f1=0.808 lr=[{'group': 'model', 'lr': 0.001}]
[no_augmentation] epoch 99/100 stage=head train_loss=0.0015 val_loss=0.7226 val_acc=0.819 val_macro_f1=0.815 lr=[{'group': 'model', 'lr': 0.001}]
[no_augmentation] epoch 100/100 stage=head train_loss=0.0014 val_loss=0.7225 val_acc=0.819 val_macro_f1=0.815 lr=[{'group': 'model', 'lr': 0.001}]
[no_augmentation] training end: best checkpoint chosen at epoch 91/100 by validation macro-F1 (val_macro_f1=0.8224 val_acc=0.8253)
[no_augmentation] best checkpoint: artifacts/checkpoints/no_augmentation.pt

Running Dropout p=0.3 [dropout_0_3]
[dropout_0_3] resume disabled; starting a fresh run
[dropout_0_3] epoch 01/100 stage=head train_loss=2.0168 val_loss=2.0164 val_acc=0.331 val_macro_f1=0.255 lr=[{'group': 'model', 'lr': 0.001}]
[dropout_0_3] epoch 02/100 stage=head train_loss=1.8196 val_loss=1.9384 val_acc=0.307 val_macro_f1=0.207 lr=[{'group': 'model', 'lr': 0.001}]
[dropout_0_3] epoch 03/100 stage=head train_loss=1.7017 val_loss=1.8421 val_acc=0.307 val_macro_f1=0.208 lr=[{'group': 'model', 'lr': 0.001}]
[dropout_0_3] epoch 04/100 stage=head train_loss=1.6340 val_loss=1.8019 val_acc=0.295 val_macro_f1=0.189 lr=[{'group': 'model', 'lr': 0.001}]
[dropout_0_3] epoch 05/100 stage=head train_loss=1.5621 val_loss=1.7179 val_acc=0.343 val_macro_f1=0.272 lr=[{'group': 'model', 'lr': 0.001}]
[dropout_0_3] epoch 06/100 stage=head train_loss=1.4593 val_loss=1.6441 val_acc=0.428 val_macro_f1=0.385 lr=[{'group': 'model', 'lr': 0.001}]
[dropout_0_3] epoch 07/100 stage=head train_loss=1.3986 val_loss=1.6859 val_acc=0.367 val_macro_f1=0.311 lr=[{'group': 'model', 'lr': 0.001}]
[dropout_0_3] epoch 08/100 stage=head train_loss=1.3407 val_loss=1.7851 val_acc=0.343 val_macro_f1=0.260 lr=[{'group': 'model', 'lr': 0.001}]
[dropout_0_3] epoch 09/100 stage=head train_loss=1.2735 val_loss=2.3792 val_acc=0.253 val_macro_f1=0.149 lr=[{'group': 'model', 'lr': 0.001}]
[dropout_0_3] epoch 10/100 stage=head train_loss=1.2498 val_loss=1.5065 val_acc=0.440 val_macro_f1=0.394 lr=[{'group': 'model', 'lr': 0.001}]
[dropout_0_3] epoch 11/100 stage=head train_loss=1.1477 val_loss=1.5158 val_acc=0.416 val_macro_f1=0.344 lr=[{'group': 'model', 'lr': 0.001}]
[dropout_0_3] epoch 12/100 stage=head train_loss=1.1615 val_loss=1.3801 val_acc=0.500 val_macro_f1=0.453 lr=[{'group': 'model', 'lr': 0.001}]
[dropout_0_3] epoch 13/100 stage=head train_loss=1.0927 val_loss=1.4305 val_acc=0.482 val_macro_f1=0.476 lr=[{'group': 'model', 'lr': 0.001}]
[dropout_0_3] epoch 14/100 stage=head train_loss=1.0307 val_loss=1.2471 val_acc=0.530 val_macro_f1=0.516 lr=[{'group': 'model', 'lr': 0.001}]
[dropout_0_3] epoch 15/100 stage=head train_loss=0.9849 val_loss=1.2319 val_acc=0.566 val_macro_f1=0.560 lr=[{'group': 'model', 'lr': 0.001}]
[dropout_0_3] epoch 16/100 stage=head train_loss=0.9624 val_loss=1.3660 val_acc=0.572 val_macro_f1=0.512 lr=[{'group': 'model', 'lr': 0.001}]
[dropout_0_3] epoch 17/100 stage=head train_loss=0.8977 val_loss=1.0626 val_acc=0.681 val_macro_f1=0.675 lr=[{'group': 'model', 'lr': 0.001}]
[dropout_0_3] epoch 18/100 stage=head train_loss=0.8473 val_loss=1.1190 val_acc=0.578 val_macro_f1=0.560 lr=[{'group': 'model', 'lr': 0.001}]
[dropout_0_3] epoch 19/100 stage=head train_loss=0.8200 val_loss=1.0063 val_acc=0.699 val_macro_f1=0.691 lr=[{'group': 'model', 'lr': 0.001}]
[dropout_0_3] epoch 20/100 stage=head train_loss=0.8032 val_loss=1.1446 val_acc=0.614 val_macro_f1=0.614 lr=[{'group': 'model', 'lr': 0.001}]
[dropout_0_3] epoch 21/100 stage=head train_loss=0.7904 val_loss=1.0140 val_acc=0.675 val_macro_f1=0.667 lr=[{'group': 'model', 'lr': 0.001}]
[dropout_0_3] epoch 22/100 stage=head train_loss=0.7515 val_loss=1.1464 val_acc=0.602 val_macro_f1=0.597 lr=[{'group': 'model', 'lr': 0.001}]
[dropout_0_3] epoch 23/100 stage=head train_loss=0.7535 val_loss=1.1427 val_acc=0.620 val_macro_f1=0.598 lr=[{'group': 'model', 'lr': 0.001}]
[dropout_0_3] epoch 24/100 stage=head train_loss=0.7040 val_loss=1.1152 val_acc=0.639 val_macro_f1=0.618 lr=[{'group': 'model', 'lr': 0.001}]
[dropout_0_3] epoch 25/100 stage=head train_loss=0.7055 val_loss=0.9897 val_acc=0.651 val_macro_f1=0.652 lr=[{'group': 'model', 'lr': 0.001}]
[dropout_0_3] epoch 26/100 stage=head train_loss=0.6594 val_loss=0.9279 val_acc=0.711 val_macro_f1=0.721 lr=[{'group': 'model', 'lr': 0.001}]
[dropout_0_3] epoch 27/100 stage=head train_loss=0.5645 val_loss=0.9728 val_acc=0.645 val_macro_f1=0.638 lr=[{'group': 'model', 'lr': 0.001}]
[dropout_0_3] epoch 28/100 stage=head train_loss=0.5597 val_loss=0.9717 val_acc=0.663 val_macro_f1=0.644 lr=[{'group': 'model', 'lr': 0.001}]
[dropout_0_3] epoch 29/100 stage=head train_loss=0.5236 val_loss=0.9975 val_acc=0.669 val_macro_f1=0.660 lr=[{'group': 'model', 'lr': 0.001}]
[dropout_0_3] epoch 30/100 stage=head train_loss=0.4629 val_loss=1.0137 val_acc=0.669 val_macro_f1=0.654 lr=[{'group': 'model', 'lr': 0.001}]
[dropout_0_3] epoch 31/100 stage=head train_loss=0.4656 val_loss=0.8560 val_acc=0.711 val_macro_f1=0.703 lr=[{'group': 'model', 'lr': 0.001}]
[dropout_0_3] epoch 32/100 stage=head train_loss=0.4382 val_loss=0.7606 val_acc=0.771 val_macro_f1=0.771 lr=[{'group': 'model', 'lr': 0.001}]
[dropout_0_3] epoch 33/100 stage=head train_loss=0.4297 val_loss=1.0596 val_acc=0.663 val_macro_f1=0.643 lr=[{'group': 'model', 'lr': 0.001}]
[dropout_0_3] epoch 34/100 stage=head train_loss=0.3807 val_loss=1.0055 val_acc=0.663 val_macro_f1=0.655 lr=[{'group': 'model', 'lr': 0.001}]
[dropout_0_3] epoch 35/100 stage=head train_loss=0.3448 val_loss=0.6787 val_acc=0.813 val_macro_f1=0.813 lr=[{'group': 'model', 'lr': 0.001}]
[dropout_0_3] epoch 36/100 stage=head train_loss=0.3251 val_loss=0.8476 val_acc=0.759 val_macro_f1=0.767 lr=[{'group': 'model', 'lr': 0.001}]
[dropout_0_3] epoch 37/100 stage=head train_loss=0.3389 val_loss=0.9350 val_acc=0.705 val_macro_f1=0.697 lr=[{'group': 'model', 'lr': 0.001}]
[dropout_0_3] epoch 38/100 stage=head train_loss=0.3304 val_loss=0.8474 val_acc=0.747 val_macro_f1=0.751 lr=[{'group': 'model', 'lr': 0.001}]
[dropout_0_3] epoch 39/100 stage=head train_loss=0.3100 val_loss=0.9979 val_acc=0.705 val_macro_f1=0.693 lr=[{'group': 'model', 'lr': 0.001}]
[dropout_0_3] epoch 40/100 stage=head train_loss=0.3066 val_loss=0.8231 val_acc=0.723 val_macro_f1=0.716 lr=[{'group': 'model', 'lr': 0.001}]
[dropout_0_3] epoch 41/100 stage=head train_loss=0.2600 val_loss=0.7000 val_acc=0.807 val_macro_f1=0.796 lr=[{'group': 'model', 'lr': 0.001}]
[dropout_0_3] epoch 42/100 stage=head train_loss=0.2608 val_loss=1.0545 val_acc=0.663 val_macro_f1=0.653 lr=[{'group': 'model', 'lr': 0.001}]
[dropout_0_3] epoch 43/100 stage=head train_loss=0.2257 val_loss=0.8703 val_acc=0.765 val_macro_f1=0.754 lr=[{'group': 'model', 'lr': 0.001}]
[dropout_0_3] epoch 44/100 stage=head train_loss=0.2711 val_loss=0.8060 val_acc=0.759 val_macro_f1=0.743 lr=[{'group': 'model', 'lr': 0.001}]
[dropout_0_3] epoch 45/100 stage=head train_loss=0.2285 val_loss=0.7064 val_acc=0.837 val_macro_f1=0.839 lr=[{'group': 'model', 'lr': 0.001}]
[dropout_0_3] epoch 46/100 stage=head train_loss=0.2015 val_loss=0.8855 val_acc=0.759 val_macro_f1=0.761 lr=[{'group': 'model', 'lr': 0.001}]
[dropout_0_3] epoch 47/100 stage=head train_loss=0.2108 val_loss=0.9594 val_acc=0.699 val_macro_f1=0.691 lr=[{'group': 'model', 'lr': 0.001}]
[dropout_0_3] epoch 48/100 stage=head train_loss=0.2269 val_loss=0.8250 val_acc=0.729 val_macro_f1=0.736 lr=[{'group': 'model', 'lr': 0.001}]
[dropout_0_3] epoch 49/100 stage=head train_loss=0.2080 val_loss=0.8715 val_acc=0.705 val_macro_f1=0.699 lr=[{'group': 'model', 'lr': 0.001}]
[dropout_0_3] epoch 50/100 stage=head train_loss=0.1899 val_loss=0.9767 val_acc=0.693 val_macro_f1=0.677 lr=[{'group': 'model', 'lr': 0.001}]
[dropout_0_3] epoch 51/100 stage=head train_loss=0.1994 val_loss=0.9938 val_acc=0.711 val_macro_f1=0.701 lr=[{'group': 'model', 'lr': 0.001}]
[dropout_0_3] epoch 52/100 stage=head train_loss=0.1707 val_loss=1.1384 val_acc=0.645 val_macro_f1=0.633 lr=[{'group': 'model', 'lr': 0.001}]
[dropout_0_3] epoch 53/100 stage=head train_loss=0.1431 val_loss=0.7124 val_acc=0.771 val_macro_f1=0.761 lr=[{'group': 'model', 'lr': 0.001}]
[dropout_0_3] epoch 54/100 stage=head train_loss=0.1330 val_loss=0.8069 val_acc=0.747 val_macro_f1=0.751 lr=[{'group': 'model', 'lr': 0.001}]
[dropout_0_3] epoch 55/100 stage=head train_loss=0.1352 val_loss=0.6197 val_acc=0.825 val_macro_f1=0.825 lr=[{'group': 'model', 'lr': 0.001}]
[dropout_0_3] epoch 56/100 stage=head train_loss=0.1486 val_loss=0.7259 val_acc=0.807 val_macro_f1=0.806 lr=[{'group': 'model', 'lr': 0.001}]
[dropout_0_3] epoch 57/100 stage=head train_loss=0.1359 val_loss=1.2304 val_acc=0.620 val_macro_f1=0.591 lr=[{'group': 'model', 'lr': 0.001}]
[dropout_0_3] epoch 58/100 stage=head train_loss=0.1236 val_loss=0.6915 val_acc=0.801 val_macro_f1=0.800 lr=[{'group': 'model', 'lr': 0.001}]
[dropout_0_3] epoch 59/100 stage=head train_loss=0.1195 val_loss=0.8015 val_acc=0.777 val_macro_f1=0.777 lr=[{'group': 'model', 'lr': 0.001}]
[dropout_0_3] epoch 60/100 stage=head train_loss=0.1036 val_loss=0.6114 val_acc=0.819 val_macro_f1=0.819 lr=[{'group': 'model', 'lr': 0.001}]
[dropout_0_3] epoch 61/100 stage=head train_loss=0.1100 val_loss=0.7907 val_acc=0.735 val_macro_f1=0.725 lr=[{'group': 'model', 'lr': 0.001}]
[dropout_0_3] epoch 62/100 stage=head train_loss=0.1106 val_loss=1.2001 val_acc=0.639 val_macro_f1=0.644 lr=[{'group': 'model', 'lr': 0.001}]
[dropout_0_3] epoch 63/100 stage=head train_loss=0.1185 val_loss=0.6979 val_acc=0.837 val_macro_f1=0.838 lr=[{'group': 'model', 'lr': 0.001}]
[dropout_0_3] epoch 64/100 stage=head train_loss=0.1016 val_loss=0.7406 val_acc=0.795 val_macro_f1=0.800 lr=[{'group': 'model', 'lr': 0.001}]
[dropout_0_3] epoch 65/100 stage=head train_loss=0.1112 val_loss=1.1868 val_acc=0.669 val_macro_f1=0.690 lr=[{'group': 'model', 'lr': 0.001}]
[dropout_0_3] epoch 66/100 stage=head train_loss=0.0930 val_loss=0.6934 val_acc=0.807 val_macro_f1=0.804 lr=[{'group': 'model', 'lr': 0.001}]
[dropout_0_3] epoch 67/100 stage=head train_loss=0.0798 val_loss=0.6870 val_acc=0.831 val_macro_f1=0.829 lr=[{'group': 'model', 'lr': 0.001}]
[dropout_0_3] epoch 68/100 stage=head train_loss=0.0870 val_loss=0.6291 val_acc=0.849 val_macro_f1=0.850 lr=[{'group': 'model', 'lr': 0.001}]
[dropout_0_3] epoch 69/100 stage=head train_loss=0.0701 val_loss=0.6834 val_acc=0.813 val_macro_f1=0.814 lr=[{'group': 'model', 'lr': 0.001}]
[dropout_0_3] epoch 70/100 stage=head train_loss=0.0821 val_loss=0.6314 val_acc=0.825 val_macro_f1=0.825 lr=[{'group': 'model', 'lr': 0.001}]
[dropout_0_3] epoch 71/100 stage=head train_loss=0.0661 val_loss=0.7055 val_acc=0.831 val_macro_f1=0.837 lr=[{'group': 'model', 'lr': 0.001}]
[dropout_0_3] epoch 72/100 stage=head train_loss=0.0688 val_loss=0.6122 val_acc=0.819 val_macro_f1=0.824 lr=[{'group': 'model', 'lr': 0.001}]
[dropout_0_3] epoch 73/100 stage=head train_loss=0.0607 val_loss=0.7034 val_acc=0.807 val_macro_f1=0.811 lr=[{'group': 'model', 'lr': 0.001}]
[dropout_0_3] epoch 74/100 stage=head train_loss=0.0594 val_loss=0.6082 val_acc=0.825 val_macro_f1=0.823 lr=[{'group': 'model', 'lr': 0.001}]
[dropout_0_3] epoch 75/100 stage=head train_loss=0.0543 val_loss=1.0590 val_acc=0.699 val_macro_f1=0.659 lr=[{'group': 'model', 'lr': 0.001}]
[dropout_0_3] epoch 76/100 stage=head train_loss=0.0594 val_loss=0.6492 val_acc=0.849 val_macro_f1=0.853 lr=[{'group': 'model', 'lr': 0.001}]
[dropout_0_3] epoch 77/100 stage=head train_loss=0.0541 val_loss=0.8637 val_acc=0.777 val_macro_f1=0.780 lr=[{'group': 'model', 'lr': 0.001}]
[dropout_0_3] epoch 78/100 stage=head train_loss=0.0468 val_loss=0.7100 val_acc=0.801 val_macro_f1=0.803 lr=[{'group': 'model', 'lr': 0.001}]
[dropout_0_3] epoch 79/100 stage=head train_loss=0.0418 val_loss=0.6817 val_acc=0.819 val_macro_f1=0.811 lr=[{'group': 'model', 'lr': 0.001}]
[dropout_0_3] epoch 80/100 stage=head train_loss=0.0443 val_loss=0.7445 val_acc=0.789 val_macro_f1=0.776 lr=[{'group': 'model', 'lr': 0.001}]
[dropout_0_3] epoch 81/100 stage=head train_loss=0.0606 val_loss=0.8694 val_acc=0.753 val_macro_f1=0.739 lr=[{'group': 'model', 'lr': 0.001}]
[dropout_0_3] epoch 82/100 stage=head train_loss=0.0591 val_loss=0.8774 val_acc=0.807 val_macro_f1=0.805 lr=[{'group': 'model', 'lr': 0.001}]
[dropout_0_3] epoch 83/100 stage=head train_loss=0.0597 val_loss=0.7013 val_acc=0.831 val_macro_f1=0.833 lr=[{'group': 'model', 'lr': 0.001}]
[dropout_0_3] epoch 84/100 stage=head train_loss=0.0477 val_loss=0.8671 val_acc=0.771 val_macro_f1=0.779 lr=[{'group': 'model', 'lr': 0.001}]
[dropout_0_3] epoch 85/100 stage=head train_loss=0.0654 val_loss=0.6806 val_acc=0.849 val_macro_f1=0.848 lr=[{'group': 'model', 'lr': 0.001}]
[dropout_0_3] epoch 86/100 stage=head train_loss=0.0548 val_loss=0.6951 val_acc=0.837 val_macro_f1=0.833 lr=[{'group': 'model', 'lr': 0.001}]
[dropout_0_3] epoch 87/100 stage=head train_loss=0.0447 val_loss=0.6389 val_acc=0.825 val_macro_f1=0.828 lr=[{'group': 'model', 'lr': 0.001}]
[dropout_0_3] epoch 88/100 stage=head train_loss=0.0505 val_loss=0.8169 val_acc=0.789 val_macro_f1=0.785 lr=[{'group': 'model', 'lr': 0.001}]
[dropout_0_3] epoch 89/100 stage=head train_loss=0.0621 val_loss=1.0364 val_acc=0.741 val_macro_f1=0.733 lr=[{'group': 'model', 'lr': 0.001}]
[dropout_0_3] epoch 90/100 stage=head train_loss=0.0604 val_loss=0.8866 val_acc=0.759 val_macro_f1=0.760 lr=[{'group': 'model', 'lr': 0.001}]
[dropout_0_3] epoch 91/100 stage=head train_loss=0.0677 val_loss=0.8552 val_acc=0.795 val_macro_f1=0.797 lr=[{'group': 'model', 'lr': 0.001}]
[dropout_0_3] epoch 92/100 stage=head train_loss=0.0464 val_loss=0.9845 val_acc=0.735 val_macro_f1=0.745 lr=[{'group': 'model', 'lr': 0.001}]
[dropout_0_3] epoch 93/100 stage=head train_loss=0.0425 val_loss=0.9179 val_acc=0.795 val_macro_f1=0.786 lr=[{'group': 'model', 'lr': 0.001}]
[dropout_0_3] epoch 94/100 stage=head train_loss=0.0495 val_loss=0.6296 val_acc=0.819 val_macro_f1=0.811 lr=[{'group': 'model', 'lr': 0.001}]
[dropout_0_3] epoch 95/100 stage=head train_loss=0.0424 val_loss=1.4541 val_acc=0.681 val_macro_f1=0.674 lr=[{'group': 'model', 'lr': 0.001}]
[dropout_0_3] epoch 96/100 stage=head train_loss=0.0410 val_loss=1.0496 val_acc=0.741 val_macro_f1=0.747 lr=[{'group': 'model', 'lr': 0.001}]
[dropout_0_3] epoch 97/100 stage=head train_loss=0.0410 val_loss=0.7736 val_acc=0.789 val_macro_f1=0.784 lr=[{'group': 'model', 'lr': 0.001}]
[dropout_0_3] epoch 98/100 stage=head train_loss=0.0350 val_loss=0.6140 val_acc=0.837 val_macro_f1=0.835 lr=[{'group': 'model', 'lr': 0.001}]
[dropout_0_3] epoch 99/100 stage=head train_loss=0.0354 val_loss=0.5493 val_acc=0.837 val_macro_f1=0.828 lr=[{'group': 'model', 'lr': 0.001}]
[dropout_0_3] epoch 100/100 stage=head train_loss=0.0305 val_loss=0.5055 val_acc=0.873 val_macro_f1=0.872 lr=[{'group': 'model', 'lr': 0.001}]
[dropout_0_3] training end: best checkpoint chosen at epoch 100/100 by validation macro-F1 (val_macro_f1=0.8718 val_acc=0.8735)
[dropout_0_3] best checkpoint: artifacts/checkpoints/dropout_0_3.pt

Running Dropout p=0.5 [dropout_0_5]
[dropout_0_5] resume disabled; starting a fresh run
[dropout_0_5] epoch 01/100 stage=head train_loss=2.0139 val_loss=2.0199 val_acc=0.343 val_macro_f1=0.258 lr=[{'group': 'model', 'lr': 0.001}]
[dropout_0_5] epoch 02/100 stage=head train_loss=1.8324 val_loss=1.9502 val_acc=0.301 val_macro_f1=0.211 lr=[{'group': 'model', 'lr': 0.001}]
[dropout_0_5] epoch 03/100 stage=head train_loss=1.7248 val_loss=1.8398 val_acc=0.313 val_macro_f1=0.214 lr=[{'group': 'model', 'lr': 0.001}]
[dropout_0_5] epoch 04/100 stage=head train_loss=1.6559 val_loss=1.7758 val_acc=0.337 val_macro_f1=0.255 lr=[{'group': 'model', 'lr': 0.001}]
[dropout_0_5] epoch 05/100 stage=head train_loss=1.5935 val_loss=1.7144 val_acc=0.343 val_macro_f1=0.287 lr=[{'group': 'model', 'lr': 0.001}]
[dropout_0_5] epoch 06/100 stage=head train_loss=1.4906 val_loss=1.6354 val_acc=0.380 val_macro_f1=0.323 lr=[{'group': 'model', 'lr': 0.001}]
[dropout_0_5] epoch 07/100 stage=head train_loss=1.4347 val_loss=1.6759 val_acc=0.367 val_macro_f1=0.320 lr=[{'group': 'model', 'lr': 0.001}]
[dropout_0_5] epoch 08/100 stage=head train_loss=1.3951 val_loss=1.5750 val_acc=0.464 val_macro_f1=0.442 lr=[{'group': 'model', 'lr': 0.001}]
[dropout_0_5] epoch 09/100 stage=head train_loss=1.3261 val_loss=1.7028 val_acc=0.373 val_macro_f1=0.313 lr=[{'group': 'model', 'lr': 0.001}]
[dropout_0_5] epoch 10/100 stage=head train_loss=1.2902 val_loss=1.4860 val_acc=0.452 val_macro_f1=0.426 lr=[{'group': 'model', 'lr': 0.001}]
[dropout_0_5] epoch 11/100 stage=head train_loss=1.2144 val_loss=1.4341 val_acc=0.488 val_macro_f1=0.464 lr=[{'group': 'model', 'lr': 0.001}]
[dropout_0_5] epoch 12/100 stage=head train_loss=1.2010 val_loss=1.4000 val_acc=0.506 val_macro_f1=0.510 lr=[{'group': 'model', 'lr': 0.001}]
[dropout_0_5] epoch 13/100 stage=head train_loss=1.1685 val_loss=1.3152 val_acc=0.542 val_macro_f1=0.533 lr=[{'group': 'model', 'lr': 0.001}]
[dropout_0_5] epoch 14/100 stage=head train_loss=1.0946 val_loss=1.2852 val_acc=0.560 val_macro_f1=0.548 lr=[{'group': 'model', 'lr': 0.001}]
[dropout_0_5] epoch 15/100 stage=head train_loss=1.0494 val_loss=1.2619 val_acc=0.548 val_macro_f1=0.545 lr=[{'group': 'model', 'lr': 0.001}]
[dropout_0_5] epoch 16/100 stage=head train_loss=1.0269 val_loss=1.3655 val_acc=0.512 val_macro_f1=0.457 lr=[{'group': 'model', 'lr': 0.001}]
[dropout_0_5] epoch 17/100 stage=head train_loss=0.9788 val_loss=1.1004 val_acc=0.651 val_macro_f1=0.653 lr=[{'group': 'model', 'lr': 0.001}]
[dropout_0_5] epoch 18/100 stage=head train_loss=0.9174 val_loss=1.1024 val_acc=0.614 val_macro_f1=0.604 lr=[{'group': 'model', 'lr': 0.001}]
[dropout_0_5] epoch 19/100 stage=head train_loss=0.8992 val_loss=1.0060 val_acc=0.651 val_macro_f1=0.639 lr=[{'group': 'model', 'lr': 0.001}]
[dropout_0_5] epoch 20/100 stage=head train_loss=0.8753 val_loss=1.5066 val_acc=0.482 val_macro_f1=0.444 lr=[{'group': 'model', 'lr': 0.001}]
[dropout_0_5] epoch 21/100 stage=head train_loss=0.8561 val_loss=1.0472 val_acc=0.657 val_macro_f1=0.659 lr=[{'group': 'model', 'lr': 0.001}]
[dropout_0_5] epoch 22/100 stage=head train_loss=0.8238 val_loss=1.1199 val_acc=0.627 val_macro_f1=0.607 lr=[{'group': 'model', 'lr': 0.001}]
[dropout_0_5] epoch 23/100 stage=head train_loss=0.8248 val_loss=1.0366 val_acc=0.675 val_macro_f1=0.672 lr=[{'group': 'model', 'lr': 0.001}]
[dropout_0_5] epoch 24/100 stage=head train_loss=0.7232 val_loss=0.9613 val_acc=0.729 val_macro_f1=0.724 lr=[{'group': 'model', 'lr': 0.001}]
[dropout_0_5] epoch 25/100 stage=head train_loss=0.6994 val_loss=0.8889 val_acc=0.711 val_macro_f1=0.712 lr=[{'group': 'model', 'lr': 0.001}]
[dropout_0_5] epoch 26/100 stage=head train_loss=0.6555 val_loss=0.9556 val_acc=0.687 val_macro_f1=0.696 lr=[{'group': 'model', 'lr': 0.001}]
[dropout_0_5] epoch 27/100 stage=head train_loss=0.6193 val_loss=0.9801 val_acc=0.687 val_macro_f1=0.694 lr=[{'group': 'model', 'lr': 0.001}]
[dropout_0_5] epoch 28/100 stage=head train_loss=0.6288 val_loss=0.9952 val_acc=0.657 val_macro_f1=0.649 lr=[{'group': 'model', 'lr': 0.001}]
[dropout_0_5] epoch 29/100 stage=head train_loss=0.5925 val_loss=1.0447 val_acc=0.681 val_macro_f1=0.690 lr=[{'group': 'model', 'lr': 0.001}]
[dropout_0_5] epoch 30/100 stage=head train_loss=0.5503 val_loss=1.2780 val_acc=0.542 val_macro_f1=0.482 lr=[{'group': 'model', 'lr': 0.001}]
[dropout_0_5] epoch 31/100 stage=head train_loss=0.5345 val_loss=1.0556 val_acc=0.608 val_macro_f1=0.604 lr=[{'group': 'model', 'lr': 0.001}]
[dropout_0_5] epoch 32/100 stage=head train_loss=0.4957 val_loss=0.9595 val_acc=0.705 val_macro_f1=0.707 lr=[{'group': 'model', 'lr': 0.001}]
[dropout_0_5] epoch 33/100 stage=head train_loss=0.4724 val_loss=1.1545 val_acc=0.651 val_macro_f1=0.635 lr=[{'group': 'model', 'lr': 0.001}]
[dropout_0_5] epoch 34/100 stage=head train_loss=0.4644 val_loss=0.6801 val_acc=0.801 val_macro_f1=0.795 lr=[{'group': 'model', 'lr': 0.001}]
[dropout_0_5] epoch 35/100 stage=head train_loss=0.4217 val_loss=0.8511 val_acc=0.753 val_macro_f1=0.752 lr=[{'group': 'model', 'lr': 0.001}]
[dropout_0_5] epoch 36/100 stage=head train_loss=0.3835 val_loss=0.8583 val_acc=0.687 val_macro_f1=0.695 lr=[{'group': 'model', 'lr': 0.001}]
[dropout_0_5] epoch 37/100 stage=head train_loss=0.4103 val_loss=0.8335 val_acc=0.735 val_macro_f1=0.722 lr=[{'group': 'model', 'lr': 0.001}]
[dropout_0_5] epoch 38/100 stage=head train_loss=0.3701 val_loss=0.8902 val_acc=0.717 val_macro_f1=0.711 lr=[{'group': 'model', 'lr': 0.001}]
[dropout_0_5] epoch 39/100 stage=head train_loss=0.3889 val_loss=0.8506 val_acc=0.741 val_macro_f1=0.710 lr=[{'group': 'model', 'lr': 0.001}]
[dropout_0_5] epoch 40/100 stage=head train_loss=0.3757 val_loss=1.0578 val_acc=0.663 val_macro_f1=0.657 lr=[{'group': 'model', 'lr': 0.001}]
[dropout_0_5] epoch 41/100 stage=head train_loss=0.3313 val_loss=0.7699 val_acc=0.783 val_macro_f1=0.789 lr=[{'group': 'model', 'lr': 0.001}]
[dropout_0_5] epoch 42/100 stage=head train_loss=0.3662 val_loss=0.8693 val_acc=0.729 val_macro_f1=0.736 lr=[{'group': 'model', 'lr': 0.001}]
[dropout_0_5] epoch 43/100 stage=head train_loss=0.2978 val_loss=0.7538 val_acc=0.783 val_macro_f1=0.773 lr=[{'group': 'model', 'lr': 0.001}]
[dropout_0_5] epoch 44/100 stage=head train_loss=0.3145 val_loss=0.6756 val_acc=0.831 val_macro_f1=0.828 lr=[{'group': 'model', 'lr': 0.001}]
[dropout_0_5] epoch 45/100 stage=head train_loss=0.2590 val_loss=0.6824 val_acc=0.813 val_macro_f1=0.810 lr=[{'group': 'model', 'lr': 0.001}]
[dropout_0_5] epoch 46/100 stage=head train_loss=0.2393 val_loss=0.7315 val_acc=0.783 val_macro_f1=0.776 lr=[{'group': 'model', 'lr': 0.001}]
[dropout_0_5] epoch 47/100 stage=head train_loss=0.2452 val_loss=0.5903 val_acc=0.831 val_macro_f1=0.827 lr=[{'group': 'model', 'lr': 0.001}]
[dropout_0_5] epoch 48/100 stage=head train_loss=0.2405 val_loss=0.5679 val_acc=0.831 val_macro_f1=0.829 lr=[{'group': 'model', 'lr': 0.001}]
[dropout_0_5] epoch 49/100 stage=head train_loss=0.2583 val_loss=0.8250 val_acc=0.747 val_macro_f1=0.727 lr=[{'group': 'model', 'lr': 0.001}]
[dropout_0_5] epoch 50/100 stage=head train_loss=0.2460 val_loss=0.8215 val_acc=0.735 val_macro_f1=0.736 lr=[{'group': 'model', 'lr': 0.001}]
[dropout_0_5] epoch 51/100 stage=head train_loss=0.2140 val_loss=0.6686 val_acc=0.771 val_macro_f1=0.769 lr=[{'group': 'model', 'lr': 0.001}]
[dropout_0_5] epoch 52/100 stage=head train_loss=0.2031 val_loss=0.9322 val_acc=0.717 val_macro_f1=0.705 lr=[{'group': 'model', 'lr': 0.001}]
[dropout_0_5] epoch 53/100 stage=head train_loss=0.2031 val_loss=0.9918 val_acc=0.717 val_macro_f1=0.720 lr=[{'group': 'model', 'lr': 0.001}]
[dropout_0_5] epoch 54/100 stage=head train_loss=0.1749 val_loss=1.1112 val_acc=0.717 val_macro_f1=0.730 lr=[{'group': 'model', 'lr': 0.001}]
[dropout_0_5] epoch 55/100 stage=head train_loss=0.2086 val_loss=1.0140 val_acc=0.693 val_macro_f1=0.657 lr=[{'group': 'model', 'lr': 0.001}]
[dropout_0_5] epoch 56/100 stage=head train_loss=0.2054 val_loss=0.8071 val_acc=0.777 val_macro_f1=0.776 lr=[{'group': 'model', 'lr': 0.001}]
[dropout_0_5] epoch 57/100 stage=head train_loss=0.1949 val_loss=0.5933 val_acc=0.819 val_macro_f1=0.815 lr=[{'group': 'model', 'lr': 0.001}]
[dropout_0_5] epoch 58/100 stage=head train_loss=0.1539 val_loss=0.7479 val_acc=0.783 val_macro_f1=0.783 lr=[{'group': 'model', 'lr': 0.001}]
[dropout_0_5] epoch 59/100 stage=head train_loss=0.1584 val_loss=1.3411 val_acc=0.620 val_macro_f1=0.623 lr=[{'group': 'model', 'lr': 0.001}]
[dropout_0_5] epoch 60/100 stage=head train_loss=0.1371 val_loss=0.5932 val_acc=0.831 val_macro_f1=0.824 lr=[{'group': 'model', 'lr': 0.001}]
[dropout_0_5] epoch 61/100 stage=head train_loss=0.1489 val_loss=0.7538 val_acc=0.777 val_macro_f1=0.774 lr=[{'group': 'model', 'lr': 0.001}]
[dropout_0_5] epoch 62/100 stage=head train_loss=0.1336 val_loss=0.9743 val_acc=0.729 val_macro_f1=0.719 lr=[{'group': 'model', 'lr': 0.001}]
[dropout_0_5] epoch 63/100 stage=head train_loss=0.1453 val_loss=0.6607 val_acc=0.849 val_macro_f1=0.849 lr=[{'group': 'model', 'lr': 0.001}]
[dropout_0_5] epoch 64/100 stage=head train_loss=0.1245 val_loss=0.8489 val_acc=0.765 val_macro_f1=0.785 lr=[{'group': 'model', 'lr': 0.001}]
[dropout_0_5] epoch 65/100 stage=head train_loss=0.1336 val_loss=0.6502 val_acc=0.825 val_macro_f1=0.825 lr=[{'group': 'model', 'lr': 0.001}]
[dropout_0_5] epoch 66/100 stage=head train_loss=0.1055 val_loss=0.7966 val_acc=0.735 val_macro_f1=0.741 lr=[{'group': 'model', 'lr': 0.001}]
[dropout_0_5] epoch 67/100 stage=head train_loss=0.1148 val_loss=0.9455 val_acc=0.711 val_macro_f1=0.713 lr=[{'group': 'model', 'lr': 0.001}]
[dropout_0_5] epoch 68/100 stage=head train_loss=0.1187 val_loss=0.6111 val_acc=0.831 val_macro_f1=0.832 lr=[{'group': 'model', 'lr': 0.001}]
[dropout_0_5] epoch 69/100 stage=head train_loss=0.1045 val_loss=0.6287 val_acc=0.831 val_macro_f1=0.835 lr=[{'group': 'model', 'lr': 0.001}]
[dropout_0_5] epoch 70/100 stage=head train_loss=0.1233 val_loss=0.6620 val_acc=0.807 val_macro_f1=0.811 lr=[{'group': 'model', 'lr': 0.001}]
[dropout_0_5] epoch 71/100 stage=head train_loss=0.1020 val_loss=0.5836 val_acc=0.831 val_macro_f1=0.833 lr=[{'group': 'model', 'lr': 0.001}]
[dropout_0_5] epoch 72/100 stage=head train_loss=0.0889 val_loss=0.7688 val_acc=0.759 val_macro_f1=0.757 lr=[{'group': 'model', 'lr': 0.001}]
[dropout_0_5] epoch 73/100 stage=head train_loss=0.0734 val_loss=0.6001 val_acc=0.849 val_macro_f1=0.847 lr=[{'group': 'model', 'lr': 0.001}]
[dropout_0_5] epoch 74/100 stage=head train_loss=0.0987 val_loss=0.6698 val_acc=0.813 val_macro_f1=0.806 lr=[{'group': 'model', 'lr': 0.001}]
[dropout_0_5] epoch 75/100 stage=head train_loss=0.0886 val_loss=1.1100 val_acc=0.693 val_macro_f1=0.689 lr=[{'group': 'model', 'lr': 0.001}]
[dropout_0_5] epoch 76/100 stage=head train_loss=0.0835 val_loss=0.7171 val_acc=0.813 val_macro_f1=0.807 lr=[{'group': 'model', 'lr': 0.001}]
[dropout_0_5] epoch 77/100 stage=head train_loss=0.0672 val_loss=0.8757 val_acc=0.735 val_macro_f1=0.728 lr=[{'group': 'model', 'lr': 0.001}]
[dropout_0_5] epoch 78/100 stage=head train_loss=0.0717 val_loss=0.6779 val_acc=0.789 val_macro_f1=0.790 lr=[{'group': 'model', 'lr': 0.001}]
[dropout_0_5] epoch 79/100 stage=head train_loss=0.0726 val_loss=0.8123 val_acc=0.759 val_macro_f1=0.773 lr=[{'group': 'model', 'lr': 0.001}]
[dropout_0_5] epoch 80/100 stage=head train_loss=0.0591 val_loss=0.8969 val_acc=0.711 val_macro_f1=0.713 lr=[{'group': 'model', 'lr': 0.001}]
[dropout_0_5] epoch 81/100 stage=head train_loss=0.0752 val_loss=0.7460 val_acc=0.801 val_macro_f1=0.810 lr=[{'group': 'model', 'lr': 0.001}]
[dropout_0_5] epoch 82/100 stage=head train_loss=0.0833 val_loss=0.7188 val_acc=0.783 val_macro_f1=0.780 lr=[{'group': 'model', 'lr': 0.001}]
[dropout_0_5] epoch 83/100 stage=head train_loss=0.0803 val_loss=0.8064 val_acc=0.807 val_macro_f1=0.799 lr=[{'group': 'model', 'lr': 0.001}]
[dropout_0_5] epoch 84/100 stage=head train_loss=0.0787 val_loss=0.6357 val_acc=0.861 val_macro_f1=0.856 lr=[{'group': 'model', 'lr': 0.001}]
[dropout_0_5] epoch 85/100 stage=head train_loss=0.0842 val_loss=0.8471 val_acc=0.759 val_macro_f1=0.744 lr=[{'group': 'model', 'lr': 0.001}]
[dropout_0_5] epoch 86/100 stage=head train_loss=0.0623 val_loss=0.9854 val_acc=0.711 val_macro_f1=0.695 lr=[{'group': 'model', 'lr': 0.001}]
[dropout_0_5] epoch 87/100 stage=head train_loss=0.0765 val_loss=1.0760 val_acc=0.693 val_macro_f1=0.706 lr=[{'group': 'model', 'lr': 0.001}]
[dropout_0_5] epoch 88/100 stage=head train_loss=0.0782 val_loss=1.2969 val_acc=0.687 val_macro_f1=0.697 lr=[{'group': 'model', 'lr': 0.001}]
[dropout_0_5] epoch 89/100 stage=head train_loss=0.0658 val_loss=0.5927 val_acc=0.819 val_macro_f1=0.822 lr=[{'group': 'model', 'lr': 0.001}]
[dropout_0_5] epoch 90/100 stage=head train_loss=0.0710 val_loss=0.8449 val_acc=0.777 val_macro_f1=0.780 lr=[{'group': 'model', 'lr': 0.001}]
[dropout_0_5] epoch 91/100 stage=head train_loss=0.0573 val_loss=0.6604 val_acc=0.813 val_macro_f1=0.808 lr=[{'group': 'model', 'lr': 0.001}]
[dropout_0_5] epoch 92/100 stage=head train_loss=0.0678 val_loss=0.7008 val_acc=0.825 val_macro_f1=0.814 lr=[{'group': 'model', 'lr': 0.001}]
[dropout_0_5] epoch 93/100 stage=head train_loss=0.0565 val_loss=0.9878 val_acc=0.729 val_macro_f1=0.719 lr=[{'group': 'model', 'lr': 0.001}]
[dropout_0_5] epoch 94/100 stage=head train_loss=0.0571 val_loss=0.9456 val_acc=0.747 val_macro_f1=0.751 lr=[{'group': 'model', 'lr': 0.001}]
[dropout_0_5] epoch 95/100 stage=head train_loss=0.0625 val_loss=0.7103 val_acc=0.807 val_macro_f1=0.815 lr=[{'group': 'model', 'lr': 0.001}]
[dropout_0_5] epoch 96/100 stage=head train_loss=0.0565 val_loss=0.6294 val_acc=0.837 val_macro_f1=0.839 lr=[{'group': 'model', 'lr': 0.001}]
[dropout_0_5] epoch 97/100 stage=head train_loss=0.0663 val_loss=0.6427 val_acc=0.861 val_macro_f1=0.857 lr=[{'group': 'model', 'lr': 0.001}]
[dropout_0_5] epoch 98/100 stage=head train_loss=0.0536 val_loss=0.8640 val_acc=0.813 val_macro_f1=0.815 lr=[{'group': 'model', 'lr': 0.001}]
[dropout_0_5] epoch 99/100 stage=head train_loss=0.0623 val_loss=0.5669 val_acc=0.873 val_macro_f1=0.873 lr=[{'group': 'model', 'lr': 0.001}]
[dropout_0_5] epoch 100/100 stage=head train_loss=0.0475 val_loss=1.0923 val_acc=0.705 val_macro_f1=0.724 lr=[{'group': 'model', 'lr': 0.001}]
[dropout_0_5] training end: best checkpoint chosen at epoch 99/100 by validation macro-F1 (val_macro_f1=0.8732 val_acc=0.8735)
[dropout_0_5] best checkpoint: artifacts/checkpoints/dropout_0_5.pt

Running Average pooling [avg_pool]
[avg_pool] resume disabled; starting a fresh run
[avg_pool] epoch 01/100 stage=head train_loss=2.0152 val_loss=2.0416 val_acc=0.319 val_macro_f1=0.217 lr=[{'group': 'model', 'lr': 0.001}]
[avg_pool] epoch 02/100 stage=head train_loss=1.8378 val_loss=1.9790 val_acc=0.283 val_macro_f1=0.190 lr=[{'group': 'model', 'lr': 0.001}]
[avg_pool] epoch 03/100 stage=head train_loss=1.7316 val_loss=1.9156 val_acc=0.283 val_macro_f1=0.183 lr=[{'group': 'model', 'lr': 0.001}]
[avg_pool] epoch 04/100 stage=head train_loss=1.6623 val_loss=1.8416 val_acc=0.301 val_macro_f1=0.203 lr=[{'group': 'model', 'lr': 0.001}]
[avg_pool] epoch 05/100 stage=head train_loss=1.5976 val_loss=1.7916 val_acc=0.319 val_macro_f1=0.227 lr=[{'group': 'model', 'lr': 0.001}]
[avg_pool] epoch 06/100 stage=head train_loss=1.5143 val_loss=1.8094 val_acc=0.319 val_macro_f1=0.238 lr=[{'group': 'model', 'lr': 0.001}]
[avg_pool] epoch 07/100 stage=head train_loss=1.4542 val_loss=1.9945 val_acc=0.337 val_macro_f1=0.244 lr=[{'group': 'model', 'lr': 0.001}]
[avg_pool] epoch 08/100 stage=head train_loss=1.4221 val_loss=1.7979 val_acc=0.343 val_macro_f1=0.263 lr=[{'group': 'model', 'lr': 0.001}]
[avg_pool] epoch 09/100 stage=head train_loss=1.3675 val_loss=2.0252 val_acc=0.313 val_macro_f1=0.254 lr=[{'group': 'model', 'lr': 0.001}]
[avg_pool] epoch 10/100 stage=head train_loss=1.3200 val_loss=1.5294 val_acc=0.470 val_macro_f1=0.458 lr=[{'group': 'model', 'lr': 0.001}]
[avg_pool] epoch 11/100 stage=head train_loss=1.2729 val_loss=1.5447 val_acc=0.470 val_macro_f1=0.447 lr=[{'group': 'model', 'lr': 0.001}]
[avg_pool] epoch 12/100 stage=head train_loss=1.2375 val_loss=1.4844 val_acc=0.422 val_macro_f1=0.383 lr=[{'group': 'model', 'lr': 0.001}]
[avg_pool] epoch 13/100 stage=head train_loss=1.2110 val_loss=1.3334 val_acc=0.512 val_macro_f1=0.485 lr=[{'group': 'model', 'lr': 0.001}]
[avg_pool] epoch 14/100 stage=head train_loss=1.1485 val_loss=1.3054 val_acc=0.584 val_macro_f1=0.566 lr=[{'group': 'model', 'lr': 0.001}]
[avg_pool] epoch 15/100 stage=head train_loss=1.1080 val_loss=1.4027 val_acc=0.476 val_macro_f1=0.473 lr=[{'group': 'model', 'lr': 0.001}]
[avg_pool] epoch 16/100 stage=head train_loss=1.0942 val_loss=1.3252 val_acc=0.602 val_macro_f1=0.587 lr=[{'group': 'model', 'lr': 0.001}]
[avg_pool] epoch 17/100 stage=head train_loss=1.0325 val_loss=1.3321 val_acc=0.542 val_macro_f1=0.515 lr=[{'group': 'model', 'lr': 0.001}]
[avg_pool] epoch 18/100 stage=head train_loss=0.9725 val_loss=1.1746 val_acc=0.614 val_macro_f1=0.602 lr=[{'group': 'model', 'lr': 0.001}]
[avg_pool] epoch 19/100 stage=head train_loss=0.9147 val_loss=1.2385 val_acc=0.566 val_macro_f1=0.544 lr=[{'group': 'model', 'lr': 0.001}]
[avg_pool] epoch 20/100 stage=head train_loss=0.8945 val_loss=1.1760 val_acc=0.657 val_macro_f1=0.651 lr=[{'group': 'model', 'lr': 0.001}]
[avg_pool] epoch 21/100 stage=head train_loss=0.8852 val_loss=1.2360 val_acc=0.572 val_macro_f1=0.540 lr=[{'group': 'model', 'lr': 0.001}]
[avg_pool] epoch 22/100 stage=head train_loss=0.8200 val_loss=1.4389 val_acc=0.536 val_macro_f1=0.491 lr=[{'group': 'model', 'lr': 0.001}]
[avg_pool] epoch 23/100 stage=head train_loss=0.7982 val_loss=1.3177 val_acc=0.536 val_macro_f1=0.482 lr=[{'group': 'model', 'lr': 0.001}]
[avg_pool] epoch 24/100 stage=head train_loss=0.7551 val_loss=1.3048 val_acc=0.506 val_macro_f1=0.501 lr=[{'group': 'model', 'lr': 0.001}]
[avg_pool] epoch 25/100 stage=head train_loss=0.7186 val_loss=1.4472 val_acc=0.542 val_macro_f1=0.482 lr=[{'group': 'model', 'lr': 0.001}]
[avg_pool] epoch 26/100 stage=head train_loss=0.7280 val_loss=1.1098 val_acc=0.614 val_macro_f1=0.611 lr=[{'group': 'model', 'lr': 0.001}]
[avg_pool] epoch 27/100 stage=head train_loss=0.6651 val_loss=1.2202 val_acc=0.590 val_macro_f1=0.574 lr=[{'group': 'model', 'lr': 0.001}]
[avg_pool] epoch 28/100 stage=head train_loss=0.6616 val_loss=1.0528 val_acc=0.663 val_macro_f1=0.655 lr=[{'group': 'model', 'lr': 0.001}]
[avg_pool] epoch 29/100 stage=head train_loss=0.6218 val_loss=1.0502 val_acc=0.663 val_macro_f1=0.640 lr=[{'group': 'model', 'lr': 0.001}]
[avg_pool] epoch 30/100 stage=head train_loss=0.5819 val_loss=1.0169 val_acc=0.663 val_macro_f1=0.639 lr=[{'group': 'model', 'lr': 0.001}]
[avg_pool] epoch 31/100 stage=head train_loss=0.5483 val_loss=1.0134 val_acc=0.699 val_macro_f1=0.677 lr=[{'group': 'model', 'lr': 0.001}]
[avg_pool] epoch 32/100 stage=head train_loss=0.4970 val_loss=0.8996 val_acc=0.693 val_macro_f1=0.688 lr=[{'group': 'model', 'lr': 0.001}]
[avg_pool] epoch 33/100 stage=head train_loss=0.4644 val_loss=0.8832 val_acc=0.717 val_macro_f1=0.711 lr=[{'group': 'model', 'lr': 0.001}]
[avg_pool] epoch 34/100 stage=head train_loss=0.4347 val_loss=0.8034 val_acc=0.783 val_macro_f1=0.779 lr=[{'group': 'model', 'lr': 0.001}]
[avg_pool] epoch 35/100 stage=head train_loss=0.3704 val_loss=0.7667 val_acc=0.747 val_macro_f1=0.741 lr=[{'group': 'model', 'lr': 0.001}]
[avg_pool] epoch 36/100 stage=head train_loss=0.3469 val_loss=0.8173 val_acc=0.735 val_macro_f1=0.735 lr=[{'group': 'model', 'lr': 0.001}]
[avg_pool] epoch 37/100 stage=head train_loss=0.3691 val_loss=0.7944 val_acc=0.747 val_macro_f1=0.748 lr=[{'group': 'model', 'lr': 0.001}]
[avg_pool] epoch 38/100 stage=head train_loss=0.3354 val_loss=0.8170 val_acc=0.759 val_macro_f1=0.760 lr=[{'group': 'model', 'lr': 0.001}]
[avg_pool] epoch 39/100 stage=head train_loss=0.3167 val_loss=0.9613 val_acc=0.681 val_macro_f1=0.661 lr=[{'group': 'model', 'lr': 0.001}]
[avg_pool] epoch 40/100 stage=head train_loss=0.3432 val_loss=0.8354 val_acc=0.747 val_macro_f1=0.752 lr=[{'group': 'model', 'lr': 0.001}]
[avg_pool] epoch 41/100 stage=head train_loss=0.3085 val_loss=1.1143 val_acc=0.633 val_macro_f1=0.628 lr=[{'group': 'model', 'lr': 0.001}]
[avg_pool] epoch 42/100 stage=head train_loss=0.3238 val_loss=0.9841 val_acc=0.681 val_macro_f1=0.691 lr=[{'group': 'model', 'lr': 0.001}]
[avg_pool] epoch 43/100 stage=head train_loss=0.2853 val_loss=0.8864 val_acc=0.723 val_macro_f1=0.716 lr=[{'group': 'model', 'lr': 0.001}]
[avg_pool] epoch 44/100 stage=head train_loss=0.2652 val_loss=0.9235 val_acc=0.729 val_macro_f1=0.736 lr=[{'group': 'model', 'lr': 0.001}]
[avg_pool] epoch 45/100 stage=head train_loss=0.2302 val_loss=1.2783 val_acc=0.614 val_macro_f1=0.597 lr=[{'group': 'model', 'lr': 0.001}]
[avg_pool] epoch 46/100 stage=head train_loss=0.2200 val_loss=1.0458 val_acc=0.663 val_macro_f1=0.654 lr=[{'group': 'model', 'lr': 0.001}]
[avg_pool] epoch 47/100 stage=head train_loss=0.2080 val_loss=1.3359 val_acc=0.645 val_macro_f1=0.609 lr=[{'group': 'model', 'lr': 0.001}]
[avg_pool] epoch 48/100 stage=head train_loss=0.2147 val_loss=0.8285 val_acc=0.735 val_macro_f1=0.733 lr=[{'group': 'model', 'lr': 0.001}]
[avg_pool] epoch 49/100 stage=head train_loss=0.1923 val_loss=1.1540 val_acc=0.633 val_macro_f1=0.638 lr=[{'group': 'model', 'lr': 0.001}]
[avg_pool] epoch 50/100 stage=head train_loss=0.1968 val_loss=1.0892 val_acc=0.669 val_macro_f1=0.663 lr=[{'group': 'model', 'lr': 0.001}]
[avg_pool] epoch 51/100 stage=head train_loss=0.1935 val_loss=0.8571 val_acc=0.735 val_macro_f1=0.716 lr=[{'group': 'model', 'lr': 0.001}]
[avg_pool] epoch 52/100 stage=head train_loss=0.1634 val_loss=1.1176 val_acc=0.693 val_macro_f1=0.683 lr=[{'group': 'model', 'lr': 0.001}]
[avg_pool] epoch 53/100 stage=head train_loss=0.1623 val_loss=0.8767 val_acc=0.729 val_macro_f1=0.728 lr=[{'group': 'model', 'lr': 0.001}]
[avg_pool] epoch 54/100 stage=head train_loss=0.1146 val_loss=0.8282 val_acc=0.747 val_macro_f1=0.733 lr=[{'group': 'model', 'lr': 0.001}]
[avg_pool] epoch 55/100 stage=head train_loss=0.1262 val_loss=0.9486 val_acc=0.669 val_macro_f1=0.628 lr=[{'group': 'model', 'lr': 0.001}]
[avg_pool] epoch 56/100 stage=head train_loss=0.1364 val_loss=0.7045 val_acc=0.789 val_macro_f1=0.785 lr=[{'group': 'model', 'lr': 0.001}]
[avg_pool] epoch 57/100 stage=head train_loss=0.1067 val_loss=0.8157 val_acc=0.765 val_macro_f1=0.772 lr=[{'group': 'model', 'lr': 0.001}]
[avg_pool] epoch 58/100 stage=head train_loss=0.0869 val_loss=1.0103 val_acc=0.711 val_macro_f1=0.730 lr=[{'group': 'model', 'lr': 0.001}]
[avg_pool] epoch 59/100 stage=head train_loss=0.0984 val_loss=0.7625 val_acc=0.777 val_macro_f1=0.776 lr=[{'group': 'model', 'lr': 0.001}]
[avg_pool] epoch 60/100 stage=head train_loss=0.0972 val_loss=0.9676 val_acc=0.723 val_macro_f1=0.711 lr=[{'group': 'model', 'lr': 0.001}]
[avg_pool] epoch 61/100 stage=head train_loss=0.1368 val_loss=0.9377 val_acc=0.753 val_macro_f1=0.748 lr=[{'group': 'model', 'lr': 0.001}]
[avg_pool] epoch 62/100 stage=head train_loss=0.1338 val_loss=1.0883 val_acc=0.687 val_macro_f1=0.662 lr=[{'group': 'model', 'lr': 0.001}]
[avg_pool] epoch 63/100 stage=head train_loss=0.1436 val_loss=0.8479 val_acc=0.759 val_macro_f1=0.744 lr=[{'group': 'model', 'lr': 0.001}]
[avg_pool] epoch 64/100 stage=head train_loss=0.1477 val_loss=1.6869 val_acc=0.542 val_macro_f1=0.532 lr=[{'group': 'model', 'lr': 0.001}]
[avg_pool] epoch 65/100 stage=head train_loss=0.1554 val_loss=0.7444 val_acc=0.771 val_macro_f1=0.773 lr=[{'group': 'model', 'lr': 0.001}]
[avg_pool] epoch 66/100 stage=head train_loss=0.1220 val_loss=1.1638 val_acc=0.614 val_macro_f1=0.593 lr=[{'group': 'model', 'lr': 0.001}]
[avg_pool] epoch 67/100 stage=head train_loss=0.1136 val_loss=0.8657 val_acc=0.759 val_macro_f1=0.760 lr=[{'group': 'model', 'lr': 0.001}]
[avg_pool] epoch 68/100 stage=head train_loss=0.0996 val_loss=0.9334 val_acc=0.711 val_macro_f1=0.708 lr=[{'group': 'model', 'lr': 0.001}]
[avg_pool] epoch 69/100 stage=head train_loss=0.0861 val_loss=0.8665 val_acc=0.753 val_macro_f1=0.745 lr=[{'group': 'model', 'lr': 0.001}]
[avg_pool] epoch 70/100 stage=head train_loss=0.0890 val_loss=0.8259 val_acc=0.777 val_macro_f1=0.781 lr=[{'group': 'model', 'lr': 0.001}]
[avg_pool] epoch 71/100 stage=head train_loss=0.0720 val_loss=1.0338 val_acc=0.723 val_macro_f1=0.724 lr=[{'group': 'model', 'lr': 0.001}]
[avg_pool] epoch 72/100 stage=head train_loss=0.0813 val_loss=0.8112 val_acc=0.783 val_macro_f1=0.776 lr=[{'group': 'model', 'lr': 0.001}]
[avg_pool] epoch 73/100 stage=head train_loss=0.0551 val_loss=0.7614 val_acc=0.783 val_macro_f1=0.780 lr=[{'group': 'model', 'lr': 0.001}]
[avg_pool] epoch 74/100 stage=head train_loss=0.0736 val_loss=1.3388 val_acc=0.645 val_macro_f1=0.624 lr=[{'group': 'model', 'lr': 0.001}]
[avg_pool] epoch 75/100 stage=head train_loss=0.0691 val_loss=0.7374 val_acc=0.819 val_macro_f1=0.816 lr=[{'group': 'model', 'lr': 0.001}]
[avg_pool] epoch 76/100 stage=head train_loss=0.0641 val_loss=0.7614 val_acc=0.783 val_macro_f1=0.786 lr=[{'group': 'model', 'lr': 0.001}]
[avg_pool] epoch 77/100 stage=head train_loss=0.0556 val_loss=0.7121 val_acc=0.789 val_macro_f1=0.788 lr=[{'group': 'model', 'lr': 0.001}]
[avg_pool] epoch 78/100 stage=head train_loss=0.0623 val_loss=0.7208 val_acc=0.795 val_macro_f1=0.796 lr=[{'group': 'model', 'lr': 0.001}]
[avg_pool] epoch 79/100 stage=head train_loss=0.0444 val_loss=1.4965 val_acc=0.657 val_macro_f1=0.635 lr=[{'group': 'model', 'lr': 0.001}]
[avg_pool] epoch 80/100 stage=head train_loss=0.0423 val_loss=0.8406 val_acc=0.795 val_macro_f1=0.797 lr=[{'group': 'model', 'lr': 0.001}]
[avg_pool] epoch 81/100 stage=head train_loss=0.0492 val_loss=0.8156 val_acc=0.789 val_macro_f1=0.789 lr=[{'group': 'model', 'lr': 0.001}]
[avg_pool] epoch 82/100 stage=head train_loss=0.0474 val_loss=0.7293 val_acc=0.789 val_macro_f1=0.789 lr=[{'group': 'model', 'lr': 0.001}]
[avg_pool] epoch 83/100 stage=head train_loss=0.0471 val_loss=0.7081 val_acc=0.831 val_macro_f1=0.827 lr=[{'group': 'model', 'lr': 0.001}]
[avg_pool] epoch 84/100 stage=head train_loss=0.0397 val_loss=1.1002 val_acc=0.729 val_macro_f1=0.730 lr=[{'group': 'model', 'lr': 0.001}]
[avg_pool] epoch 85/100 stage=head train_loss=0.0485 val_loss=0.9204 val_acc=0.759 val_macro_f1=0.758 lr=[{'group': 'model', 'lr': 0.001}]
[avg_pool] epoch 86/100 stage=head train_loss=0.0352 val_loss=0.7848 val_acc=0.801 val_macro_f1=0.796 lr=[{'group': 'model', 'lr': 0.001}]
[avg_pool] epoch 87/100 stage=head train_loss=0.0283 val_loss=0.8256 val_acc=0.765 val_macro_f1=0.760 lr=[{'group': 'model', 'lr': 0.001}]
[avg_pool] epoch 88/100 stage=head train_loss=0.0314 val_loss=0.7874 val_acc=0.819 val_macro_f1=0.818 lr=[{'group': 'model', 'lr': 0.001}]
[avg_pool] epoch 89/100 stage=head train_loss=0.0329 val_loss=0.7594 val_acc=0.801 val_macro_f1=0.798 lr=[{'group': 'model', 'lr': 0.001}]
[avg_pool] epoch 90/100 stage=head train_loss=0.0270 val_loss=0.9712 val_acc=0.765 val_macro_f1=0.763 lr=[{'group': 'model', 'lr': 0.001}]
[avg_pool] epoch 91/100 stage=head train_loss=0.0392 val_loss=0.9320 val_acc=0.777 val_macro_f1=0.776 lr=[{'group': 'model', 'lr': 0.001}]
[avg_pool] epoch 92/100 stage=head train_loss=0.0323 val_loss=0.8623 val_acc=0.795 val_macro_f1=0.789 lr=[{'group': 'model', 'lr': 0.001}]
[avg_pool] epoch 93/100 stage=head train_loss=0.0242 val_loss=0.8251 val_acc=0.789 val_macro_f1=0.788 lr=[{'group': 'model', 'lr': 0.001}]
[avg_pool] epoch 94/100 stage=head train_loss=0.0304 val_loss=0.7183 val_acc=0.789 val_macro_f1=0.791 lr=[{'group': 'model', 'lr': 0.001}]
[avg_pool] epoch 95/100 stage=head train_loss=0.0279 val_loss=0.7027 val_acc=0.813 val_macro_f1=0.811 lr=[{'group': 'model', 'lr': 0.001}]
[avg_pool] epoch 96/100 stage=head train_loss=0.0284 val_loss=0.7000 val_acc=0.807 val_macro_f1=0.811 lr=[{'group': 'model', 'lr': 0.001}]
[avg_pool] epoch 97/100 stage=head train_loss=0.0276 val_loss=0.7455 val_acc=0.801 val_macro_f1=0.799 lr=[{'group': 'model', 'lr': 0.001}]
[avg_pool] epoch 98/100 stage=head train_loss=0.0305 val_loss=0.7353 val_acc=0.813 val_macro_f1=0.811 lr=[{'group': 'model', 'lr': 0.001}]
[avg_pool] epoch 99/100 stage=head train_loss=0.0232 val_loss=0.6917 val_acc=0.813 val_macro_f1=0.818 lr=[{'group': 'model', 'lr': 0.001}]
[avg_pool] epoch 100/100 stage=head train_loss=0.0237 val_loss=0.7320 val_acc=0.819 val_macro_f1=0.819 lr=[{'group': 'model', 'lr': 0.001}]
[avg_pool] training end: best checkpoint chosen at epoch 83/100 by validation macro-F1 (val_macro_f1=0.8268 val_acc=0.8313)
[avg_pool] best checkpoint: artifacts/checkpoints/avg_pool.pt

Running Weight decay 1e-4 [weight_decay_1e-4]
[weight_decay_1e-4] resume disabled; starting a fresh run
[weight_decay_1e-4] epoch 01/100 stage=head train_loss=2.0128 val_loss=2.0142 val_acc=0.313 val_macro_f1=0.229 lr=[{'group': 'model', 'lr': 0.001}]
[weight_decay_1e-4] epoch 02/100 stage=head train_loss=1.8107 val_loss=1.9340 val_acc=0.307 val_macro_f1=0.207 lr=[{'group': 'model', 'lr': 0.001}]
[weight_decay_1e-4] epoch 03/100 stage=head train_loss=1.6863 val_loss=1.8377 val_acc=0.301 val_macro_f1=0.203 lr=[{'group': 'model', 'lr': 0.001}]
[weight_decay_1e-4] epoch 04/100 stage=head train_loss=1.6170 val_loss=1.8279 val_acc=0.301 val_macro_f1=0.199 lr=[{'group': 'model', 'lr': 0.001}]
[weight_decay_1e-4] epoch 05/100 stage=head train_loss=1.5378 val_loss=1.7780 val_acc=0.343 val_macro_f1=0.267 lr=[{'group': 'model', 'lr': 0.001}]
[weight_decay_1e-4] epoch 06/100 stage=head train_loss=1.4394 val_loss=1.6522 val_acc=0.386 val_macro_f1=0.334 lr=[{'group': 'model', 'lr': 0.001}]
[weight_decay_1e-4] epoch 07/100 stage=head train_loss=1.3789 val_loss=1.6870 val_acc=0.343 val_macro_f1=0.283 lr=[{'group': 'model', 'lr': 0.001}]
[weight_decay_1e-4] epoch 08/100 stage=head train_loss=1.3155 val_loss=1.6980 val_acc=0.404 val_macro_f1=0.340 lr=[{'group': 'model', 'lr': 0.001}]
[weight_decay_1e-4] epoch 09/100 stage=head train_loss=1.2516 val_loss=2.1146 val_acc=0.289 val_macro_f1=0.199 lr=[{'group': 'model', 'lr': 0.001}]
[weight_decay_1e-4] epoch 10/100 stage=head train_loss=1.2125 val_loss=1.4755 val_acc=0.434 val_macro_f1=0.378 lr=[{'group': 'model', 'lr': 0.001}]
[weight_decay_1e-4] epoch 11/100 stage=head train_loss=1.1431 val_loss=1.4259 val_acc=0.458 val_macro_f1=0.378 lr=[{'group': 'model', 'lr': 0.001}]
[weight_decay_1e-4] epoch 12/100 stage=head train_loss=1.1142 val_loss=1.3088 val_acc=0.548 val_macro_f1=0.513 lr=[{'group': 'model', 'lr': 0.001}]
[weight_decay_1e-4] epoch 13/100 stage=head train_loss=1.0324 val_loss=1.2929 val_acc=0.524 val_macro_f1=0.508 lr=[{'group': 'model', 'lr': 0.001}]
[weight_decay_1e-4] epoch 14/100 stage=head train_loss=0.9970 val_loss=1.2693 val_acc=0.560 val_macro_f1=0.532 lr=[{'group': 'model', 'lr': 0.001}]
[weight_decay_1e-4] epoch 15/100 stage=head train_loss=0.9518 val_loss=1.2143 val_acc=0.566 val_macro_f1=0.567 lr=[{'group': 'model', 'lr': 0.001}]
[weight_decay_1e-4] epoch 16/100 stage=head train_loss=0.9115 val_loss=1.3353 val_acc=0.560 val_macro_f1=0.520 lr=[{'group': 'model', 'lr': 0.001}]
[weight_decay_1e-4] epoch 17/100 stage=head train_loss=0.8394 val_loss=1.1570 val_acc=0.633 val_macro_f1=0.626 lr=[{'group': 'model', 'lr': 0.001}]
[weight_decay_1e-4] epoch 18/100 stage=head train_loss=0.7963 val_loss=1.0765 val_acc=0.645 val_macro_f1=0.645 lr=[{'group': 'model', 'lr': 0.001}]
[weight_decay_1e-4] epoch 19/100 stage=head train_loss=0.7857 val_loss=1.0169 val_acc=0.639 val_macro_f1=0.623 lr=[{'group': 'model', 'lr': 0.001}]
[weight_decay_1e-4] epoch 20/100 stage=head train_loss=0.7304 val_loss=1.2632 val_acc=0.560 val_macro_f1=0.519 lr=[{'group': 'model', 'lr': 0.001}]
[weight_decay_1e-4] epoch 21/100 stage=head train_loss=0.6933 val_loss=1.0188 val_acc=0.675 val_macro_f1=0.675 lr=[{'group': 'model', 'lr': 0.001}]
[weight_decay_1e-4] epoch 22/100 stage=head train_loss=0.6708 val_loss=1.0750 val_acc=0.663 val_macro_f1=0.655 lr=[{'group': 'model', 'lr': 0.001}]
[weight_decay_1e-4] epoch 23/100 stage=head train_loss=0.6859 val_loss=1.1541 val_acc=0.614 val_macro_f1=0.568 lr=[{'group': 'model', 'lr': 0.001}]
[weight_decay_1e-4] epoch 24/100 stage=head train_loss=0.6080 val_loss=0.9621 val_acc=0.651 val_macro_f1=0.640 lr=[{'group': 'model', 'lr': 0.001}]
[weight_decay_1e-4] epoch 25/100 stage=head train_loss=0.6071 val_loss=1.0389 val_acc=0.627 val_macro_f1=0.627 lr=[{'group': 'model', 'lr': 0.001}]
[weight_decay_1e-4] epoch 26/100 stage=head train_loss=0.5743 val_loss=1.1978 val_acc=0.590 val_macro_f1=0.591 lr=[{'group': 'model', 'lr': 0.001}]
[weight_decay_1e-4] epoch 27/100 stage=head train_loss=0.5223 val_loss=0.9858 val_acc=0.651 val_macro_f1=0.650 lr=[{'group': 'model', 'lr': 0.001}]
[weight_decay_1e-4] epoch 28/100 stage=head train_loss=0.5084 val_loss=0.7900 val_acc=0.759 val_macro_f1=0.758 lr=[{'group': 'model', 'lr': 0.001}]
[weight_decay_1e-4] epoch 29/100 stage=head train_loss=0.4706 val_loss=0.8484 val_acc=0.759 val_macro_f1=0.760 lr=[{'group': 'model', 'lr': 0.001}]
[weight_decay_1e-4] epoch 30/100 stage=head train_loss=0.4257 val_loss=1.4033 val_acc=0.584 val_macro_f1=0.530 lr=[{'group': 'model', 'lr': 0.001}]
[weight_decay_1e-4] epoch 31/100 stage=head train_loss=0.4218 val_loss=1.0101 val_acc=0.657 val_macro_f1=0.665 lr=[{'group': 'model', 'lr': 0.001}]
[weight_decay_1e-4] epoch 32/100 stage=head train_loss=0.3763 val_loss=0.6707 val_acc=0.801 val_macro_f1=0.802 lr=[{'group': 'model', 'lr': 0.001}]
[weight_decay_1e-4] epoch 33/100 stage=head train_loss=0.3444 val_loss=1.0175 val_acc=0.687 val_macro_f1=0.682 lr=[{'group': 'model', 'lr': 0.001}]
[weight_decay_1e-4] epoch 34/100 stage=head train_loss=0.3316 val_loss=0.8650 val_acc=0.693 val_macro_f1=0.689 lr=[{'group': 'model', 'lr': 0.001}]
[weight_decay_1e-4] epoch 35/100 stage=head train_loss=0.2834 val_loss=0.8120 val_acc=0.723 val_macro_f1=0.715 lr=[{'group': 'model', 'lr': 0.001}]
[weight_decay_1e-4] epoch 36/100 stage=head train_loss=0.2794 val_loss=0.7448 val_acc=0.777 val_macro_f1=0.778 lr=[{'group': 'model', 'lr': 0.001}]
[weight_decay_1e-4] epoch 37/100 stage=head train_loss=0.2668 val_loss=0.8257 val_acc=0.765 val_macro_f1=0.768 lr=[{'group': 'model', 'lr': 0.001}]
[weight_decay_1e-4] epoch 38/100 stage=head train_loss=0.2549 val_loss=0.8574 val_acc=0.741 val_macro_f1=0.739 lr=[{'group': 'model', 'lr': 0.001}]
[weight_decay_1e-4] epoch 39/100 stage=head train_loss=0.2323 val_loss=0.7687 val_acc=0.747 val_macro_f1=0.746 lr=[{'group': 'model', 'lr': 0.001}]
[weight_decay_1e-4] epoch 40/100 stage=head train_loss=0.2432 val_loss=0.8366 val_acc=0.753 val_macro_f1=0.754 lr=[{'group': 'model', 'lr': 0.001}]
[weight_decay_1e-4] epoch 41/100 stage=head train_loss=0.2228 val_loss=0.8838 val_acc=0.723 val_macro_f1=0.731 lr=[{'group': 'model', 'lr': 0.001}]
[weight_decay_1e-4] epoch 42/100 stage=head train_loss=0.2226 val_loss=1.1813 val_acc=0.645 val_macro_f1=0.605 lr=[{'group': 'model', 'lr': 0.001}]
[weight_decay_1e-4] epoch 43/100 stage=head train_loss=0.1937 val_loss=0.7567 val_acc=0.807 val_macro_f1=0.801 lr=[{'group': 'model', 'lr': 0.001}]
[weight_decay_1e-4] epoch 44/100 stage=head train_loss=0.1966 val_loss=0.7897 val_acc=0.729 val_macro_f1=0.741 lr=[{'group': 'model', 'lr': 0.001}]
[weight_decay_1e-4] epoch 45/100 stage=head train_loss=0.1537 val_loss=0.8100 val_acc=0.789 val_macro_f1=0.797 lr=[{'group': 'model', 'lr': 0.001}]
[weight_decay_1e-4] epoch 46/100 stage=head train_loss=0.1580 val_loss=0.9252 val_acc=0.729 val_macro_f1=0.738 lr=[{'group': 'model', 'lr': 0.001}]
[weight_decay_1e-4] epoch 47/100 stage=head train_loss=0.1647 val_loss=0.8461 val_acc=0.735 val_macro_f1=0.739 lr=[{'group': 'model', 'lr': 0.001}]
[weight_decay_1e-4] epoch 48/100 stage=head train_loss=0.1514 val_loss=0.6833 val_acc=0.813 val_macro_f1=0.816 lr=[{'group': 'model', 'lr': 0.001}]
[weight_decay_1e-4] epoch 49/100 stage=head train_loss=0.1583 val_loss=0.7636 val_acc=0.771 val_macro_f1=0.768 lr=[{'group': 'model', 'lr': 0.001}]
[weight_decay_1e-4] epoch 50/100 stage=head train_loss=0.1307 val_loss=0.6828 val_acc=0.825 val_macro_f1=0.827 lr=[{'group': 'model', 'lr': 0.001}]
[weight_decay_1e-4] epoch 51/100 stage=head train_loss=0.1421 val_loss=0.6984 val_acc=0.795 val_macro_f1=0.796 lr=[{'group': 'model', 'lr': 0.001}]
[weight_decay_1e-4] epoch 52/100 stage=head train_loss=0.1099 val_loss=1.1850 val_acc=0.675 val_macro_f1=0.669 lr=[{'group': 'model', 'lr': 0.001}]
[weight_decay_1e-4] epoch 53/100 stage=head train_loss=0.1085 val_loss=0.7611 val_acc=0.753 val_macro_f1=0.744 lr=[{'group': 'model', 'lr': 0.001}]
[weight_decay_1e-4] epoch 54/100 stage=head train_loss=0.1099 val_loss=0.9270 val_acc=0.741 val_macro_f1=0.737 lr=[{'group': 'model', 'lr': 0.001}]
[weight_decay_1e-4] epoch 55/100 stage=head train_loss=0.1006 val_loss=0.6351 val_acc=0.825 val_macro_f1=0.824 lr=[{'group': 'model', 'lr': 0.001}]
[weight_decay_1e-4] epoch 56/100 stage=head train_loss=0.1191 val_loss=0.6509 val_acc=0.819 val_macro_f1=0.818 lr=[{'group': 'model', 'lr': 0.001}]
[weight_decay_1e-4] epoch 57/100 stage=head train_loss=0.0994 val_loss=0.6896 val_acc=0.807 val_macro_f1=0.808 lr=[{'group': 'model', 'lr': 0.001}]
[weight_decay_1e-4] epoch 58/100 stage=head train_loss=0.1034 val_loss=0.6642 val_acc=0.825 val_macro_f1=0.822 lr=[{'group': 'model', 'lr': 0.001}]
[weight_decay_1e-4] epoch 59/100 stage=head train_loss=0.1028 val_loss=0.7952 val_acc=0.765 val_macro_f1=0.757 lr=[{'group': 'model', 'lr': 0.001}]
[weight_decay_1e-4] epoch 60/100 stage=head train_loss=0.0927 val_loss=1.3040 val_acc=0.614 val_macro_f1=0.613 lr=[{'group': 'model', 'lr': 0.001}]
[weight_decay_1e-4] epoch 61/100 stage=head train_loss=0.0974 val_loss=1.0101 val_acc=0.717 val_macro_f1=0.697 lr=[{'group': 'model', 'lr': 0.001}]
[weight_decay_1e-4] epoch 62/100 stage=head train_loss=0.0906 val_loss=0.9753 val_acc=0.747 val_macro_f1=0.752 lr=[{'group': 'model', 'lr': 0.001}]
[weight_decay_1e-4] epoch 63/100 stage=head train_loss=0.0817 val_loss=0.7635 val_acc=0.777 val_macro_f1=0.764 lr=[{'group': 'model', 'lr': 0.001}]
[weight_decay_1e-4] epoch 64/100 stage=head train_loss=0.0781 val_loss=0.6164 val_acc=0.855 val_macro_f1=0.856 lr=[{'group': 'model', 'lr': 0.001}]
[weight_decay_1e-4] epoch 65/100 stage=head train_loss=0.0750 val_loss=0.6206 val_acc=0.825 val_macro_f1=0.828 lr=[{'group': 'model', 'lr': 0.001}]
[weight_decay_1e-4] epoch 66/100 stage=head train_loss=0.0675 val_loss=0.6691 val_acc=0.807 val_macro_f1=0.800 lr=[{'group': 'model', 'lr': 0.001}]
[weight_decay_1e-4] epoch 67/100 stage=head train_loss=0.0678 val_loss=0.6408 val_acc=0.831 val_macro_f1=0.830 lr=[{'group': 'model', 'lr': 0.001}]
[weight_decay_1e-4] epoch 68/100 stage=head train_loss=0.0654 val_loss=0.6160 val_acc=0.831 val_macro_f1=0.835 lr=[{'group': 'model', 'lr': 0.001}]
[weight_decay_1e-4] epoch 69/100 stage=head train_loss=0.0581 val_loss=0.6982 val_acc=0.825 val_macro_f1=0.826 lr=[{'group': 'model', 'lr': 0.001}]
[weight_decay_1e-4] epoch 70/100 stage=head train_loss=0.0655 val_loss=0.8960 val_acc=0.795 val_macro_f1=0.798 lr=[{'group': 'model', 'lr': 0.001}]
[weight_decay_1e-4] epoch 71/100 stage=head train_loss=0.0580 val_loss=0.7625 val_acc=0.819 val_macro_f1=0.827 lr=[{'group': 'model', 'lr': 0.001}]
[weight_decay_1e-4] epoch 72/100 stage=head train_loss=0.0500 val_loss=0.5976 val_acc=0.831 val_macro_f1=0.831 lr=[{'group': 'model', 'lr': 0.001}]
[weight_decay_1e-4] epoch 73/100 stage=head train_loss=0.0594 val_loss=0.6007 val_acc=0.831 val_macro_f1=0.828 lr=[{'group': 'model', 'lr': 0.001}]
[weight_decay_1e-4] epoch 74/100 stage=head train_loss=0.0699 val_loss=0.9873 val_acc=0.753 val_macro_f1=0.720 lr=[{'group': 'model', 'lr': 0.001}]
[weight_decay_1e-4] epoch 75/100 stage=head train_loss=0.0591 val_loss=0.9243 val_acc=0.741 val_macro_f1=0.749 lr=[{'group': 'model', 'lr': 0.001}]
[weight_decay_1e-4] epoch 76/100 stage=head train_loss=0.0560 val_loss=0.7826 val_acc=0.795 val_macro_f1=0.792 lr=[{'group': 'model', 'lr': 0.001}]
[weight_decay_1e-4] epoch 77/100 stage=head train_loss=0.0651 val_loss=1.3115 val_acc=0.681 val_macro_f1=0.676 lr=[{'group': 'model', 'lr': 0.001}]
[weight_decay_1e-4] epoch 78/100 stage=head train_loss=0.0650 val_loss=1.2088 val_acc=0.693 val_macro_f1=0.680 lr=[{'group': 'model', 'lr': 0.001}]
[weight_decay_1e-4] epoch 79/100 stage=head train_loss=0.0596 val_loss=1.1337 val_acc=0.711 val_macro_f1=0.693 lr=[{'group': 'model', 'lr': 0.001}]
[weight_decay_1e-4] epoch 80/100 stage=head train_loss=0.0555 val_loss=1.4383 val_acc=0.645 val_macro_f1=0.609 lr=[{'group': 'model', 'lr': 0.001}]
[weight_decay_1e-4] epoch 81/100 stage=head train_loss=0.0551 val_loss=0.7598 val_acc=0.789 val_macro_f1=0.792 lr=[{'group': 'model', 'lr': 0.001}]
[weight_decay_1e-4] epoch 82/100 stage=head train_loss=0.0565 val_loss=0.7771 val_acc=0.819 val_macro_f1=0.814 lr=[{'group': 'model', 'lr': 0.001}]
[weight_decay_1e-4] epoch 83/100 stage=head train_loss=0.0486 val_loss=0.6509 val_acc=0.807 val_macro_f1=0.807 lr=[{'group': 'model', 'lr': 0.001}]
[weight_decay_1e-4] epoch 84/100 stage=head train_loss=0.0480 val_loss=0.6661 val_acc=0.813 val_macro_f1=0.817 lr=[{'group': 'model', 'lr': 0.001}]
[weight_decay_1e-4] epoch 85/100 stage=head train_loss=0.0384 val_loss=0.7505 val_acc=0.807 val_macro_f1=0.807 lr=[{'group': 'model', 'lr': 0.001}]
[weight_decay_1e-4] epoch 86/100 stage=head train_loss=0.0329 val_loss=0.5979 val_acc=0.831 val_macro_f1=0.830 lr=[{'group': 'model', 'lr': 0.001}]
[weight_decay_1e-4] epoch 87/100 stage=head train_loss=0.0318 val_loss=0.6768 val_acc=0.825 val_macro_f1=0.829 lr=[{'group': 'model', 'lr': 0.001}]
[weight_decay_1e-4] epoch 88/100 stage=head train_loss=0.0332 val_loss=0.8030 val_acc=0.813 val_macro_f1=0.816 lr=[{'group': 'model', 'lr': 0.001}]
[weight_decay_1e-4] epoch 89/100 stage=head train_loss=0.0286 val_loss=0.7049 val_acc=0.825 val_macro_f1=0.827 lr=[{'group': 'model', 'lr': 0.001}]
[weight_decay_1e-4] epoch 90/100 stage=head train_loss=0.0311 val_loss=0.6525 val_acc=0.837 val_macro_f1=0.835 lr=[{'group': 'model', 'lr': 0.001}]
[weight_decay_1e-4] epoch 91/100 stage=head train_loss=0.0268 val_loss=0.6187 val_acc=0.843 val_macro_f1=0.839 lr=[{'group': 'model', 'lr': 0.001}]
[weight_decay_1e-4] epoch 92/100 stage=head train_loss=0.0333 val_loss=0.6690 val_acc=0.819 val_macro_f1=0.819 lr=[{'group': 'model', 'lr': 0.001}]
[weight_decay_1e-4] epoch 93/100 stage=head train_loss=0.0259 val_loss=0.9899 val_acc=0.729 val_macro_f1=0.733 lr=[{'group': 'model', 'lr': 0.001}]
[weight_decay_1e-4] epoch 94/100 stage=head train_loss=0.0358 val_loss=0.7739 val_acc=0.825 val_macro_f1=0.828 lr=[{'group': 'model', 'lr': 0.001}]
[weight_decay_1e-4] epoch 95/100 stage=head train_loss=0.0274 val_loss=0.9769 val_acc=0.789 val_macro_f1=0.796 lr=[{'group': 'model', 'lr': 0.001}]
[weight_decay_1e-4] epoch 96/100 stage=head train_loss=0.0392 val_loss=0.6842 val_acc=0.825 val_macro_f1=0.826 lr=[{'group': 'model', 'lr': 0.001}]
[weight_decay_1e-4] epoch 97/100 stage=head train_loss=0.0299 val_loss=1.0426 val_acc=0.741 val_macro_f1=0.743 lr=[{'group': 'model', 'lr': 0.001}]
[weight_decay_1e-4] epoch 98/100 stage=head train_loss=0.0219 val_loss=0.8587 val_acc=0.789 val_macro_f1=0.787 lr=[{'group': 'model', 'lr': 0.001}]
[weight_decay_1e-4] epoch 99/100 stage=head train_loss=0.0244 val_loss=0.7108 val_acc=0.825 val_macro_f1=0.829 lr=[{'group': 'model', 'lr': 0.001}]
[weight_decay_1e-4] epoch 100/100 stage=head train_loss=0.0246 val_loss=0.7923 val_acc=0.837 val_macro_f1=0.844 lr=[{'group': 'model', 'lr': 0.001}]
[weight_decay_1e-4] training end: best checkpoint chosen at epoch 64/100 by validation macro-F1 (val_macro_f1=0.8561 val_acc=0.8554)
[weight_decay_1e-4] best checkpoint: artifacts/checkpoints/weight_decay_1e-4.pt

Running StepLR [step_lr]
[step_lr] resume disabled; starting a fresh run
[step_lr] epoch 01/100 stage=head train_loss=2.0129 val_loss=2.0142 val_acc=0.313 val_macro_f1=0.229 lr=[{'group': 'model', 'lr': 0.001}]
[step_lr] epoch 02/100 stage=head train_loss=1.8107 val_loss=1.9338 val_acc=0.307 val_macro_f1=0.207 lr=[{'group': 'model', 'lr': 0.001}]
[step_lr] epoch 03/100 stage=head train_loss=1.6863 val_loss=1.8387 val_acc=0.301 val_macro_f1=0.203 lr=[{'group': 'model', 'lr': 0.001}]
[step_lr] epoch 04/100 stage=head train_loss=1.6167 val_loss=1.8291 val_acc=0.301 val_macro_f1=0.199 lr=[{'group': 'model', 'lr': 0.001}]
[step_lr] epoch 05/100 stage=head train_loss=1.5378 val_loss=1.7790 val_acc=0.337 val_macro_f1=0.258 lr=[{'group': 'model', 'lr': 0.001}]
[step_lr] epoch 06/100 stage=head train_loss=1.4391 val_loss=1.6539 val_acc=0.386 val_macro_f1=0.334 lr=[{'group': 'model', 'lr': 0.001}]
[step_lr] epoch 07/100 stage=head train_loss=1.3785 val_loss=1.6852 val_acc=0.343 val_macro_f1=0.282 lr=[{'group': 'model', 'lr': 0.001}]
[step_lr] epoch 08/100 stage=head train_loss=1.3152 val_loss=1.6900 val_acc=0.416 val_macro_f1=0.347 lr=[{'group': 'model', 'lr': 0.001}]
[step_lr] epoch 09/100 stage=head train_loss=1.2517 val_loss=2.1762 val_acc=0.277 val_macro_f1=0.184 lr=[{'group': 'model', 'lr': 0.001}]
[step_lr] epoch 10/100 stage=head train_loss=1.2119 val_loss=1.4689 val_acc=0.434 val_macro_f1=0.384 lr=[{'group': 'model', 'lr': 0.001}]
[step_lr] epoch 11/100 stage=head train_loss=1.1444 val_loss=1.4453 val_acc=0.458 val_macro_f1=0.373 lr=[{'group': 'model', 'lr': 0.001}]
[step_lr] epoch 12/100 stage=head train_loss=1.1198 val_loss=1.3131 val_acc=0.560 val_macro_f1=0.522 lr=[{'group': 'model', 'lr': 0.001}]
[step_lr] epoch 13/100 stage=head train_loss=1.0318 val_loss=1.2925 val_acc=0.542 val_macro_f1=0.529 lr=[{'group': 'model', 'lr': 0.001}]
[step_lr] epoch 14/100 stage=head train_loss=0.9910 val_loss=1.2727 val_acc=0.560 val_macro_f1=0.532 lr=[{'group': 'model', 'lr': 0.001}]
[step_lr] epoch 15/100 stage=head train_loss=0.9494 val_loss=1.2442 val_acc=0.542 val_macro_f1=0.541 lr=[{'group': 'model', 'lr': 0.001}]
[step_lr] epoch 16/100 stage=head train_loss=0.9098 val_loss=1.3257 val_acc=0.542 val_macro_f1=0.506 lr=[{'group': 'model', 'lr': 0.001}]
[step_lr] epoch 17/100 stage=head train_loss=0.8397 val_loss=1.1474 val_acc=0.620 val_macro_f1=0.611 lr=[{'group': 'model', 'lr': 0.001}]
[step_lr] epoch 18/100 stage=head train_loss=0.7958 val_loss=1.0741 val_acc=0.645 val_macro_f1=0.646 lr=[{'group': 'model', 'lr': 0.001}]
[step_lr] epoch 19/100 stage=head train_loss=0.7803 val_loss=1.0274 val_acc=0.657 val_macro_f1=0.639 lr=[{'group': 'model', 'lr': 0.001}]
[step_lr] epoch 20/100 stage=head train_loss=0.7302 val_loss=1.2501 val_acc=0.566 val_macro_f1=0.526 lr=[{'group': 'model', 'lr': 0.001}]
[step_lr] epoch 21/100 stage=head train_loss=0.6928 val_loss=1.0312 val_acc=0.657 val_macro_f1=0.662 lr=[{'group': 'model', 'lr': 0.001}]
[step_lr] epoch 22/100 stage=head train_loss=0.6628 val_loss=1.0480 val_acc=0.657 val_macro_f1=0.643 lr=[{'group': 'model', 'lr': 0.001}]
[step_lr] epoch 23/100 stage=head train_loss=0.6710 val_loss=1.1811 val_acc=0.602 val_macro_f1=0.561 lr=[{'group': 'model', 'lr': 0.001}]
[step_lr] epoch 24/100 stage=head train_loss=0.5943 val_loss=0.9734 val_acc=0.663 val_macro_f1=0.651 lr=[{'group': 'model', 'lr': 0.001}]
[step_lr] epoch 25/100 stage=head train_loss=0.5874 val_loss=1.0508 val_acc=0.620 val_macro_f1=0.618 lr=[{'group': 'model', 'lr': 0.001}]
[step_lr] epoch 26/100 stage=head train_loss=0.5647 val_loss=1.0378 val_acc=0.651 val_macro_f1=0.650 lr=[{'group': 'model', 'lr': 0.001}]
[step_lr] epoch 27/100 stage=head train_loss=0.5101 val_loss=0.9568 val_acc=0.693 val_macro_f1=0.698 lr=[{'group': 'model', 'lr': 0.001}]
[step_lr] epoch 28/100 stage=head train_loss=0.4943 val_loss=0.7732 val_acc=0.777 val_macro_f1=0.776 lr=[{'group': 'model', 'lr': 0.001}]
[step_lr] epoch 29/100 stage=head train_loss=0.4709 val_loss=0.8655 val_acc=0.771 val_macro_f1=0.771 lr=[{'group': 'model', 'lr': 0.001}]
[step_lr] epoch 30/100 stage=head train_loss=0.4143 val_loss=1.3361 val_acc=0.578 val_macro_f1=0.520 lr=[{'group': 'model', 'lr': 0.001}]
[step_lr] epoch 31/100 stage=head train_loss=0.4202 val_loss=1.0464 val_acc=0.602 val_macro_f1=0.591 lr=[{'group': 'model', 'lr': 0.001}]
[step_lr] epoch 32/100 stage=head train_loss=0.3731 val_loss=0.6761 val_acc=0.801 val_macro_f1=0.794 lr=[{'group': 'model', 'lr': 0.001}]
[step_lr] epoch 33/100 stage=head train_loss=0.3619 val_loss=1.0156 val_acc=0.687 val_macro_f1=0.681 lr=[{'group': 'model', 'lr': 0.001}]
[step_lr] epoch 34/100 stage=head train_loss=0.3153 val_loss=0.7772 val_acc=0.771 val_macro_f1=0.772 lr=[{'group': 'model', 'lr': 0.0003}]
[step_lr] epoch 35/100 stage=head train_loss=0.2709 val_loss=0.7020 val_acc=0.801 val_macro_f1=0.797 lr=[{'group': 'model', 'lr': 0.0003}]
[step_lr] epoch 36/100 stage=head train_loss=0.2472 val_loss=0.7587 val_acc=0.777 val_macro_f1=0.774 lr=[{'group': 'model', 'lr': 0.0003}]
[step_lr] epoch 37/100 stage=head train_loss=0.2618 val_loss=0.7274 val_acc=0.789 val_macro_f1=0.789 lr=[{'group': 'model', 'lr': 0.0003}]
[step_lr] epoch 38/100 stage=head train_loss=0.2269 val_loss=0.6214 val_acc=0.843 val_macro_f1=0.843 lr=[{'group': 'model', 'lr': 0.0003}]
[step_lr] epoch 39/100 stage=head train_loss=0.2243 val_loss=0.7067 val_acc=0.801 val_macro_f1=0.804 lr=[{'group': 'model', 'lr': 0.0003}]
[step_lr] epoch 40/100 stage=head train_loss=0.2330 val_loss=0.7288 val_acc=0.795 val_macro_f1=0.797 lr=[{'group': 'model', 'lr': 0.0003}]
[step_lr] epoch 41/100 stage=head train_loss=0.2060 val_loss=0.6266 val_acc=0.819 val_macro_f1=0.819 lr=[{'group': 'model', 'lr': 0.0003}]
[step_lr] epoch 42/100 stage=head train_loss=0.2112 val_loss=0.6617 val_acc=0.825 val_macro_f1=0.824 lr=[{'group': 'model', 'lr': 0.0003}]
[step_lr] epoch 43/100 stage=head train_loss=0.1897 val_loss=0.6997 val_acc=0.819 val_macro_f1=0.819 lr=[{'group': 'model', 'lr': 0.0003}]
[step_lr] epoch 44/100 stage=head train_loss=0.1874 val_loss=0.6233 val_acc=0.837 val_macro_f1=0.836 lr=[{'group': 'model', 'lr': 0.0003}]
[step_lr] epoch 45/100 stage=head train_loss=0.1698 val_loss=0.6300 val_acc=0.849 val_macro_f1=0.848 lr=[{'group': 'model', 'lr': 0.0003}]
[step_lr] epoch 46/100 stage=head train_loss=0.1719 val_loss=0.6604 val_acc=0.831 val_macro_f1=0.830 lr=[{'group': 'model', 'lr': 0.0003}]
[step_lr] epoch 47/100 stage=head train_loss=0.1797 val_loss=0.6272 val_acc=0.843 val_macro_f1=0.836 lr=[{'group': 'model', 'lr': 0.0003}]
[step_lr] epoch 48/100 stage=head train_loss=0.1635 val_loss=0.5792 val_acc=0.831 val_macro_f1=0.829 lr=[{'group': 'model', 'lr': 0.0003}]
[step_lr] epoch 49/100 stage=head train_loss=0.1629 val_loss=0.5994 val_acc=0.843 val_macro_f1=0.842 lr=[{'group': 'model', 'lr': 0.0003}]
[step_lr] epoch 50/100 stage=head train_loss=0.1644 val_loss=0.6100 val_acc=0.825 val_macro_f1=0.825 lr=[{'group': 'model', 'lr': 0.0003}]
[step_lr] epoch 51/100 stage=head train_loss=0.1556 val_loss=0.5983 val_acc=0.837 val_macro_f1=0.836 lr=[{'group': 'model', 'lr': 0.0003}]
[step_lr] epoch 52/100 stage=head train_loss=0.1480 val_loss=0.6239 val_acc=0.837 val_macro_f1=0.833 lr=[{'group': 'model', 'lr': 0.0003}]
[step_lr] epoch 53/100 stage=head train_loss=0.1517 val_loss=0.6289 val_acc=0.819 val_macro_f1=0.814 lr=[{'group': 'model', 'lr': 0.0003}]
[step_lr] epoch 54/100 stage=head train_loss=0.1318 val_loss=0.5956 val_acc=0.837 val_macro_f1=0.836 lr=[{'group': 'model', 'lr': 0.0003}]
[step_lr] epoch 55/100 stage=head train_loss=0.1351 val_loss=0.6234 val_acc=0.825 val_macro_f1=0.825 lr=[{'group': 'model', 'lr': 0.0003}]
[step_lr] epoch 56/100 stage=head train_loss=0.1380 val_loss=0.6418 val_acc=0.819 val_macro_f1=0.819 lr=[{'group': 'model', 'lr': 0.0003}]
[step_lr] epoch 57/100 stage=head train_loss=0.1219 val_loss=0.6288 val_acc=0.825 val_macro_f1=0.825 lr=[{'group': 'model', 'lr': 0.0003}]
[step_lr] epoch 58/100 stage=head train_loss=0.1276 val_loss=0.6506 val_acc=0.813 val_macro_f1=0.811 lr=[{'group': 'model', 'lr': 0.0003}]
[step_lr] epoch 59/100 stage=head train_loss=0.1259 val_loss=0.6443 val_acc=0.831 val_macro_f1=0.827 lr=[{'group': 'model', 'lr': 0.0003}]
[step_lr] epoch 60/100 stage=head train_loss=0.1324 val_loss=0.6792 val_acc=0.813 val_macro_f1=0.810 lr=[{'group': 'model', 'lr': 0.0003}]
[step_lr] epoch 61/100 stage=head train_loss=0.1277 val_loss=0.5973 val_acc=0.825 val_macro_f1=0.822 lr=[{'group': 'model', 'lr': 0.0003}]
[step_lr] epoch 62/100 stage=head train_loss=0.1142 val_loss=0.5998 val_acc=0.831 val_macro_f1=0.827 lr=[{'group': 'model', 'lr': 0.0003}]
[step_lr] epoch 63/100 stage=head train_loss=0.1251 val_loss=0.6415 val_acc=0.837 val_macro_f1=0.837 lr=[{'group': 'model', 'lr': 0.0003}]
[step_lr] epoch 64/100 stage=head train_loss=0.1104 val_loss=0.6288 val_acc=0.837 val_macro_f1=0.839 lr=[{'group': 'model', 'lr': 0.0003}]
[step_lr] epoch 65/100 stage=head train_loss=0.1252 val_loss=0.5986 val_acc=0.831 val_macro_f1=0.830 lr=[{'group': 'model', 'lr': 0.0003}]
[step_lr] epoch 66/100 stage=head train_loss=0.1048 val_loss=0.5761 val_acc=0.831 val_macro_f1=0.829 lr=[{'group': 'model', 'lr': 0.0003}]
[step_lr] epoch 67/100 stage=head train_loss=0.0988 val_loss=0.5746 val_acc=0.855 val_macro_f1=0.856 lr=[{'group': 'model', 'lr': 8.999999999999999e-05}]
[step_lr] epoch 68/100 stage=head train_loss=0.1057 val_loss=0.5919 val_acc=0.843 val_macro_f1=0.841 lr=[{'group': 'model', 'lr': 8.999999999999999e-05}]
[step_lr] epoch 69/100 stage=head train_loss=0.0899 val_loss=0.6135 val_acc=0.837 val_macro_f1=0.833 lr=[{'group': 'model', 'lr': 8.999999999999999e-05}]
[step_lr] epoch 70/100 stage=head train_loss=0.1036 val_loss=0.5984 val_acc=0.843 val_macro_f1=0.839 lr=[{'group': 'model', 'lr': 8.999999999999999e-05}]
[step_lr] epoch 71/100 stage=head train_loss=0.0941 val_loss=0.5624 val_acc=0.861 val_macro_f1=0.859 lr=[{'group': 'model', 'lr': 8.999999999999999e-05}]
[step_lr] epoch 72/100 stage=head train_loss=0.0929 val_loss=0.5484 val_acc=0.849 val_macro_f1=0.850 lr=[{'group': 'model', 'lr': 8.999999999999999e-05}]
[step_lr] epoch 73/100 stage=head train_loss=0.0874 val_loss=0.5559 val_acc=0.837 val_macro_f1=0.836 lr=[{'group': 'model', 'lr': 8.999999999999999e-05}]
[step_lr] epoch 74/100 stage=head train_loss=0.0880 val_loss=0.5543 val_acc=0.825 val_macro_f1=0.825 lr=[{'group': 'model', 'lr': 8.999999999999999e-05}]
[step_lr] epoch 75/100 stage=head train_loss=0.0881 val_loss=0.5528 val_acc=0.831 val_macro_f1=0.829 lr=[{'group': 'model', 'lr': 8.999999999999999e-05}]
[step_lr] epoch 76/100 stage=head train_loss=0.0809 val_loss=0.5572 val_acc=0.843 val_macro_f1=0.843 lr=[{'group': 'model', 'lr': 8.999999999999999e-05}]
[step_lr] epoch 77/100 stage=head train_loss=0.0780 val_loss=0.5596 val_acc=0.843 val_macro_f1=0.841 lr=[{'group': 'model', 'lr': 8.999999999999999e-05}]
[step_lr] epoch 78/100 stage=head train_loss=0.0930 val_loss=0.5589 val_acc=0.837 val_macro_f1=0.835 lr=[{'group': 'model', 'lr': 8.999999999999999e-05}]
[step_lr] epoch 79/100 stage=head train_loss=0.0804 val_loss=0.5530 val_acc=0.843 val_macro_f1=0.842 lr=[{'group': 'model', 'lr': 8.999999999999999e-05}]
[step_lr] epoch 80/100 stage=head train_loss=0.0749 val_loss=0.5500 val_acc=0.843 val_macro_f1=0.844 lr=[{'group': 'model', 'lr': 8.999999999999999e-05}]
[step_lr] epoch 81/100 stage=head train_loss=0.0842 val_loss=0.5529 val_acc=0.825 val_macro_f1=0.826 lr=[{'group': 'model', 'lr': 8.999999999999999e-05}]
[step_lr] epoch 82/100 stage=head train_loss=0.0907 val_loss=0.5521 val_acc=0.837 val_macro_f1=0.837 lr=[{'group': 'model', 'lr': 8.999999999999999e-05}]
[step_lr] epoch 83/100 stage=head train_loss=0.0804 val_loss=0.5665 val_acc=0.849 val_macro_f1=0.849 lr=[{'group': 'model', 'lr': 8.999999999999999e-05}]
[step_lr] epoch 84/100 stage=head train_loss=0.0779 val_loss=0.5637 val_acc=0.861 val_macro_f1=0.861 lr=[{'group': 'model', 'lr': 8.999999999999999e-05}]
[step_lr] epoch 85/100 stage=head train_loss=0.0779 val_loss=0.5529 val_acc=0.861 val_macro_f1=0.861 lr=[{'group': 'model', 'lr': 8.999999999999999e-05}]
[step_lr] epoch 86/100 stage=head train_loss=0.0759 val_loss=0.5628 val_acc=0.849 val_macro_f1=0.849 lr=[{'group': 'model', 'lr': 8.999999999999999e-05}]
[step_lr] epoch 87/100 stage=head train_loss=0.0719 val_loss=0.5776 val_acc=0.849 val_macro_f1=0.849 lr=[{'group': 'model', 'lr': 8.999999999999999e-05}]
[step_lr] epoch 88/100 stage=head train_loss=0.0783 val_loss=0.5689 val_acc=0.855 val_macro_f1=0.856 lr=[{'group': 'model', 'lr': 8.999999999999999e-05}]
[step_lr] epoch 89/100 stage=head train_loss=0.0726 val_loss=0.5696 val_acc=0.855 val_macro_f1=0.857 lr=[{'group': 'model', 'lr': 8.999999999999999e-05}]
[step_lr] epoch 90/100 stage=head train_loss=0.0762 val_loss=0.5748 val_acc=0.849 val_macro_f1=0.852 lr=[{'group': 'model', 'lr': 8.999999999999999e-05}]
[step_lr] epoch 91/100 stage=head train_loss=0.0707 val_loss=0.5477 val_acc=0.849 val_macro_f1=0.852 lr=[{'group': 'model', 'lr': 8.999999999999999e-05}]
[step_lr] epoch 92/100 stage=head train_loss=0.0693 val_loss=0.5497 val_acc=0.849 val_macro_f1=0.847 lr=[{'group': 'model', 'lr': 8.999999999999999e-05}]
[step_lr] epoch 93/100 stage=head train_loss=0.0743 val_loss=0.5475 val_acc=0.849 val_macro_f1=0.847 lr=[{'group': 'model', 'lr': 8.999999999999999e-05}]
[step_lr] epoch 94/100 stage=head train_loss=0.0690 val_loss=0.5512 val_acc=0.855 val_macro_f1=0.852 lr=[{'group': 'model', 'lr': 8.999999999999999e-05}]
[step_lr] epoch 95/100 stage=head train_loss=0.0656 val_loss=0.5600 val_acc=0.849 val_macro_f1=0.847 lr=[{'group': 'model', 'lr': 8.999999999999999e-05}]
[step_lr] epoch 96/100 stage=head train_loss=0.0716 val_loss=0.5543 val_acc=0.855 val_macro_f1=0.853 lr=[{'group': 'model', 'lr': 8.999999999999999e-05}]
[step_lr] epoch 97/100 stage=head train_loss=0.0788 val_loss=0.5520 val_acc=0.855 val_macro_f1=0.853 lr=[{'group': 'model', 'lr': 8.999999999999999e-05}]
[step_lr] epoch 98/100 stage=head train_loss=0.0727 val_loss=0.5486 val_acc=0.855 val_macro_f1=0.855 lr=[{'group': 'model', 'lr': 8.999999999999999e-05}]
[step_lr] epoch 99/100 stage=head train_loss=0.0690 val_loss=0.5489 val_acc=0.861 val_macro_f1=0.864 lr=[{'group': 'model', 'lr': 8.999999999999999e-05}]
[step_lr] epoch 100/100 stage=head train_loss=0.0735 val_loss=0.5517 val_acc=0.861 val_macro_f1=0.864 lr=[{'group': 'model', 'lr': 2.6999999999999996e-05}]
[step_lr] training end: best checkpoint chosen at epoch 99/100 by validation macro-F1 (val_macro_f1=0.8641 val_acc=0.8614)
[step_lr] best checkpoint: artifacts/checkpoints/step_lr.pt

Running BCEWithLogitsLoss [bce_loss]
[bce_loss] resume disabled; starting a fresh run
[bce_loss] epoch 01/100 stage=head train_loss=0.6003 val_loss=0.6564 val_acc=0.127 val_macro_f1=0.035 lr=[{'group': 'model', 'lr': 0.001}]
[bce_loss] epoch 02/100 stage=head train_loss=0.4281 val_loss=0.5519 val_acc=0.120 val_macro_f1=0.027 lr=[{'group': 'model', 'lr': 0.001}]
[bce_loss] epoch 03/100 stage=head train_loss=0.3586 val_loss=0.4266 val_acc=0.211 val_macro_f1=0.082 lr=[{'group': 'model', 'lr': 0.001}]
[bce_loss] epoch 04/100 stage=head train_loss=0.3382 val_loss=0.3678 val_acc=0.265 val_macro_f1=0.147 lr=[{'group': 'model', 'lr': 0.001}]
[bce_loss] epoch 05/100 stage=head train_loss=0.3271 val_loss=0.3527 val_acc=0.283 val_macro_f1=0.171 lr=[{'group': 'model', 'lr': 0.001}]
[bce_loss] epoch 06/100 stage=head train_loss=0.3171 val_loss=0.3647 val_acc=0.277 val_macro_f1=0.187 lr=[{'group': 'model', 'lr': 0.001}]
[bce_loss] epoch 07/100 stage=head train_loss=0.3083 val_loss=0.3871 val_acc=0.301 val_macro_f1=0.196 lr=[{'group': 'model', 'lr': 0.001}]
[bce_loss] epoch 08/100 stage=head train_loss=0.3001 val_loss=0.3328 val_acc=0.355 val_macro_f1=0.282 lr=[{'group': 'model', 'lr': 0.001}]
[bce_loss] epoch 09/100 stage=head train_loss=0.2933 val_loss=0.3188 val_acc=0.398 val_macro_f1=0.339 lr=[{'group': 'model', 'lr': 0.001}]
[bce_loss] epoch 10/100 stage=head train_loss=0.2826 val_loss=0.3022 val_acc=0.488 val_macro_f1=0.425 lr=[{'group': 'model', 'lr': 0.001}]
[bce_loss] epoch 11/100 stage=head train_loss=0.2748 val_loss=0.2858 val_acc=0.488 val_macro_f1=0.459 lr=[{'group': 'model', 'lr': 0.001}]
[bce_loss] epoch 12/100 stage=head train_loss=0.2654 val_loss=0.2926 val_acc=0.440 val_macro_f1=0.363 lr=[{'group': 'model', 'lr': 0.001}]
[bce_loss] epoch 13/100 stage=head train_loss=0.2589 val_loss=0.2690 val_acc=0.566 val_macro_f1=0.552 lr=[{'group': 'model', 'lr': 0.001}]
[bce_loss] epoch 14/100 stage=head train_loss=0.2499 val_loss=0.2700 val_acc=0.614 val_macro_f1=0.585 lr=[{'group': 'model', 'lr': 0.001}]
[bce_loss] epoch 15/100 stage=head train_loss=0.2408 val_loss=0.2613 val_acc=0.530 val_macro_f1=0.502 lr=[{'group': 'model', 'lr': 0.001}]
[bce_loss] epoch 16/100 stage=head train_loss=0.2341 val_loss=0.2627 val_acc=0.536 val_macro_f1=0.486 lr=[{'group': 'model', 'lr': 0.001}]
[bce_loss] epoch 17/100 stage=head train_loss=0.2262 val_loss=0.2377 val_acc=0.663 val_macro_f1=0.623 lr=[{'group': 'model', 'lr': 0.001}]
[bce_loss] epoch 18/100 stage=head train_loss=0.2163 val_loss=0.2574 val_acc=0.524 val_macro_f1=0.455 lr=[{'group': 'model', 'lr': 0.001}]
[bce_loss] epoch 19/100 stage=head train_loss=0.2112 val_loss=0.2502 val_acc=0.566 val_macro_f1=0.515 lr=[{'group': 'model', 'lr': 0.001}]
[bce_loss] epoch 20/100 stage=head train_loss=0.2020 val_loss=0.2587 val_acc=0.524 val_macro_f1=0.517 lr=[{'group': 'model', 'lr': 0.001}]
[bce_loss] epoch 21/100 stage=head train_loss=0.2008 val_loss=0.2376 val_acc=0.608 val_macro_f1=0.542 lr=[{'group': 'model', 'lr': 0.001}]
[bce_loss] epoch 22/100 stage=head train_loss=0.1936 val_loss=0.2607 val_acc=0.542 val_macro_f1=0.501 lr=[{'group': 'model', 'lr': 0.001}]
[bce_loss] epoch 23/100 stage=head train_loss=0.1918 val_loss=0.2253 val_acc=0.675 val_macro_f1=0.643 lr=[{'group': 'model', 'lr': 0.001}]
[bce_loss] epoch 24/100 stage=head train_loss=0.1770 val_loss=0.2097 val_acc=0.651 val_macro_f1=0.630 lr=[{'group': 'model', 'lr': 0.001}]
[bce_loss] epoch 25/100 stage=head train_loss=0.1696 val_loss=0.2183 val_acc=0.681 val_macro_f1=0.670 lr=[{'group': 'model', 'lr': 0.001}]
[bce_loss] epoch 26/100 stage=head train_loss=0.1671 val_loss=0.2026 val_acc=0.759 val_macro_f1=0.764 lr=[{'group': 'model', 'lr': 0.001}]
[bce_loss] epoch 27/100 stage=head train_loss=0.1589 val_loss=0.2023 val_acc=0.675 val_macro_f1=0.661 lr=[{'group': 'model', 'lr': 0.001}]
[bce_loss] epoch 28/100 stage=head train_loss=0.1514 val_loss=0.1922 val_acc=0.699 val_macro_f1=0.679 lr=[{'group': 'model', 'lr': 0.001}]
[bce_loss] epoch 29/100 stage=head train_loss=0.1517 val_loss=0.1941 val_acc=0.729 val_macro_f1=0.710 lr=[{'group': 'model', 'lr': 0.001}]
[bce_loss] epoch 30/100 stage=head train_loss=0.1440 val_loss=0.2433 val_acc=0.584 val_macro_f1=0.523 lr=[{'group': 'model', 'lr': 0.001}]
[bce_loss] epoch 31/100 stage=head train_loss=0.1347 val_loss=0.2016 val_acc=0.675 val_macro_f1=0.650 lr=[{'group': 'model', 'lr': 0.001}]
[bce_loss] epoch 32/100 stage=head train_loss=0.1300 val_loss=0.1630 val_acc=0.777 val_macro_f1=0.783 lr=[{'group': 'model', 'lr': 0.001}]
[bce_loss] epoch 33/100 stage=head train_loss=0.1207 val_loss=0.1873 val_acc=0.699 val_macro_f1=0.684 lr=[{'group': 'model', 'lr': 0.001}]
[bce_loss] epoch 34/100 stage=head train_loss=0.1148 val_loss=0.1764 val_acc=0.717 val_macro_f1=0.689 lr=[{'group': 'model', 'lr': 0.001}]
[bce_loss] epoch 35/100 stage=head train_loss=0.1060 val_loss=0.1764 val_acc=0.705 val_macro_f1=0.688 lr=[{'group': 'model', 'lr': 0.001}]
[bce_loss] epoch 36/100 stage=head train_loss=0.0997 val_loss=0.2354 val_acc=0.554 val_macro_f1=0.498 lr=[{'group': 'model', 'lr': 0.001}]
[bce_loss] epoch 37/100 stage=head train_loss=0.1020 val_loss=0.2176 val_acc=0.602 val_macro_f1=0.618 lr=[{'group': 'model', 'lr': 0.001}]
[bce_loss] epoch 38/100 stage=head train_loss=0.0975 val_loss=0.1521 val_acc=0.777 val_macro_f1=0.779 lr=[{'group': 'model', 'lr': 0.001}]
[bce_loss] epoch 39/100 stage=head train_loss=0.0948 val_loss=0.1850 val_acc=0.693 val_macro_f1=0.689 lr=[{'group': 'model', 'lr': 0.001}]
[bce_loss] epoch 40/100 stage=head train_loss=0.0924 val_loss=0.1895 val_acc=0.693 val_macro_f1=0.702 lr=[{'group': 'model', 'lr': 0.001}]
[bce_loss] epoch 41/100 stage=head train_loss=0.0857 val_loss=0.1821 val_acc=0.741 val_macro_f1=0.749 lr=[{'group': 'model', 'lr': 0.001}]
[bce_loss] epoch 42/100 stage=head train_loss=0.0858 val_loss=0.1626 val_acc=0.765 val_macro_f1=0.748 lr=[{'group': 'model', 'lr': 0.001}]
[bce_loss] epoch 43/100 stage=head train_loss=0.0822 val_loss=0.1475 val_acc=0.807 val_macro_f1=0.806 lr=[{'group': 'model', 'lr': 0.001}]
[bce_loss] epoch 44/100 stage=head train_loss=0.0753 val_loss=0.1472 val_acc=0.795 val_macro_f1=0.785 lr=[{'group': 'model', 'lr': 0.001}]
[bce_loss] epoch 45/100 stage=head train_loss=0.0732 val_loss=0.1487 val_acc=0.795 val_macro_f1=0.789 lr=[{'group': 'model', 'lr': 0.001}]
[bce_loss] epoch 46/100 stage=head train_loss=0.0643 val_loss=0.1981 val_acc=0.699 val_macro_f1=0.698 lr=[{'group': 'model', 'lr': 0.001}]
[bce_loss] epoch 47/100 stage=head train_loss=0.0659 val_loss=0.1920 val_acc=0.723 val_macro_f1=0.716 lr=[{'group': 'model', 'lr': 0.001}]
[bce_loss] epoch 48/100 stage=head train_loss=0.0642 val_loss=0.1453 val_acc=0.789 val_macro_f1=0.797 lr=[{'group': 'model', 'lr': 0.001}]
[bce_loss] epoch 49/100 stage=head train_loss=0.0601 val_loss=0.2432 val_acc=0.560 val_macro_f1=0.555 lr=[{'group': 'model', 'lr': 0.001}]
[bce_loss] epoch 50/100 stage=head train_loss=0.0550 val_loss=0.1465 val_acc=0.819 val_macro_f1=0.812 lr=[{'group': 'model', 'lr': 0.001}]
[bce_loss] epoch 51/100 stage=head train_loss=0.0503 val_loss=0.1485 val_acc=0.795 val_macro_f1=0.784 lr=[{'group': 'model', 'lr': 0.001}]
[bce_loss] epoch 52/100 stage=head train_loss=0.0496 val_loss=0.1474 val_acc=0.801 val_macro_f1=0.785 lr=[{'group': 'model', 'lr': 0.001}]
[bce_loss] epoch 53/100 stage=head train_loss=0.0482 val_loss=0.1381 val_acc=0.831 val_macro_f1=0.826 lr=[{'group': 'model', 'lr': 0.001}]
[bce_loss] epoch 54/100 stage=head train_loss=0.0442 val_loss=0.1392 val_acc=0.813 val_macro_f1=0.815 lr=[{'group': 'model', 'lr': 0.001}]
[bce_loss] epoch 55/100 stage=head train_loss=0.0425 val_loss=0.1483 val_acc=0.759 val_macro_f1=0.749 lr=[{'group': 'model', 'lr': 0.001}]
[bce_loss] epoch 56/100 stage=head train_loss=0.0454 val_loss=0.2006 val_acc=0.705 val_macro_f1=0.689 lr=[{'group': 'model', 'lr': 0.001}]
[bce_loss] epoch 57/100 stage=head train_loss=0.0424 val_loss=0.1255 val_acc=0.855 val_macro_f1=0.849 lr=[{'group': 'model', 'lr': 0.001}]
[bce_loss] epoch 58/100 stage=head train_loss=0.0393 val_loss=0.1869 val_acc=0.723 val_macro_f1=0.692 lr=[{'group': 'model', 'lr': 0.001}]
[bce_loss] epoch 59/100 stage=head train_loss=0.0372 val_loss=0.1233 val_acc=0.843 val_macro_f1=0.845 lr=[{'group': 'model', 'lr': 0.001}]
[bce_loss] epoch 60/100 stage=head train_loss=0.0342 val_loss=0.1323 val_acc=0.789 val_macro_f1=0.782 lr=[{'group': 'model', 'lr': 0.001}]
[bce_loss] epoch 61/100 stage=head train_loss=0.0375 val_loss=0.1550 val_acc=0.807 val_macro_f1=0.795 lr=[{'group': 'model', 'lr': 0.001}]
[bce_loss] epoch 62/100 stage=head train_loss=0.0327 val_loss=0.2055 val_acc=0.693 val_macro_f1=0.686 lr=[{'group': 'model', 'lr': 0.001}]
[bce_loss] epoch 63/100 stage=head train_loss=0.0348 val_loss=0.2176 val_acc=0.699 val_macro_f1=0.727 lr=[{'group': 'model', 'lr': 0.001}]
[bce_loss] epoch 64/100 stage=head train_loss=0.0346 val_loss=0.1858 val_acc=0.711 val_macro_f1=0.704 lr=[{'group': 'model', 'lr': 0.001}]
[bce_loss] epoch 65/100 stage=head train_loss=0.0305 val_loss=0.1762 val_acc=0.765 val_macro_f1=0.763 lr=[{'group': 'model', 'lr': 0.001}]
[bce_loss] epoch 66/100 stage=head train_loss=0.0333 val_loss=0.1315 val_acc=0.843 val_macro_f1=0.847 lr=[{'group': 'model', 'lr': 0.001}]
[bce_loss] epoch 67/100 stage=head train_loss=0.0273 val_loss=0.1282 val_acc=0.849 val_macro_f1=0.848 lr=[{'group': 'model', 'lr': 0.001}]
[bce_loss] epoch 68/100 stage=head train_loss=0.0259 val_loss=0.1291 val_acc=0.861 val_macro_f1=0.860 lr=[{'group': 'model', 'lr': 0.001}]
[bce_loss] epoch 69/100 stage=head train_loss=0.0255 val_loss=0.1505 val_acc=0.783 val_macro_f1=0.780 lr=[{'group': 'model', 'lr': 0.001}]
[bce_loss] epoch 70/100 stage=head train_loss=0.0270 val_loss=0.1524 val_acc=0.807 val_macro_f1=0.797 lr=[{'group': 'model', 'lr': 0.001}]
[bce_loss] epoch 71/100 stage=head train_loss=0.0244 val_loss=0.1694 val_acc=0.771 val_macro_f1=0.771 lr=[{'group': 'model', 'lr': 0.001}]
[bce_loss] epoch 72/100 stage=head train_loss=0.0224 val_loss=0.1535 val_acc=0.789 val_macro_f1=0.772 lr=[{'group': 'model', 'lr': 0.001}]
[bce_loss] epoch 73/100 stage=head train_loss=0.0211 val_loss=0.1952 val_acc=0.717 val_macro_f1=0.714 lr=[{'group': 'model', 'lr': 0.001}]
[bce_loss] epoch 74/100 stage=head train_loss=0.0256 val_loss=0.1645 val_acc=0.783 val_macro_f1=0.771 lr=[{'group': 'model', 'lr': 0.001}]
[bce_loss] epoch 75/100 stage=head train_loss=0.0239 val_loss=0.2193 val_acc=0.675 val_macro_f1=0.643 lr=[{'group': 'model', 'lr': 0.001}]
[bce_loss] epoch 76/100 stage=head train_loss=0.0228 val_loss=0.1422 val_acc=0.825 val_macro_f1=0.831 lr=[{'group': 'model', 'lr': 0.001}]
[bce_loss] epoch 77/100 stage=head train_loss=0.0210 val_loss=0.1229 val_acc=0.849 val_macro_f1=0.854 lr=[{'group': 'model', 'lr': 0.001}]
[bce_loss] epoch 78/100 stage=head train_loss=0.0202 val_loss=0.1528 val_acc=0.783 val_macro_f1=0.773 lr=[{'group': 'model', 'lr': 0.001}]
[bce_loss] epoch 79/100 stage=head train_loss=0.0187 val_loss=0.1912 val_acc=0.717 val_macro_f1=0.719 lr=[{'group': 'model', 'lr': 0.001}]
[bce_loss] epoch 80/100 stage=head train_loss=0.0174 val_loss=0.1457 val_acc=0.813 val_macro_f1=0.801 lr=[{'group': 'model', 'lr': 0.001}]
[bce_loss] epoch 81/100 stage=head train_loss=0.0190 val_loss=0.1410 val_acc=0.831 val_macro_f1=0.831 lr=[{'group': 'model', 'lr': 0.001}]
[bce_loss] epoch 82/100 stage=head train_loss=0.0174 val_loss=0.1671 val_acc=0.831 val_macro_f1=0.839 lr=[{'group': 'model', 'lr': 0.001}]
[bce_loss] epoch 83/100 stage=head train_loss=0.0203 val_loss=0.1091 val_acc=0.886 val_macro_f1=0.886 lr=[{'group': 'model', 'lr': 0.001}]
[bce_loss] epoch 84/100 stage=head train_loss=0.0159 val_loss=0.1342 val_acc=0.873 val_macro_f1=0.870 lr=[{'group': 'model', 'lr': 0.001}]
[bce_loss] epoch 85/100 stage=head train_loss=0.0171 val_loss=0.1429 val_acc=0.855 val_macro_f1=0.853 lr=[{'group': 'model', 'lr': 0.001}]
[bce_loss] epoch 86/100 stage=head train_loss=0.0148 val_loss=0.1542 val_acc=0.819 val_macro_f1=0.816 lr=[{'group': 'model', 'lr': 0.001}]
[bce_loss] epoch 87/100 stage=head train_loss=0.0135 val_loss=0.1208 val_acc=0.855 val_macro_f1=0.854 lr=[{'group': 'model', 'lr': 0.001}]
[bce_loss] epoch 88/100 stage=head train_loss=0.0147 val_loss=0.1517 val_acc=0.825 val_macro_f1=0.819 lr=[{'group': 'model', 'lr': 0.001}]
[bce_loss] epoch 89/100 stage=head train_loss=0.0131 val_loss=0.1439 val_acc=0.819 val_macro_f1=0.804 lr=[{'group': 'model', 'lr': 0.001}]
[bce_loss] epoch 90/100 stage=head train_loss=0.0127 val_loss=0.1254 val_acc=0.867 val_macro_f1=0.862 lr=[{'group': 'model', 'lr': 0.001}]
[bce_loss] epoch 91/100 stage=head train_loss=0.0123 val_loss=0.1163 val_acc=0.861 val_macro_f1=0.855 lr=[{'group': 'model', 'lr': 0.001}]
[bce_loss] epoch 92/100 stage=head train_loss=0.0116 val_loss=0.1181 val_acc=0.873 val_macro_f1=0.871 lr=[{'group': 'model', 'lr': 0.001}]
[bce_loss] epoch 93/100 stage=head train_loss=0.0107 val_loss=0.1310 val_acc=0.843 val_macro_f1=0.840 lr=[{'group': 'model', 'lr': 0.001}]
[bce_loss] epoch 94/100 stage=head train_loss=0.0099 val_loss=0.1217 val_acc=0.867 val_macro_f1=0.859 lr=[{'group': 'model', 'lr': 0.001}]
[bce_loss] epoch 95/100 stage=head train_loss=0.0082 val_loss=0.1182 val_acc=0.861 val_macro_f1=0.858 lr=[{'group': 'model', 'lr': 0.001}]
[bce_loss] epoch 96/100 stage=head train_loss=0.0093 val_loss=0.1066 val_acc=0.904 val_macro_f1=0.902 lr=[{'group': 'model', 'lr': 0.001}]
[bce_loss] epoch 97/100 stage=head train_loss=0.0096 val_loss=0.1192 val_acc=0.886 val_macro_f1=0.883 lr=[{'group': 'model', 'lr': 0.001}]
[bce_loss] epoch 98/100 stage=head train_loss=0.0099 val_loss=0.1516 val_acc=0.807 val_macro_f1=0.804 lr=[{'group': 'model', 'lr': 0.001}]
[bce_loss] epoch 99/100 stage=head train_loss=0.0103 val_loss=0.2256 val_acc=0.729 val_macro_f1=0.734 lr=[{'group': 'model', 'lr': 0.001}]
[bce_loss] epoch 100/100 stage=head train_loss=0.0107 val_loss=0.1424 val_acc=0.831 val_macro_f1=0.820 lr=[{'group': 'model', 'lr': 0.001}]
[bce_loss] training end: best checkpoint chosen at epoch 96/100 by validation macro-F1 (val_macro_f1=0.9017 val_acc=0.9036)
[bce_loss] best checkpoint: artifacts/checkpoints/bce_loss.pt

Running Best regularized + scheduled [best_regularized]
[best_regularized] resume disabled; starting a fresh run
[best_regularized] epoch 01/100 stage=head train_loss=2.0129 val_loss=2.0142 val_acc=0.313 val_macro_f1=0.229 lr=[{'group': 'model', 'lr': 0.001}]
[best_regularized] epoch 02/100 stage=head train_loss=1.8107 val_loss=1.9338 val_acc=0.307 val_macro_f1=0.207 lr=[{'group': 'model', 'lr': 0.001}]
[best_regularized] epoch 03/100 stage=head train_loss=1.6863 val_loss=1.8387 val_acc=0.301 val_macro_f1=0.203 lr=[{'group': 'model', 'lr': 0.001}]
[best_regularized] epoch 04/100 stage=head train_loss=1.6167 val_loss=1.8291 val_acc=0.301 val_macro_f1=0.199 lr=[{'group': 'model', 'lr': 0.001}]
[best_regularized] epoch 05/100 stage=head train_loss=1.5378 val_loss=1.7790 val_acc=0.337 val_macro_f1=0.258 lr=[{'group': 'model', 'lr': 0.001}]
[best_regularized] epoch 06/100 stage=head train_loss=1.4391 val_loss=1.6539 val_acc=0.386 val_macro_f1=0.334 lr=[{'group': 'model', 'lr': 0.001}]
[best_regularized] epoch 07/100 stage=head train_loss=1.3785 val_loss=1.6852 val_acc=0.343 val_macro_f1=0.282 lr=[{'group': 'model', 'lr': 0.001}]
[best_regularized] epoch 08/100 stage=head train_loss=1.3152 val_loss=1.6900 val_acc=0.416 val_macro_f1=0.347 lr=[{'group': 'model', 'lr': 0.001}]
[best_regularized] epoch 09/100 stage=head train_loss=1.2517 val_loss=2.1762 val_acc=0.277 val_macro_f1=0.184 lr=[{'group': 'model', 'lr': 0.001}]
[best_regularized] epoch 10/100 stage=head train_loss=1.2119 val_loss=1.4689 val_acc=0.434 val_macro_f1=0.384 lr=[{'group': 'model', 'lr': 0.001}]
[best_regularized] epoch 11/100 stage=head train_loss=1.1444 val_loss=1.4453 val_acc=0.458 val_macro_f1=0.373 lr=[{'group': 'model', 'lr': 0.001}]
[best_regularized] epoch 12/100 stage=head train_loss=1.1198 val_loss=1.3131 val_acc=0.560 val_macro_f1=0.522 lr=[{'group': 'model', 'lr': 0.001}]
[best_regularized] epoch 13/100 stage=head train_loss=1.0318 val_loss=1.2925 val_acc=0.542 val_macro_f1=0.529 lr=[{'group': 'model', 'lr': 0.001}]
[best_regularized] epoch 14/100 stage=head train_loss=0.9910 val_loss=1.2727 val_acc=0.560 val_macro_f1=0.532 lr=[{'group': 'model', 'lr': 0.001}]
[best_regularized] epoch 15/100 stage=head train_loss=0.9494 val_loss=1.2442 val_acc=0.542 val_macro_f1=0.541 lr=[{'group': 'model', 'lr': 0.001}]
[best_regularized] epoch 16/100 stage=head train_loss=0.9098 val_loss=1.3257 val_acc=0.542 val_macro_f1=0.506 lr=[{'group': 'model', 'lr': 0.001}]
[best_regularized] epoch 17/100 stage=head train_loss=0.8397 val_loss=1.1474 val_acc=0.620 val_macro_f1=0.611 lr=[{'group': 'model', 'lr': 0.001}]
[best_regularized] epoch 18/100 stage=head train_loss=0.7958 val_loss=1.0741 val_acc=0.645 val_macro_f1=0.646 lr=[{'group': 'model', 'lr': 0.001}]
[best_regularized] epoch 19/100 stage=head train_loss=0.7803 val_loss=1.0274 val_acc=0.657 val_macro_f1=0.639 lr=[{'group': 'model', 'lr': 0.001}]
[best_regularized] epoch 20/100 stage=head train_loss=0.7302 val_loss=1.2501 val_acc=0.566 val_macro_f1=0.526 lr=[{'group': 'model', 'lr': 0.001}]
[best_regularized] epoch 21/100 stage=head train_loss=0.6928 val_loss=1.0312 val_acc=0.657 val_macro_f1=0.662 lr=[{'group': 'model', 'lr': 0.001}]
[best_regularized] epoch 22/100 stage=head train_loss=0.6628 val_loss=1.0480 val_acc=0.657 val_macro_f1=0.643 lr=[{'group': 'model', 'lr': 0.001}]
[best_regularized] epoch 23/100 stage=head train_loss=0.6710 val_loss=1.1811 val_acc=0.602 val_macro_f1=0.561 lr=[{'group': 'model', 'lr': 0.001}]
[best_regularized] epoch 24/100 stage=head train_loss=0.5943 val_loss=0.9734 val_acc=0.663 val_macro_f1=0.651 lr=[{'group': 'model', 'lr': 0.001}]
[best_regularized] epoch 25/100 stage=head train_loss=0.5874 val_loss=1.0508 val_acc=0.620 val_macro_f1=0.618 lr=[{'group': 'model', 'lr': 0.001}]
[best_regularized] epoch 26/100 stage=head train_loss=0.5647 val_loss=1.0378 val_acc=0.651 val_macro_f1=0.650 lr=[{'group': 'model', 'lr': 0.001}]
[best_regularized] epoch 27/100 stage=head train_loss=0.5101 val_loss=0.9568 val_acc=0.693 val_macro_f1=0.698 lr=[{'group': 'model', 'lr': 0.001}]
[best_regularized] epoch 28/100 stage=head train_loss=0.4943 val_loss=0.7732 val_acc=0.777 val_macro_f1=0.776 lr=[{'group': 'model', 'lr': 0.001}]
[best_regularized] epoch 29/100 stage=head train_loss=0.4709 val_loss=0.8655 val_acc=0.771 val_macro_f1=0.771 lr=[{'group': 'model', 'lr': 0.001}]
[best_regularized] epoch 30/100 stage=head train_loss=0.4143 val_loss=1.3361 val_acc=0.578 val_macro_f1=0.520 lr=[{'group': 'model', 'lr': 0.001}]
[best_regularized] epoch 31/100 stage=head train_loss=0.4202 val_loss=1.0464 val_acc=0.602 val_macro_f1=0.591 lr=[{'group': 'model', 'lr': 0.001}]
[best_regularized] epoch 32/100 stage=head train_loss=0.3731 val_loss=0.6761 val_acc=0.801 val_macro_f1=0.794 lr=[{'group': 'model', 'lr': 0.001}]
[best_regularized] epoch 33/100 stage=head train_loss=0.3619 val_loss=1.0156 val_acc=0.687 val_macro_f1=0.681 lr=[{'group': 'model', 'lr': 0.001}]
[best_regularized] epoch 34/100 stage=head train_loss=0.3272 val_loss=0.9252 val_acc=0.681 val_macro_f1=0.682 lr=[{'group': 'model', 'lr': 0.001}]
[best_regularized] epoch 35/100 stage=head train_loss=0.2786 val_loss=0.9623 val_acc=0.663 val_macro_f1=0.651 lr=[{'group': 'model', 'lr': 0.001}]
[best_regularized] epoch 36/100 stage=head train_loss=0.2662 val_loss=0.6667 val_acc=0.783 val_macro_f1=0.781 lr=[{'group': 'model', 'lr': 0.001}]
[best_regularized] epoch 37/100 stage=head train_loss=0.2597 val_loss=0.7475 val_acc=0.783 val_macro_f1=0.782 lr=[{'group': 'model', 'lr': 0.001}]
[best_regularized] epoch 38/100 stage=head train_loss=0.2442 val_loss=0.8462 val_acc=0.735 val_macro_f1=0.727 lr=[{'group': 'model', 'lr': 0.001}]
[best_regularized] epoch 39/100 stage=head train_loss=0.2321 val_loss=0.7738 val_acc=0.771 val_macro_f1=0.766 lr=[{'group': 'model', 'lr': 0.001}]
[best_regularized] epoch 40/100 stage=head train_loss=0.2378 val_loss=0.7030 val_acc=0.801 val_macro_f1=0.800 lr=[{'group': 'model', 'lr': 0.001}]
[best_regularized] epoch 41/100 stage=head train_loss=0.2103 val_loss=0.9440 val_acc=0.681 val_macro_f1=0.682 lr=[{'group': 'model', 'lr': 0.001}]
[best_regularized] epoch 42/100 stage=head train_loss=0.2111 val_loss=1.3240 val_acc=0.602 val_macro_f1=0.588 lr=[{'group': 'model', 'lr': 0.001}]
[best_regularized] epoch 43/100 stage=head train_loss=0.1793 val_loss=0.8478 val_acc=0.753 val_macro_f1=0.752 lr=[{'group': 'model', 'lr': 0.001}]
[best_regularized] epoch 44/100 stage=head train_loss=0.1890 val_loss=0.6643 val_acc=0.807 val_macro_f1=0.806 lr=[{'group': 'model', 'lr': 0.001}]
[best_regularized] epoch 45/100 stage=head train_loss=0.1582 val_loss=0.7481 val_acc=0.819 val_macro_f1=0.820 lr=[{'group': 'model', 'lr': 0.001}]
[best_regularized] epoch 46/100 stage=head train_loss=0.1498 val_loss=0.8624 val_acc=0.747 val_macro_f1=0.732 lr=[{'group': 'model', 'lr': 0.001}]
[best_regularized] epoch 47/100 stage=head train_loss=0.1607 val_loss=0.6093 val_acc=0.837 val_macro_f1=0.833 lr=[{'group': 'model', 'lr': 0.001}]
[best_regularized] epoch 48/100 stage=head train_loss=0.1529 val_loss=0.7424 val_acc=0.771 val_macro_f1=0.776 lr=[{'group': 'model', 'lr': 0.001}]
[best_regularized] epoch 49/100 stage=head train_loss=0.1546 val_loss=1.2279 val_acc=0.627 val_macro_f1=0.626 lr=[{'group': 'model', 'lr': 0.001}]
[best_regularized] epoch 50/100 stage=head train_loss=0.1289 val_loss=0.7247 val_acc=0.807 val_macro_f1=0.810 lr=[{'group': 'model', 'lr': 0.001}]
[best_regularized] epoch 51/100 stage=head train_loss=0.1314 val_loss=0.8093 val_acc=0.729 val_macro_f1=0.719 lr=[{'group': 'model', 'lr': 0.001}]
[best_regularized] epoch 52/100 stage=head train_loss=0.1123 val_loss=0.8821 val_acc=0.741 val_macro_f1=0.742 lr=[{'group': 'model', 'lr': 0.001}]
[best_regularized] epoch 53/100 stage=head train_loss=0.1046 val_loss=0.8398 val_acc=0.741 val_macro_f1=0.718 lr=[{'group': 'model', 'lr': 0.001}]
[best_regularized] epoch 54/100 stage=head train_loss=0.1097 val_loss=0.9853 val_acc=0.711 val_macro_f1=0.709 lr=[{'group': 'model', 'lr': 0.001}]
[best_regularized] epoch 55/100 stage=head train_loss=0.1059 val_loss=0.9273 val_acc=0.729 val_macro_f1=0.713 lr=[{'group': 'model', 'lr': 0.001}]
[best_regularized] epoch 56/100 stage=head train_loss=0.1251 val_loss=0.7648 val_acc=0.795 val_macro_f1=0.791 lr=[{'group': 'model', 'lr': 0.001}]
[best_regularized] epoch 57/100 stage=head train_loss=0.1040 val_loss=0.8656 val_acc=0.735 val_macro_f1=0.736 lr=[{'group': 'model', 'lr': 0.001}]
[best_regularized] epoch 58/100 stage=head train_loss=0.1040 val_loss=0.7656 val_acc=0.759 val_macro_f1=0.756 lr=[{'group': 'model', 'lr': 0.001}]
[best_regularized] epoch 59/100 stage=head train_loss=0.0961 val_loss=0.9633 val_acc=0.735 val_macro_f1=0.727 lr=[{'group': 'model', 'lr': 0.001}]
[best_regularized] epoch 60/100 stage=head train_loss=0.1020 val_loss=0.7955 val_acc=0.765 val_macro_f1=0.763 lr=[{'group': 'model', 'lr': 0.001}]
[best_regularized] epoch 61/100 stage=head train_loss=0.0998 val_loss=1.0047 val_acc=0.687 val_macro_f1=0.677 lr=[{'group': 'model', 'lr': 0.001}]
[best_regularized] epoch 62/100 stage=head train_loss=0.0983 val_loss=1.1829 val_acc=0.669 val_macro_f1=0.625 lr=[{'group': 'model', 'lr': 0.001}]
[best_regularized] epoch 63/100 stage=head train_loss=0.0840 val_loss=0.7077 val_acc=0.807 val_macro_f1=0.805 lr=[{'group': 'model', 'lr': 0.001}]
[best_regularized] epoch 64/100 stage=head train_loss=0.0891 val_loss=0.6652 val_acc=0.837 val_macro_f1=0.838 lr=[{'group': 'model', 'lr': 0.001}]
[best_regularized] epoch 65/100 stage=head train_loss=0.0843 val_loss=0.6908 val_acc=0.801 val_macro_f1=0.808 lr=[{'group': 'model', 'lr': 0.001}]
[best_regularized] epoch 66/100 stage=head train_loss=0.0716 val_loss=0.5890 val_acc=0.837 val_macro_f1=0.838 lr=[{'group': 'model', 'lr': 0.001}]
[best_regularized] epoch 67/100 stage=head train_loss=0.0712 val_loss=0.6948 val_acc=0.795 val_macro_f1=0.795 lr=[{'group': 'model', 'lr': 0.001}]
[best_regularized] epoch 68/100 stage=head train_loss=0.0703 val_loss=0.6758 val_acc=0.813 val_macro_f1=0.816 lr=[{'group': 'model', 'lr': 0.001}]
[best_regularized] epoch 69/100 stage=head train_loss=0.0610 val_loss=0.6189 val_acc=0.849 val_macro_f1=0.844 lr=[{'group': 'model', 'lr': 0.001}]
[best_regularized] epoch 70/100 stage=head train_loss=0.0655 val_loss=0.9284 val_acc=0.789 val_macro_f1=0.790 lr=[{'group': 'model', 'lr': 0.001}]
[best_regularized] epoch 71/100 stage=head train_loss=0.0603 val_loss=0.6899 val_acc=0.813 val_macro_f1=0.816 lr=[{'group': 'model', 'lr': 0.001}]
[best_regularized] epoch 72/100 stage=head train_loss=0.0447 val_loss=0.6231 val_acc=0.843 val_macro_f1=0.846 lr=[{'group': 'model', 'lr': 0.001}]
[best_regularized] epoch 73/100 stage=head train_loss=0.0583 val_loss=0.7645 val_acc=0.795 val_macro_f1=0.782 lr=[{'group': 'model', 'lr': 0.001}]
[best_regularized] epoch 74/100 stage=head train_loss=0.0560 val_loss=0.7082 val_acc=0.807 val_macro_f1=0.802 lr=[{'group': 'model', 'lr': 0.001}]
[best_regularized] epoch 75/100 stage=head train_loss=0.0512 val_loss=0.7975 val_acc=0.783 val_macro_f1=0.777 lr=[{'group': 'model', 'lr': 0.001}]
[best_regularized] epoch 76/100 stage=head train_loss=0.0534 val_loss=0.7649 val_acc=0.801 val_macro_f1=0.803 lr=[{'group': 'model', 'lr': 0.001}]
[best_regularized] epoch 77/100 stage=head train_loss=0.0512 val_loss=0.9667 val_acc=0.759 val_macro_f1=0.761 lr=[{'group': 'model', 'lr': 0.001}]
[best_regularized] epoch 78/100 stage=head train_loss=0.0517 val_loss=0.6645 val_acc=0.831 val_macro_f1=0.830 lr=[{'group': 'model', 'lr': 0.001}]
[best_regularized] epoch 79/100 stage=head train_loss=0.0476 val_loss=0.6605 val_acc=0.825 val_macro_f1=0.824 lr=[{'group': 'model', 'lr': 0.001}]
[best_regularized] epoch 80/100 stage=head train_loss=0.0436 val_loss=1.0541 val_acc=0.699 val_macro_f1=0.686 lr=[{'group': 'model', 'lr': 0.001}]
[best_regularized] epoch 81/100 stage=head train_loss=0.0527 val_loss=0.6461 val_acc=0.861 val_macro_f1=0.857 lr=[{'group': 'model', 'lr': 0.001}]
[best_regularized] epoch 82/100 stage=head train_loss=0.0469 val_loss=0.7640 val_acc=0.825 val_macro_f1=0.822 lr=[{'group': 'model', 'lr': 0.001}]
[best_regularized] epoch 83/100 stage=head train_loss=0.0386 val_loss=0.7224 val_acc=0.843 val_macro_f1=0.840 lr=[{'group': 'model', 'lr': 0.001}]
[best_regularized] epoch 84/100 stage=head train_loss=0.0476 val_loss=0.6005 val_acc=0.867 val_macro_f1=0.868 lr=[{'group': 'model', 'lr': 0.001}]
[best_regularized] epoch 85/100 stage=head train_loss=0.0352 val_loss=0.6767 val_acc=0.849 val_macro_f1=0.850 lr=[{'group': 'model', 'lr': 0.001}]
[best_regularized] epoch 86/100 stage=head train_loss=0.0372 val_loss=0.5387 val_acc=0.867 val_macro_f1=0.866 lr=[{'group': 'model', 'lr': 0.001}]
[best_regularized] epoch 87/100 stage=head train_loss=0.0306 val_loss=0.6228 val_acc=0.843 val_macro_f1=0.844 lr=[{'group': 'model', 'lr': 0.001}]
[best_regularized] epoch 88/100 stage=head train_loss=0.0345 val_loss=0.9438 val_acc=0.765 val_macro_f1=0.770 lr=[{'group': 'model', 'lr': 0.001}]
[best_regularized] epoch 89/100 stage=head train_loss=0.0341 val_loss=0.7458 val_acc=0.831 val_macro_f1=0.826 lr=[{'group': 'model', 'lr': 0.001}]
[best_regularized] epoch 90/100 stage=head train_loss=0.0298 val_loss=0.7833 val_acc=0.819 val_macro_f1=0.817 lr=[{'group': 'model', 'lr': 0.001}]
[best_regularized] epoch 91/100 stage=head train_loss=0.0274 val_loss=0.7746 val_acc=0.825 val_macro_f1=0.822 lr=[{'group': 'model', 'lr': 0.001}]
[best_regularized] epoch 92/100 stage=head train_loss=0.0277 val_loss=0.6221 val_acc=0.837 val_macro_f1=0.832 lr=[{'group': 'model', 'lr': 0.001}]
[best_regularized] epoch 93/100 stage=head train_loss=0.0239 val_loss=0.7058 val_acc=0.837 val_macro_f1=0.835 lr=[{'group': 'model', 'lr': 0.001}]
[best_regularized] epoch 94/100 stage=head train_loss=0.0209 val_loss=0.6595 val_acc=0.867 val_macro_f1=0.864 lr=[{'group': 'model', 'lr': 0.001}]
[best_regularized] epoch 95/100 stage=head train_loss=0.0196 val_loss=0.8584 val_acc=0.783 val_macro_f1=0.791 lr=[{'group': 'model', 'lr': 0.001}]
[best_regularized] epoch 96/100 stage=head train_loss=0.0228 val_loss=0.7397 val_acc=0.795 val_macro_f1=0.796 lr=[{'group': 'model', 'lr': 0.001}]
[best_regularized] epoch 97/100 stage=head train_loss=0.0272 val_loss=0.6496 val_acc=0.861 val_macro_f1=0.862 lr=[{'group': 'model', 'lr': 0.001}]
[best_regularized] epoch 98/100 stage=head train_loss=0.0225 val_loss=0.5890 val_acc=0.861 val_macro_f1=0.860 lr=[{'group': 'model', 'lr': 0.001}]
[best_regularized] epoch 99/100 stage=head train_loss=0.0206 val_loss=0.6190 val_acc=0.849 val_macro_f1=0.852 lr=[{'group': 'model', 'lr': 0.001}]
[best_regularized] epoch 100/100 stage=head train_loss=0.0250 val_loss=0.5754 val_acc=0.880 val_macro_f1=0.880 lr=[{'group': 'model', 'lr': 0.001}]
[best_regularized] training end: best checkpoint chosen at epoch 100/100 by validation macro-F1 (val_macro_f1=0.8796 val_acc=0.8795)
[best_regularized] best checkpoint: artifacts/checkpoints/best_regularized.pt

Running Imbalanced + standard batches [imbalanced_standard]
[imbalanced_standard] resume disabled; starting a fresh run
[imbalanced_standard] epoch 01/100 stage=head train_loss=1.8705 val_loss=2.0436 val_acc=0.205 val_macro_f1=0.149 lr=[{'group': 'model', 'lr': 0.001}]
[imbalanced_standard] epoch 02/100 stage=head train_loss=1.5464 val_loss=2.0702 val_acc=0.187 val_macro_f1=0.114 lr=[{'group': 'model', 'lr': 0.001}]
[imbalanced_standard] epoch 03/100 stage=head train_loss=1.4345 val_loss=2.4915 val_acc=0.199 val_macro_f1=0.137 lr=[{'group': 'model', 'lr': 0.001}]
[imbalanced_standard] epoch 04/100 stage=head train_loss=1.3588 val_loss=2.4513 val_acc=0.211 val_macro_f1=0.139 lr=[{'group': 'model', 'lr': 0.001}]
[imbalanced_standard] epoch 05/100 stage=head train_loss=1.3006 val_loss=2.5643 val_acc=0.247 val_macro_f1=0.184 lr=[{'group': 'model', 'lr': 0.001}]
[imbalanced_standard] epoch 06/100 stage=head train_loss=1.1932 val_loss=2.3273 val_acc=0.265 val_macro_f1=0.189 lr=[{'group': 'model', 'lr': 0.001}]
[imbalanced_standard] epoch 07/100 stage=head train_loss=1.2013 val_loss=2.4086 val_acc=0.271 val_macro_f1=0.216 lr=[{'group': 'model', 'lr': 0.001}]
[imbalanced_standard] epoch 08/100 stage=head train_loss=1.0766 val_loss=2.5313 val_acc=0.289 val_macro_f1=0.224 lr=[{'group': 'model', 'lr': 0.001}]
[imbalanced_standard] epoch 09/100 stage=head train_loss=0.9842 val_loss=2.3010 val_acc=0.289 val_macro_f1=0.221 lr=[{'group': 'model', 'lr': 0.001}]
[imbalanced_standard] epoch 10/100 stage=head train_loss=0.9730 val_loss=2.4057 val_acc=0.313 val_macro_f1=0.238 lr=[{'group': 'model', 'lr': 0.001}]
[imbalanced_standard] epoch 11/100 stage=head train_loss=1.0023 val_loss=2.1026 val_acc=0.343 val_macro_f1=0.255 lr=[{'group': 'model', 'lr': 0.001}]
[imbalanced_standard] epoch 12/100 stage=head train_loss=0.9153 val_loss=1.9401 val_acc=0.331 val_macro_f1=0.262 lr=[{'group': 'model', 'lr': 0.001}]
[imbalanced_standard] epoch 13/100 stage=head train_loss=0.9134 val_loss=1.8835 val_acc=0.337 val_macro_f1=0.293 lr=[{'group': 'model', 'lr': 0.001}]
[imbalanced_standard] epoch 14/100 stage=head train_loss=0.8052 val_loss=2.2935 val_acc=0.289 val_macro_f1=0.228 lr=[{'group': 'model', 'lr': 0.001}]
[imbalanced_standard] epoch 15/100 stage=head train_loss=0.8039 val_loss=1.6948 val_acc=0.398 val_macro_f1=0.349 lr=[{'group': 'model', 'lr': 0.001}]
[imbalanced_standard] epoch 16/100 stage=head train_loss=0.7312 val_loss=1.6815 val_acc=0.458 val_macro_f1=0.379 lr=[{'group': 'model', 'lr': 0.001}]
[imbalanced_standard] epoch 17/100 stage=head train_loss=0.7228 val_loss=1.7401 val_acc=0.446 val_macro_f1=0.377 lr=[{'group': 'model', 'lr': 0.001}]
[imbalanced_standard] epoch 18/100 stage=head train_loss=0.5857 val_loss=1.7579 val_acc=0.446 val_macro_f1=0.366 lr=[{'group': 'model', 'lr': 0.001}]
[imbalanced_standard] epoch 19/100 stage=head train_loss=0.6047 val_loss=1.7041 val_acc=0.446 val_macro_f1=0.366 lr=[{'group': 'model', 'lr': 0.001}]
[imbalanced_standard] epoch 20/100 stage=head train_loss=0.5751 val_loss=1.7046 val_acc=0.446 val_macro_f1=0.368 lr=[{'group': 'model', 'lr': 0.001}]
[imbalanced_standard] epoch 21/100 stage=head train_loss=0.5222 val_loss=1.8441 val_acc=0.458 val_macro_f1=0.378 lr=[{'group': 'model', 'lr': 0.001}]
[imbalanced_standard] epoch 22/100 stage=head train_loss=0.5403 val_loss=1.5566 val_acc=0.494 val_macro_f1=0.413 lr=[{'group': 'model', 'lr': 0.001}]
[imbalanced_standard] epoch 23/100 stage=head train_loss=0.4991 val_loss=1.5325 val_acc=0.512 val_macro_f1=0.431 lr=[{'group': 'model', 'lr': 0.001}]
[imbalanced_standard] epoch 24/100 stage=head train_loss=0.5006 val_loss=1.4908 val_acc=0.506 val_macro_f1=0.440 lr=[{'group': 'model', 'lr': 0.001}]
[imbalanced_standard] epoch 25/100 stage=head train_loss=0.4316 val_loss=1.7916 val_acc=0.470 val_macro_f1=0.410 lr=[{'group': 'model', 'lr': 0.001}]
[imbalanced_standard] epoch 26/100 stage=head train_loss=0.4893 val_loss=1.4362 val_acc=0.548 val_macro_f1=0.474 lr=[{'group': 'model', 'lr': 0.001}]
[imbalanced_standard] epoch 27/100 stage=head train_loss=0.4159 val_loss=1.5804 val_acc=0.494 val_macro_f1=0.440 lr=[{'group': 'model', 'lr': 0.001}]
[imbalanced_standard] epoch 28/100 stage=head train_loss=0.4107 val_loss=1.5402 val_acc=0.500 val_macro_f1=0.467 lr=[{'group': 'model', 'lr': 0.001}]
[imbalanced_standard] epoch 29/100 stage=head train_loss=0.3512 val_loss=1.3989 val_acc=0.572 val_macro_f1=0.519 lr=[{'group': 'model', 'lr': 0.001}]
[imbalanced_standard] epoch 30/100 stage=head train_loss=0.3812 val_loss=1.5934 val_acc=0.506 val_macro_f1=0.477 lr=[{'group': 'model', 'lr': 0.001}]
[imbalanced_standard] epoch 31/100 stage=head train_loss=0.3420 val_loss=1.4541 val_acc=0.494 val_macro_f1=0.446 lr=[{'group': 'model', 'lr': 0.001}]
[imbalanced_standard] epoch 32/100 stage=head train_loss=0.3416 val_loss=1.1786 val_acc=0.590 val_macro_f1=0.550 lr=[{'group': 'model', 'lr': 0.001}]
[imbalanced_standard] epoch 33/100 stage=head train_loss=0.3553 val_loss=1.4617 val_acc=0.530 val_macro_f1=0.468 lr=[{'group': 'model', 'lr': 0.001}]
[imbalanced_standard] epoch 34/100 stage=head train_loss=0.2687 val_loss=1.9344 val_acc=0.464 val_macro_f1=0.455 lr=[{'group': 'model', 'lr': 0.001}]
[imbalanced_standard] epoch 35/100 stage=head train_loss=0.2875 val_loss=2.1516 val_acc=0.458 val_macro_f1=0.427 lr=[{'group': 'model', 'lr': 0.001}]
[imbalanced_standard] epoch 36/100 stage=head train_loss=0.2552 val_loss=1.2594 val_acc=0.602 val_macro_f1=0.551 lr=[{'group': 'model', 'lr': 0.001}]
[imbalanced_standard] epoch 37/100 stage=head train_loss=0.2182 val_loss=1.1651 val_acc=0.608 val_macro_f1=0.557 lr=[{'group': 'model', 'lr': 0.001}]
[imbalanced_standard] epoch 38/100 stage=head train_loss=0.2390 val_loss=1.2399 val_acc=0.590 val_macro_f1=0.533 lr=[{'group': 'model', 'lr': 0.001}]
[imbalanced_standard] epoch 39/100 stage=head train_loss=0.2044 val_loss=1.4603 val_acc=0.536 val_macro_f1=0.473 lr=[{'group': 'model', 'lr': 0.001}]
[imbalanced_standard] epoch 40/100 stage=head train_loss=0.1949 val_loss=1.4251 val_acc=0.590 val_macro_f1=0.545 lr=[{'group': 'model', 'lr': 0.001}]
[imbalanced_standard] epoch 41/100 stage=head train_loss=0.1630 val_loss=1.6827 val_acc=0.524 val_macro_f1=0.489 lr=[{'group': 'model', 'lr': 0.001}]
[imbalanced_standard] epoch 42/100 stage=head train_loss=0.1418 val_loss=1.4659 val_acc=0.578 val_macro_f1=0.531 lr=[{'group': 'model', 'lr': 0.001}]
[imbalanced_standard] epoch 43/100 stage=head train_loss=0.1366 val_loss=1.6080 val_acc=0.554 val_macro_f1=0.488 lr=[{'group': 'model', 'lr': 0.001}]
[imbalanced_standard] epoch 44/100 stage=head train_loss=0.1227 val_loss=1.4342 val_acc=0.542 val_macro_f1=0.488 lr=[{'group': 'model', 'lr': 0.001}]
[imbalanced_standard] epoch 45/100 stage=head train_loss=0.1133 val_loss=1.2172 val_acc=0.614 val_macro_f1=0.588 lr=[{'group': 'model', 'lr': 0.001}]
[imbalanced_standard] epoch 46/100 stage=head train_loss=0.0962 val_loss=1.1594 val_acc=0.657 val_macro_f1=0.620 lr=[{'group': 'model', 'lr': 0.001}]
[imbalanced_standard] epoch 47/100 stage=head train_loss=0.0761 val_loss=1.1184 val_acc=0.699 val_macro_f1=0.670 lr=[{'group': 'model', 'lr': 0.001}]
[imbalanced_standard] epoch 48/100 stage=head train_loss=0.0873 val_loss=1.6803 val_acc=0.548 val_macro_f1=0.533 lr=[{'group': 'model', 'lr': 0.001}]
[imbalanced_standard] epoch 49/100 stage=head train_loss=0.0692 val_loss=2.2542 val_acc=0.470 val_macro_f1=0.441 lr=[{'group': 'model', 'lr': 0.001}]
[imbalanced_standard] epoch 50/100 stage=head train_loss=0.0723 val_loss=1.4720 val_acc=0.572 val_macro_f1=0.558 lr=[{'group': 'model', 'lr': 0.001}]
[imbalanced_standard] epoch 51/100 stage=head train_loss=0.0857 val_loss=1.1645 val_acc=0.663 val_macro_f1=0.643 lr=[{'group': 'model', 'lr': 0.001}]
[imbalanced_standard] epoch 52/100 stage=head train_loss=0.0627 val_loss=1.0829 val_acc=0.669 val_macro_f1=0.659 lr=[{'group': 'model', 'lr': 0.001}]
[imbalanced_standard] epoch 53/100 stage=head train_loss=0.0630 val_loss=1.2637 val_acc=0.651 val_macro_f1=0.638 lr=[{'group': 'model', 'lr': 0.001}]
[imbalanced_standard] epoch 54/100 stage=head train_loss=0.0569 val_loss=1.0364 val_acc=0.687 val_macro_f1=0.684 lr=[{'group': 'model', 'lr': 0.001}]
[imbalanced_standard] epoch 55/100 stage=head train_loss=0.0690 val_loss=1.5932 val_acc=0.536 val_macro_f1=0.518 lr=[{'group': 'model', 'lr': 0.001}]
[imbalanced_standard] epoch 56/100 stage=head train_loss=0.0423 val_loss=1.4491 val_acc=0.584 val_macro_f1=0.548 lr=[{'group': 'model', 'lr': 0.001}]
[imbalanced_standard] epoch 57/100 stage=head train_loss=0.0437 val_loss=1.1783 val_acc=0.675 val_macro_f1=0.648 lr=[{'group': 'model', 'lr': 0.001}]
[imbalanced_standard] epoch 58/100 stage=head train_loss=0.0458 val_loss=0.9783 val_acc=0.663 val_macro_f1=0.653 lr=[{'group': 'model', 'lr': 0.001}]
[imbalanced_standard] epoch 59/100 stage=head train_loss=0.0367 val_loss=1.2477 val_acc=0.657 val_macro_f1=0.641 lr=[{'group': 'model', 'lr': 0.001}]
[imbalanced_standard] epoch 60/100 stage=head train_loss=0.0400 val_loss=1.0508 val_acc=0.645 val_macro_f1=0.643 lr=[{'group': 'model', 'lr': 0.001}]
[imbalanced_standard] epoch 61/100 stage=head train_loss=0.0331 val_loss=1.0954 val_acc=0.669 val_macro_f1=0.663 lr=[{'group': 'model', 'lr': 0.001}]
[imbalanced_standard] epoch 62/100 stage=head train_loss=0.0316 val_loss=0.9693 val_acc=0.669 val_macro_f1=0.662 lr=[{'group': 'model', 'lr': 0.001}]
[imbalanced_standard] epoch 63/100 stage=head train_loss=0.0300 val_loss=1.1325 val_acc=0.693 val_macro_f1=0.689 lr=[{'group': 'model', 'lr': 0.001}]
[imbalanced_standard] epoch 64/100 stage=head train_loss=0.0358 val_loss=1.2475 val_acc=0.651 val_macro_f1=0.633 lr=[{'group': 'model', 'lr': 0.001}]
[imbalanced_standard] epoch 65/100 stage=head train_loss=0.0307 val_loss=1.3324 val_acc=0.596 val_macro_f1=0.573 lr=[{'group': 'model', 'lr': 0.001}]
[imbalanced_standard] epoch 66/100 stage=head train_loss=0.0275 val_loss=1.7188 val_acc=0.590 val_macro_f1=0.573 lr=[{'group': 'model', 'lr': 0.001}]
[imbalanced_standard] epoch 67/100 stage=head train_loss=0.0249 val_loss=1.6480 val_acc=0.584 val_macro_f1=0.581 lr=[{'group': 'model', 'lr': 0.001}]
[imbalanced_standard] epoch 68/100 stage=head train_loss=0.0293 val_loss=1.4287 val_acc=0.578 val_macro_f1=0.545 lr=[{'group': 'model', 'lr': 0.001}]
[imbalanced_standard] epoch 69/100 stage=head train_loss=0.0281 val_loss=1.3380 val_acc=0.590 val_macro_f1=0.568 lr=[{'group': 'model', 'lr': 0.001}]
[imbalanced_standard] epoch 70/100 stage=head train_loss=0.0202 val_loss=1.1106 val_acc=0.681 val_macro_f1=0.674 lr=[{'group': 'model', 'lr': 0.001}]
[imbalanced_standard] epoch 71/100 stage=head train_loss=0.0239 val_loss=1.1631 val_acc=0.699 val_macro_f1=0.694 lr=[{'group': 'model', 'lr': 0.001}]
[imbalanced_standard] epoch 72/100 stage=head train_loss=0.0216 val_loss=1.8750 val_acc=0.548 val_macro_f1=0.564 lr=[{'group': 'model', 'lr': 0.001}]
[imbalanced_standard] epoch 73/100 stage=head train_loss=0.0216 val_loss=1.9880 val_acc=0.518 val_macro_f1=0.542 lr=[{'group': 'model', 'lr': 0.001}]
[imbalanced_standard] epoch 74/100 stage=head train_loss=0.0228 val_loss=0.9677 val_acc=0.693 val_macro_f1=0.684 lr=[{'group': 'model', 'lr': 0.001}]
[imbalanced_standard] epoch 75/100 stage=head train_loss=0.0225 val_loss=0.9454 val_acc=0.681 val_macro_f1=0.665 lr=[{'group': 'model', 'lr': 0.001}]
[imbalanced_standard] epoch 76/100 stage=head train_loss=0.0200 val_loss=1.2600 val_acc=0.663 val_macro_f1=0.661 lr=[{'group': 'model', 'lr': 0.001}]
[imbalanced_standard] epoch 77/100 stage=head train_loss=0.0207 val_loss=1.0384 val_acc=0.663 val_macro_f1=0.654 lr=[{'group': 'model', 'lr': 0.001}]
[imbalanced_standard] epoch 78/100 stage=head train_loss=0.0217 val_loss=1.1900 val_acc=0.675 val_macro_f1=0.667 lr=[{'group': 'model', 'lr': 0.001}]
[imbalanced_standard] epoch 79/100 stage=head train_loss=0.0269 val_loss=1.2957 val_acc=0.675 val_macro_f1=0.669 lr=[{'group': 'model', 'lr': 0.001}]
[imbalanced_standard] epoch 80/100 stage=head train_loss=0.0174 val_loss=1.4907 val_acc=0.633 val_macro_f1=0.647 lr=[{'group': 'model', 'lr': 0.001}]
[imbalanced_standard] epoch 81/100 stage=head train_loss=0.0238 val_loss=1.5526 val_acc=0.602 val_macro_f1=0.620 lr=[{'group': 'model', 'lr': 0.001}]
[imbalanced_standard] epoch 82/100 stage=head train_loss=0.0266 val_loss=1.8351 val_acc=0.566 val_macro_f1=0.571 lr=[{'group': 'model', 'lr': 0.001}]
[imbalanced_standard] epoch 83/100 stage=head train_loss=0.0238 val_loss=1.9743 val_acc=0.590 val_macro_f1=0.566 lr=[{'group': 'model', 'lr': 0.001}]
[imbalanced_standard] epoch 84/100 stage=head train_loss=0.0194 val_loss=1.2423 val_acc=0.669 val_macro_f1=0.647 lr=[{'group': 'model', 'lr': 0.001}]
[imbalanced_standard] epoch 85/100 stage=head train_loss=0.0249 val_loss=1.1871 val_acc=0.663 val_macro_f1=0.651 lr=[{'group': 'model', 'lr': 0.001}]
[imbalanced_standard] epoch 86/100 stage=head train_loss=0.0193 val_loss=1.1844 val_acc=0.675 val_macro_f1=0.669 lr=[{'group': 'model', 'lr': 0.001}]
[imbalanced_standard] epoch 87/100 stage=head train_loss=0.0140 val_loss=1.1552 val_acc=0.663 val_macro_f1=0.654 lr=[{'group': 'model', 'lr': 0.001}]
[imbalanced_standard] epoch 88/100 stage=head train_loss=0.0201 val_loss=1.6547 val_acc=0.614 val_macro_f1=0.598 lr=[{'group': 'model', 'lr': 0.001}]
[imbalanced_standard] epoch 89/100 stage=head train_loss=0.0131 val_loss=1.7002 val_acc=0.572 val_macro_f1=0.511 lr=[{'group': 'model', 'lr': 0.001}]
[imbalanced_standard] epoch 90/100 stage=head train_loss=0.0158 val_loss=1.2173 val_acc=0.645 val_macro_f1=0.624 lr=[{'group': 'model', 'lr': 0.001}]
[imbalanced_standard] epoch 91/100 stage=head train_loss=0.0085 val_loss=1.0948 val_acc=0.687 val_macro_f1=0.680 lr=[{'group': 'model', 'lr': 0.001}]
[imbalanced_standard] epoch 92/100 stage=head train_loss=0.0116 val_loss=1.1512 val_acc=0.675 val_macro_f1=0.678 lr=[{'group': 'model', 'lr': 0.001}]
[imbalanced_standard] epoch 93/100 stage=head train_loss=0.0117 val_loss=1.1613 val_acc=0.687 val_macro_f1=0.678 lr=[{'group': 'model', 'lr': 0.001}]
[imbalanced_standard] epoch 94/100 stage=head train_loss=0.0100 val_loss=1.2066 val_acc=0.693 val_macro_f1=0.683 lr=[{'group': 'model', 'lr': 0.001}]
[imbalanced_standard] epoch 95/100 stage=head train_loss=0.0110 val_loss=1.2653 val_acc=0.675 val_macro_f1=0.684 lr=[{'group': 'model', 'lr': 0.001}]
[imbalanced_standard] epoch 96/100 stage=head train_loss=0.0112 val_loss=1.4730 val_acc=0.639 val_macro_f1=0.652 lr=[{'group': 'model', 'lr': 0.001}]
[imbalanced_standard] epoch 97/100 stage=head train_loss=0.0071 val_loss=1.5391 val_acc=0.633 val_macro_f1=0.649 lr=[{'group': 'model', 'lr': 0.001}]
[imbalanced_standard] epoch 98/100 stage=head train_loss=0.0078 val_loss=1.1229 val_acc=0.687 val_macro_f1=0.684 lr=[{'group': 'model', 'lr': 0.001}]
[imbalanced_standard] epoch 99/100 stage=head train_loss=0.0077 val_loss=0.9655 val_acc=0.723 val_macro_f1=0.715 lr=[{'group': 'model', 'lr': 0.001}]
[imbalanced_standard] epoch 100/100 stage=head train_loss=0.0079 val_loss=1.0563 val_acc=0.741 val_macro_f1=0.736 lr=[{'group': 'model', 'lr': 0.001}]
[imbalanced_standard] training end: best checkpoint chosen at epoch 100/100 by validation macro-F1 (val_macro_f1=0.7363 val_acc=0.7410)
[imbalanced_standard] best checkpoint: artifacts/checkpoints/imbalanced_standard.pt

Running Imbalanced + balanced batches [imbalanced_balanced]
[imbalanced_balanced] resume disabled; starting a fresh run
[imbalanced_balanced] epoch 01/100 stage=head train_loss=1.9652 val_loss=2.0311 val_acc=0.313 val_macro_f1=0.281 lr=[{'group': 'model', 'lr': 0.001}]
[imbalanced_balanced] epoch 02/100 stage=head train_loss=1.7229 val_loss=1.9644 val_acc=0.307 val_macro_f1=0.253 lr=[{'group': 'model', 'lr': 0.001}]
[imbalanced_balanced] epoch 03/100 stage=head train_loss=1.5406 val_loss=1.9219 val_acc=0.313 val_macro_f1=0.231 lr=[{'group': 'model', 'lr': 0.001}]
[imbalanced_balanced] epoch 04/100 stage=head train_loss=1.4186 val_loss=1.9598 val_acc=0.301 val_macro_f1=0.212 lr=[{'group': 'model', 'lr': 0.001}]
[imbalanced_balanced] epoch 05/100 stage=head train_loss=1.2746 val_loss=2.0794 val_acc=0.289 val_macro_f1=0.217 lr=[{'group': 'model', 'lr': 0.001}]
[imbalanced_balanced] epoch 06/100 stage=head train_loss=1.1566 val_loss=1.9383 val_acc=0.337 val_macro_f1=0.263 lr=[{'group': 'model', 'lr': 0.001}]
[imbalanced_balanced] epoch 07/100 stage=head train_loss=1.0812 val_loss=1.8559 val_acc=0.295 val_macro_f1=0.255 lr=[{'group': 'model', 'lr': 0.001}]
[imbalanced_balanced] epoch 08/100 stage=head train_loss=1.0135 val_loss=1.9260 val_acc=0.319 val_macro_f1=0.275 lr=[{'group': 'model', 'lr': 0.001}]
[imbalanced_balanced] epoch 09/100 stage=head train_loss=0.9441 val_loss=1.7326 val_acc=0.386 val_macro_f1=0.315 lr=[{'group': 'model', 'lr': 0.001}]
[imbalanced_balanced] epoch 10/100 stage=head train_loss=0.8484 val_loss=1.6518 val_acc=0.416 val_macro_f1=0.371 lr=[{'group': 'model', 'lr': 0.001}]
[imbalanced_balanced] epoch 11/100 stage=head train_loss=0.7518 val_loss=1.5979 val_acc=0.404 val_macro_f1=0.385 lr=[{'group': 'model', 'lr': 0.001}]
[imbalanced_balanced] epoch 12/100 stage=head train_loss=0.6990 val_loss=1.5182 val_acc=0.464 val_macro_f1=0.431 lr=[{'group': 'model', 'lr': 0.001}]
[imbalanced_balanced] epoch 13/100 stage=head train_loss=0.6291 val_loss=1.4224 val_acc=0.524 val_macro_f1=0.524 lr=[{'group': 'model', 'lr': 0.001}]
[imbalanced_balanced] epoch 14/100 stage=head train_loss=0.5668 val_loss=1.3894 val_acc=0.554 val_macro_f1=0.555 lr=[{'group': 'model', 'lr': 0.001}]
[imbalanced_balanced] epoch 15/100 stage=head train_loss=0.5594 val_loss=1.8064 val_acc=0.464 val_macro_f1=0.440 lr=[{'group': 'model', 'lr': 0.001}]
[imbalanced_balanced] epoch 16/100 stage=head train_loss=0.6733 val_loss=1.8262 val_acc=0.452 val_macro_f1=0.440 lr=[{'group': 'model', 'lr': 0.001}]
[imbalanced_balanced] epoch 17/100 stage=head train_loss=0.5864 val_loss=1.5888 val_acc=0.518 val_macro_f1=0.490 lr=[{'group': 'model', 'lr': 0.001}]
[imbalanced_balanced] epoch 18/100 stage=head train_loss=0.5044 val_loss=1.9431 val_acc=0.452 val_macro_f1=0.434 lr=[{'group': 'model', 'lr': 0.001}]
[imbalanced_balanced] epoch 19/100 stage=head train_loss=0.4650 val_loss=1.5969 val_acc=0.578 val_macro_f1=0.566 lr=[{'group': 'model', 'lr': 0.001}]
[imbalanced_balanced] epoch 20/100 stage=head train_loss=0.4300 val_loss=1.7475 val_acc=0.524 val_macro_f1=0.473 lr=[{'group': 'model', 'lr': 0.001}]
[imbalanced_balanced] epoch 21/100 stage=head train_loss=0.3621 val_loss=1.4718 val_acc=0.554 val_macro_f1=0.535 lr=[{'group': 'model', 'lr': 0.001}]
[imbalanced_balanced] epoch 22/100 stage=head train_loss=0.3267 val_loss=1.2372 val_acc=0.627 val_macro_f1=0.618 lr=[{'group': 'model', 'lr': 0.001}]
[imbalanced_balanced] epoch 23/100 stage=head train_loss=0.2921 val_loss=1.5291 val_acc=0.566 val_macro_f1=0.540 lr=[{'group': 'model', 'lr': 0.001}]
[imbalanced_balanced] epoch 24/100 stage=head train_loss=0.2817 val_loss=1.5906 val_acc=0.506 val_macro_f1=0.503 lr=[{'group': 'model', 'lr': 0.001}]
[imbalanced_balanced] epoch 25/100 stage=head train_loss=0.2614 val_loss=1.6526 val_acc=0.536 val_macro_f1=0.497 lr=[{'group': 'model', 'lr': 0.001}]
[imbalanced_balanced] epoch 26/100 stage=head train_loss=0.2239 val_loss=1.6610 val_acc=0.494 val_macro_f1=0.497 lr=[{'group': 'model', 'lr': 0.001}]
[imbalanced_balanced] epoch 27/100 stage=head train_loss=0.1951 val_loss=1.4063 val_acc=0.560 val_macro_f1=0.550 lr=[{'group': 'model', 'lr': 0.001}]
[imbalanced_balanced] epoch 28/100 stage=head train_loss=0.1711 val_loss=1.5513 val_acc=0.548 val_macro_f1=0.521 lr=[{'group': 'model', 'lr': 0.001}]
[imbalanced_balanced] epoch 29/100 stage=head train_loss=0.1480 val_loss=1.4737 val_acc=0.566 val_macro_f1=0.559 lr=[{'group': 'model', 'lr': 0.001}]
[imbalanced_balanced] epoch 30/100 stage=head train_loss=0.1289 val_loss=1.2923 val_acc=0.614 val_macro_f1=0.609 lr=[{'group': 'model', 'lr': 0.001}]
[imbalanced_balanced] epoch 31/100 stage=head train_loss=0.1223 val_loss=1.4461 val_acc=0.596 val_macro_f1=0.587 lr=[{'group': 'model', 'lr': 0.001}]
[imbalanced_balanced] epoch 32/100 stage=head train_loss=0.1116 val_loss=1.3792 val_acc=0.620 val_macro_f1=0.614 lr=[{'group': 'model', 'lr': 0.001}]
[imbalanced_balanced] epoch 33/100 stage=head train_loss=0.0929 val_loss=1.3819 val_acc=0.584 val_macro_f1=0.582 lr=[{'group': 'model', 'lr': 0.001}]
[imbalanced_balanced] epoch 34/100 stage=head train_loss=0.0944 val_loss=1.6910 val_acc=0.590 val_macro_f1=0.564 lr=[{'group': 'model', 'lr': 0.001}]
[imbalanced_balanced] epoch 35/100 stage=head train_loss=0.0861 val_loss=1.5466 val_acc=0.584 val_macro_f1=0.579 lr=[{'group': 'model', 'lr': 0.001}]
[imbalanced_balanced] epoch 36/100 stage=head train_loss=0.0801 val_loss=1.4788 val_acc=0.639 val_macro_f1=0.608 lr=[{'group': 'model', 'lr': 0.001}]
[imbalanced_balanced] epoch 37/100 stage=head train_loss=0.0762 val_loss=1.7335 val_acc=0.512 val_macro_f1=0.526 lr=[{'group': 'model', 'lr': 0.001}]
[imbalanced_balanced] epoch 38/100 stage=head train_loss=0.0658 val_loss=1.6859 val_acc=0.548 val_macro_f1=0.527 lr=[{'group': 'model', 'lr': 0.001}]
[imbalanced_balanced] epoch 39/100 stage=head train_loss=0.0577 val_loss=1.2862 val_acc=0.639 val_macro_f1=0.633 lr=[{'group': 'model', 'lr': 0.001}]
[imbalanced_balanced] epoch 40/100 stage=head train_loss=0.0506 val_loss=1.2971 val_acc=0.639 val_macro_f1=0.631 lr=[{'group': 'model', 'lr': 0.001}]
[imbalanced_balanced] epoch 41/100 stage=head train_loss=0.0508 val_loss=1.8917 val_acc=0.512 val_macro_f1=0.492 lr=[{'group': 'model', 'lr': 0.001}]
[imbalanced_balanced] epoch 42/100 stage=head train_loss=0.0488 val_loss=1.6397 val_acc=0.584 val_macro_f1=0.556 lr=[{'group': 'model', 'lr': 0.001}]
[imbalanced_balanced] epoch 43/100 stage=head train_loss=0.0485 val_loss=1.4621 val_acc=0.584 val_macro_f1=0.582 lr=[{'group': 'model', 'lr': 0.001}]
[imbalanced_balanced] epoch 44/100 stage=head train_loss=0.0465 val_loss=1.2946 val_acc=0.651 val_macro_f1=0.645 lr=[{'group': 'model', 'lr': 0.001}]
[imbalanced_balanced] epoch 45/100 stage=head train_loss=0.0454 val_loss=1.5219 val_acc=0.566 val_macro_f1=0.558 lr=[{'group': 'model', 'lr': 0.001}]
[imbalanced_balanced] epoch 46/100 stage=head train_loss=0.0586 val_loss=3.0144 val_acc=0.458 val_macro_f1=0.458 lr=[{'group': 'model', 'lr': 0.001}]
[imbalanced_balanced] epoch 47/100 stage=head train_loss=0.0646 val_loss=1.6598 val_acc=0.578 val_macro_f1=0.566 lr=[{'group': 'model', 'lr': 0.001}]
[imbalanced_balanced] epoch 48/100 stage=head train_loss=0.0572 val_loss=1.4888 val_acc=0.614 val_macro_f1=0.612 lr=[{'group': 'model', 'lr': 0.001}]
[imbalanced_balanced] epoch 49/100 stage=head train_loss=0.0460 val_loss=1.5542 val_acc=0.675 val_macro_f1=0.645 lr=[{'group': 'model', 'lr': 0.001}]
[imbalanced_balanced] epoch 50/100 stage=head train_loss=0.0441 val_loss=1.6245 val_acc=0.620 val_macro_f1=0.575 lr=[{'group': 'model', 'lr': 0.001}]
[imbalanced_balanced] epoch 51/100 stage=head train_loss=0.0332 val_loss=2.0500 val_acc=0.524 val_macro_f1=0.494 lr=[{'group': 'model', 'lr': 0.001}]
[imbalanced_balanced] epoch 52/100 stage=head train_loss=0.0399 val_loss=1.8661 val_acc=0.560 val_macro_f1=0.512 lr=[{'group': 'model', 'lr': 0.001}]
[imbalanced_balanced] epoch 53/100 stage=head train_loss=0.0396 val_loss=1.1785 val_acc=0.681 val_macro_f1=0.683 lr=[{'group': 'model', 'lr': 0.001}]
[imbalanced_balanced] epoch 54/100 stage=head train_loss=0.0387 val_loss=1.1311 val_acc=0.699 val_macro_f1=0.689 lr=[{'group': 'model', 'lr': 0.001}]
[imbalanced_balanced] epoch 55/100 stage=head train_loss=0.0275 val_loss=1.7117 val_acc=0.614 val_macro_f1=0.595 lr=[{'group': 'model', 'lr': 0.001}]
[imbalanced_balanced] epoch 56/100 stage=head train_loss=0.0328 val_loss=1.9978 val_acc=0.572 val_macro_f1=0.567 lr=[{'group': 'model', 'lr': 0.001}]
[imbalanced_balanced] epoch 57/100 stage=head train_loss=0.0287 val_loss=1.9553 val_acc=0.560 val_macro_f1=0.537 lr=[{'group': 'model', 'lr': 0.001}]
[imbalanced_balanced] epoch 58/100 stage=head train_loss=0.0257 val_loss=1.8313 val_acc=0.596 val_macro_f1=0.562 lr=[{'group': 'model', 'lr': 0.001}]
[imbalanced_balanced] epoch 59/100 stage=head train_loss=0.0205 val_loss=1.5653 val_acc=0.627 val_macro_f1=0.621 lr=[{'group': 'model', 'lr': 0.001}]
[imbalanced_balanced] epoch 60/100 stage=head train_loss=0.0225 val_loss=1.4476 val_acc=0.590 val_macro_f1=0.575 lr=[{'group': 'model', 'lr': 0.001}]
[imbalanced_balanced] epoch 61/100 stage=head train_loss=0.0172 val_loss=1.3848 val_acc=0.602 val_macro_f1=0.599 lr=[{'group': 'model', 'lr': 0.001}]
[imbalanced_balanced] epoch 62/100 stage=head train_loss=0.0182 val_loss=1.4491 val_acc=0.608 val_macro_f1=0.591 lr=[{'group': 'model', 'lr': 0.001}]
[imbalanced_balanced] epoch 63/100 stage=head train_loss=0.0263 val_loss=1.3556 val_acc=0.669 val_macro_f1=0.650 lr=[{'group': 'model', 'lr': 0.001}]
[imbalanced_balanced] epoch 64/100 stage=head train_loss=0.0259 val_loss=1.1639 val_acc=0.687 val_macro_f1=0.682 lr=[{'group': 'model', 'lr': 0.001}]
[imbalanced_balanced] epoch 65/100 stage=head train_loss=0.0343 val_loss=2.3758 val_acc=0.518 val_macro_f1=0.490 lr=[{'group': 'model', 'lr': 0.001}]
[imbalanced_balanced] epoch 66/100 stage=head train_loss=0.0332 val_loss=2.0792 val_acc=0.572 val_macro_f1=0.548 lr=[{'group': 'model', 'lr': 0.001}]
[imbalanced_balanced] epoch 67/100 stage=head train_loss=0.0369 val_loss=2.1190 val_acc=0.560 val_macro_f1=0.534 lr=[{'group': 'model', 'lr': 0.001}]
[imbalanced_balanced] epoch 68/100 stage=head train_loss=0.0256 val_loss=1.7524 val_acc=0.584 val_macro_f1=0.599 lr=[{'group': 'model', 'lr': 0.001}]
[imbalanced_balanced] epoch 69/100 stage=head train_loss=0.0229 val_loss=1.5240 val_acc=0.608 val_macro_f1=0.600 lr=[{'group': 'model', 'lr': 0.001}]
[imbalanced_balanced] epoch 70/100 stage=head train_loss=0.0191 val_loss=1.7348 val_acc=0.584 val_macro_f1=0.560 lr=[{'group': 'model', 'lr': 0.001}]
[imbalanced_balanced] epoch 71/100 stage=head train_loss=0.0169 val_loss=1.5591 val_acc=0.608 val_macro_f1=0.592 lr=[{'group': 'model', 'lr': 0.001}]
[imbalanced_balanced] epoch 72/100 stage=head train_loss=0.0141 val_loss=1.5264 val_acc=0.657 val_macro_f1=0.636 lr=[{'group': 'model', 'lr': 0.001}]
[imbalanced_balanced] epoch 73/100 stage=head train_loss=0.0188 val_loss=1.4329 val_acc=0.663 val_macro_f1=0.649 lr=[{'group': 'model', 'lr': 0.001}]
[imbalanced_balanced] epoch 74/100 stage=head train_loss=0.0106 val_loss=1.2702 val_acc=0.663 val_macro_f1=0.650 lr=[{'group': 'model', 'lr': 0.001}]
[imbalanced_balanced] epoch 75/100 stage=head train_loss=0.0123 val_loss=1.3456 val_acc=0.663 val_macro_f1=0.666 lr=[{'group': 'model', 'lr': 0.001}]
[imbalanced_balanced] epoch 76/100 stage=head train_loss=0.0118 val_loss=1.8058 val_acc=0.608 val_macro_f1=0.612 lr=[{'group': 'model', 'lr': 0.001}]
[imbalanced_balanced] epoch 77/100 stage=head train_loss=0.0095 val_loss=1.4699 val_acc=0.663 val_macro_f1=0.673 lr=[{'group': 'model', 'lr': 0.001}]
[imbalanced_balanced] epoch 78/100 stage=head train_loss=0.0093 val_loss=1.2562 val_acc=0.711 val_macro_f1=0.698 lr=[{'group': 'model', 'lr': 0.001}]
[imbalanced_balanced] epoch 79/100 stage=head train_loss=0.0089 val_loss=1.2964 val_acc=0.687 val_macro_f1=0.669 lr=[{'group': 'model', 'lr': 0.001}]
[imbalanced_balanced] epoch 80/100 stage=head train_loss=0.0070 val_loss=1.3396 val_acc=0.657 val_macro_f1=0.636 lr=[{'group': 'model', 'lr': 0.001}]
[imbalanced_balanced] epoch 81/100 stage=head train_loss=0.0064 val_loss=1.4140 val_acc=0.633 val_macro_f1=0.615 lr=[{'group': 'model', 'lr': 0.001}]
[imbalanced_balanced] epoch 82/100 stage=head train_loss=0.0058 val_loss=1.2775 val_acc=0.651 val_macro_f1=0.635 lr=[{'group': 'model', 'lr': 0.001}]
[imbalanced_balanced] epoch 83/100 stage=head train_loss=0.0044 val_loss=1.3788 val_acc=0.651 val_macro_f1=0.657 lr=[{'group': 'model', 'lr': 0.001}]
[imbalanced_balanced] epoch 84/100 stage=head train_loss=0.0061 val_loss=1.5250 val_acc=0.651 val_macro_f1=0.661 lr=[{'group': 'model', 'lr': 0.001}]
[imbalanced_balanced] epoch 85/100 stage=head train_loss=0.0044 val_loss=1.5543 val_acc=0.645 val_macro_f1=0.656 lr=[{'group': 'model', 'lr': 0.001}]
[imbalanced_balanced] epoch 86/100 stage=head train_loss=0.0034 val_loss=1.5333 val_acc=0.639 val_macro_f1=0.636 lr=[{'group': 'model', 'lr': 0.001}]
[imbalanced_balanced] epoch 87/100 stage=head train_loss=0.0066 val_loss=1.4033 val_acc=0.651 val_macro_f1=0.641 lr=[{'group': 'model', 'lr': 0.001}]
[imbalanced_balanced] epoch 88/100 stage=head train_loss=0.0040 val_loss=1.4366 val_acc=0.651 val_macro_f1=0.640 lr=[{'group': 'model', 'lr': 0.001}]
[imbalanced_balanced] epoch 89/100 stage=head train_loss=0.0056 val_loss=1.2493 val_acc=0.663 val_macro_f1=0.660 lr=[{'group': 'model', 'lr': 0.001}]
[imbalanced_balanced] epoch 90/100 stage=head train_loss=0.0055 val_loss=1.2110 val_acc=0.693 val_macro_f1=0.688 lr=[{'group': 'model', 'lr': 0.001}]
[imbalanced_balanced] epoch 91/100 stage=head train_loss=0.0042 val_loss=1.4079 val_acc=0.675 val_macro_f1=0.675 lr=[{'group': 'model', 'lr': 0.001}]
[imbalanced_balanced] epoch 92/100 stage=head train_loss=0.0037 val_loss=1.7398 val_acc=0.657 val_macro_f1=0.663 lr=[{'group': 'model', 'lr': 0.001}]
[imbalanced_balanced] epoch 93/100 stage=head train_loss=0.0072 val_loss=1.4157 val_acc=0.675 val_macro_f1=0.675 lr=[{'group': 'model', 'lr': 0.001}]
[imbalanced_balanced] epoch 94/100 stage=head train_loss=0.0057 val_loss=1.3416 val_acc=0.681 val_macro_f1=0.676 lr=[{'group': 'model', 'lr': 0.001}]
[imbalanced_balanced] epoch 95/100 stage=head train_loss=0.0080 val_loss=1.5060 val_acc=0.639 val_macro_f1=0.625 lr=[{'group': 'model', 'lr': 0.001}]
[imbalanced_balanced] epoch 96/100 stage=head train_loss=0.0047 val_loss=1.5467 val_acc=0.627 val_macro_f1=0.625 lr=[{'group': 'model', 'lr': 0.001}]
[imbalanced_balanced] epoch 97/100 stage=head train_loss=0.0084 val_loss=1.4095 val_acc=0.645 val_macro_f1=0.620 lr=[{'group': 'model', 'lr': 0.001}]
[imbalanced_balanced] epoch 98/100 stage=head train_loss=0.0057 val_loss=1.4478 val_acc=0.651 val_macro_f1=0.619 lr=[{'group': 'model', 'lr': 0.001}]
[imbalanced_balanced] epoch 99/100 stage=head train_loss=0.0060 val_loss=1.4877 val_acc=0.657 val_macro_f1=0.638 lr=[{'group': 'model', 'lr': 0.001}]
[imbalanced_balanced] epoch 100/100 stage=head train_loss=0.0059 val_loss=1.5762 val_acc=0.633 val_macro_f1=0.614 lr=[{'group': 'model', 'lr': 0.001}]
[imbalanced_balanced] training end: best checkpoint chosen at epoch 78/100 by validation macro-F1 (val_macro_f1=0.6979 val_acc=0.7108)
[imbalanced_balanced] best checkpoint: artifacts/checkpoints/imbalanced_balanced.pt

Running ResNet18 feature extraction [resnet18_feature_extraction]
[resnet18_feature_extraction] resume disabled; starting a fresh run
[resnet18_feature_extraction] epoch 01/100 stage=head train_loss=2.2778 val_loss=2.1628 val_acc=0.139 val_macro_f1=0.109 lr=[{'group': 'head', 'lr': 0.0005}]
[resnet18_feature_extraction] epoch 02/100 stage=head train_loss=2.1487 val_loss=2.0829 val_acc=0.163 val_macro_f1=0.137 lr=[{'group': 'head', 'lr': 0.0005}]
[resnet18_feature_extraction] epoch 03/100 stage=head train_loss=2.0600 val_loss=2.0112 val_acc=0.253 val_macro_f1=0.205 lr=[{'group': 'head', 'lr': 0.0005}]
[resnet18_feature_extraction] epoch 04/100 stage=head train_loss=1.9898 val_loss=1.9336 val_acc=0.307 val_macro_f1=0.261 lr=[{'group': 'head', 'lr': 0.0005}]
[resnet18_feature_extraction] epoch 05/100 stage=head train_loss=1.8935 val_loss=1.8555 val_acc=0.313 val_macro_f1=0.271 lr=[{'group': 'head', 'lr': 0.0005}]
[resnet18_feature_extraction] epoch 06/100 stage=head train_loss=1.8295 val_loss=1.7833 val_acc=0.386 val_macro_f1=0.349 lr=[{'group': 'head', 'lr': 0.0005}]
[resnet18_feature_extraction] epoch 07/100 stage=head train_loss=1.7441 val_loss=1.7164 val_acc=0.428 val_macro_f1=0.414 lr=[{'group': 'head', 'lr': 0.0005}]
[resnet18_feature_extraction] epoch 08/100 stage=head train_loss=1.6765 val_loss=1.6518 val_acc=0.518 val_macro_f1=0.512 lr=[{'group': 'head', 'lr': 0.0005}]
[resnet18_feature_extraction] epoch 09/100 stage=head train_loss=1.5906 val_loss=1.5903 val_acc=0.560 val_macro_f1=0.549 lr=[{'group': 'head', 'lr': 0.0005}]
[resnet18_feature_extraction] epoch 10/100 stage=head train_loss=1.5218 val_loss=1.5324 val_acc=0.584 val_macro_f1=0.566 lr=[{'group': 'head', 'lr': 0.0005}]
[resnet18_feature_extraction] epoch 11/100 stage=head train_loss=1.4742 val_loss=1.4785 val_acc=0.590 val_macro_f1=0.571 lr=[{'group': 'head', 'lr': 0.0005}]
[resnet18_feature_extraction] epoch 12/100 stage=head train_loss=1.4319 val_loss=1.4298 val_acc=0.596 val_macro_f1=0.565 lr=[{'group': 'head', 'lr': 0.0005}]
[resnet18_feature_extraction] epoch 13/100 stage=head train_loss=1.3687 val_loss=1.3814 val_acc=0.633 val_macro_f1=0.604 lr=[{'group': 'head', 'lr': 0.0005}]
[resnet18_feature_extraction] epoch 14/100 stage=head train_loss=1.3077 val_loss=1.3366 val_acc=0.663 val_macro_f1=0.643 lr=[{'group': 'head', 'lr': 0.0005}]
[resnet18_feature_extraction] epoch 15/100 stage=head train_loss=1.2663 val_loss=1.2959 val_acc=0.687 val_macro_f1=0.675 lr=[{'group': 'head', 'lr': 0.0005}]
[resnet18_feature_extraction] epoch 16/100 stage=head train_loss=1.2143 val_loss=1.2573 val_acc=0.687 val_macro_f1=0.678 lr=[{'group': 'head', 'lr': 0.0005}]
[resnet18_feature_extraction] epoch 17/100 stage=head train_loss=1.1782 val_loss=1.2212 val_acc=0.693 val_macro_f1=0.683 lr=[{'group': 'head', 'lr': 0.0005}]
[resnet18_feature_extraction] epoch 18/100 stage=head train_loss=1.1369 val_loss=1.1876 val_acc=0.711 val_macro_f1=0.702 lr=[{'group': 'head', 'lr': 0.0005}]
[resnet18_feature_extraction] epoch 19/100 stage=head train_loss=1.1083 val_loss=1.1563 val_acc=0.717 val_macro_f1=0.709 lr=[{'group': 'head', 'lr': 0.0005}]
[resnet18_feature_extraction] epoch 20/100 stage=head train_loss=1.0680 val_loss=1.1261 val_acc=0.711 val_macro_f1=0.702 lr=[{'group': 'head', 'lr': 0.0005}]
[resnet18_feature_extraction] epoch 21/100 stage=head train_loss=1.0289 val_loss=1.0976 val_acc=0.723 val_macro_f1=0.713 lr=[{'group': 'head', 'lr': 0.0005}]
[resnet18_feature_extraction] epoch 22/100 stage=head train_loss=1.0042 val_loss=1.0712 val_acc=0.717 val_macro_f1=0.705 lr=[{'group': 'head', 'lr': 0.0005}]
[resnet18_feature_extraction] epoch 23/100 stage=head train_loss=0.9850 val_loss=1.0466 val_acc=0.729 val_macro_f1=0.720 lr=[{'group': 'head', 'lr': 0.0005}]
[resnet18_feature_extraction] epoch 24/100 stage=head train_loss=0.9390 val_loss=1.0231 val_acc=0.759 val_macro_f1=0.752 lr=[{'group': 'head', 'lr': 0.0005}]
[resnet18_feature_extraction] epoch 25/100 stage=head train_loss=0.9247 val_loss=1.0017 val_acc=0.771 val_macro_f1=0.764 lr=[{'group': 'head', 'lr': 0.0005}]
[resnet18_feature_extraction] epoch 26/100 stage=head train_loss=0.9067 val_loss=0.9831 val_acc=0.771 val_macro_f1=0.764 lr=[{'group': 'head', 'lr': 0.0005}]
[resnet18_feature_extraction] epoch 27/100 stage=head train_loss=0.8794 val_loss=0.9624 val_acc=0.783 val_macro_f1=0.777 lr=[{'group': 'head', 'lr': 0.0005}]
[resnet18_feature_extraction] epoch 28/100 stage=head train_loss=0.8572 val_loss=0.9427 val_acc=0.783 val_macro_f1=0.777 lr=[{'group': 'head', 'lr': 0.0005}]
[resnet18_feature_extraction] epoch 29/100 stage=head train_loss=0.8339 val_loss=0.9254 val_acc=0.783 val_macro_f1=0.777 lr=[{'group': 'head', 'lr': 0.0005}]
[resnet18_feature_extraction] epoch 30/100 stage=head train_loss=0.8207 val_loss=0.9081 val_acc=0.783 val_macro_f1=0.778 lr=[{'group': 'head', 'lr': 0.0005}]
[resnet18_feature_extraction] epoch 31/100 stage=head train_loss=0.7931 val_loss=0.8921 val_acc=0.777 val_macro_f1=0.771 lr=[{'group': 'head', 'lr': 0.0005}]
[resnet18_feature_extraction] epoch 32/100 stage=head train_loss=0.7776 val_loss=0.8763 val_acc=0.795 val_macro_f1=0.790 lr=[{'group': 'head', 'lr': 0.0005}]
[resnet18_feature_extraction] epoch 33/100 stage=head train_loss=0.7621 val_loss=0.8621 val_acc=0.795 val_macro_f1=0.790 lr=[{'group': 'head', 'lr': 0.0005}]
[resnet18_feature_extraction] epoch 34/100 stage=head train_loss=0.7430 val_loss=0.8493 val_acc=0.789 val_macro_f1=0.784 lr=[{'group': 'head', 'lr': 0.0005}]
[resnet18_feature_extraction] epoch 35/100 stage=head train_loss=0.7279 val_loss=0.8374 val_acc=0.807 val_macro_f1=0.802 lr=[{'group': 'head', 'lr': 0.0005}]
[resnet18_feature_extraction] epoch 36/100 stage=head train_loss=0.7076 val_loss=0.8250 val_acc=0.807 val_macro_f1=0.802 lr=[{'group': 'head', 'lr': 0.0005}]
[resnet18_feature_extraction] epoch 37/100 stage=head train_loss=0.6880 val_loss=0.8128 val_acc=0.807 val_macro_f1=0.803 lr=[{'group': 'head', 'lr': 0.0005}]
[resnet18_feature_extraction] epoch 38/100 stage=head train_loss=0.6938 val_loss=0.8017 val_acc=0.807 val_macro_f1=0.804 lr=[{'group': 'head', 'lr': 0.0005}]
[resnet18_feature_extraction] epoch 39/100 stage=head train_loss=0.6769 val_loss=0.7904 val_acc=0.819 val_macro_f1=0.816 lr=[{'group': 'head', 'lr': 0.0005}]
[resnet18_feature_extraction] epoch 40/100 stage=head train_loss=0.6699 val_loss=0.7800 val_acc=0.825 val_macro_f1=0.823 lr=[{'group': 'head', 'lr': 0.0005}]
[resnet18_feature_extraction] epoch 41/100 stage=head train_loss=0.6546 val_loss=0.7693 val_acc=0.825 val_macro_f1=0.824 lr=[{'group': 'head', 'lr': 0.0005}]
[resnet18_feature_extraction] epoch 42/100 stage=head train_loss=0.6302 val_loss=0.7598 val_acc=0.831 val_macro_f1=0.830 lr=[{'group': 'head', 'lr': 0.0005}]
[resnet18_feature_extraction] epoch 43/100 stage=head train_loss=0.6343 val_loss=0.7513 val_acc=0.831 val_macro_f1=0.830 lr=[{'group': 'head', 'lr': 0.0005}]
[resnet18_feature_extraction] epoch 44/100 stage=head train_loss=0.6107 val_loss=0.7441 val_acc=0.837 val_macro_f1=0.835 lr=[{'group': 'head', 'lr': 0.0005}]
[resnet18_feature_extraction] epoch 45/100 stage=head train_loss=0.6026 val_loss=0.7359 val_acc=0.825 val_macro_f1=0.822 lr=[{'group': 'head', 'lr': 0.0005}]
[resnet18_feature_extraction] epoch 46/100 stage=head train_loss=0.6083 val_loss=0.7265 val_acc=0.837 val_macro_f1=0.834 lr=[{'group': 'head', 'lr': 0.0005}]
[resnet18_feature_extraction] epoch 47/100 stage=head train_loss=0.5971 val_loss=0.7175 val_acc=0.837 val_macro_f1=0.835 lr=[{'group': 'head', 'lr': 0.0005}]
[resnet18_feature_extraction] epoch 48/100 stage=head train_loss=0.5838 val_loss=0.7099 val_acc=0.831 val_macro_f1=0.830 lr=[{'group': 'head', 'lr': 0.0005}]
[resnet18_feature_extraction] epoch 49/100 stage=head train_loss=0.5685 val_loss=0.7028 val_acc=0.849 val_macro_f1=0.848 lr=[{'group': 'head', 'lr': 0.0005}]
[resnet18_feature_extraction] epoch 50/100 stage=head train_loss=0.5616 val_loss=0.6971 val_acc=0.843 val_macro_f1=0.842 lr=[{'group': 'head', 'lr': 0.0005}]
[resnet18_feature_extraction] epoch 51/100 stage=head train_loss=0.5568 val_loss=0.6917 val_acc=0.843 val_macro_f1=0.841 lr=[{'group': 'head', 'lr': 0.0005}]
[resnet18_feature_extraction] epoch 52/100 stage=head train_loss=0.5555 val_loss=0.6856 val_acc=0.849 val_macro_f1=0.848 lr=[{'group': 'head', 'lr': 0.0005}]
[resnet18_feature_extraction] epoch 53/100 stage=head train_loss=0.5479 val_loss=0.6794 val_acc=0.843 val_macro_f1=0.842 lr=[{'group': 'head', 'lr': 0.0005}]
[resnet18_feature_extraction] epoch 54/100 stage=head train_loss=0.5267 val_loss=0.6721 val_acc=0.855 val_macro_f1=0.854 lr=[{'group': 'head', 'lr': 0.0005}]
[resnet18_feature_extraction] epoch 55/100 stage=head train_loss=0.5175 val_loss=0.6643 val_acc=0.849 val_macro_f1=0.848 lr=[{'group': 'head', 'lr': 0.0005}]
[resnet18_feature_extraction] epoch 56/100 stage=head train_loss=0.5304 val_loss=0.6584 val_acc=0.849 val_macro_f1=0.848 lr=[{'group': 'head', 'lr': 0.0005}]
[resnet18_feature_extraction] epoch 57/100 stage=head train_loss=0.5113 val_loss=0.6527 val_acc=0.849 val_macro_f1=0.848 lr=[{'group': 'head', 'lr': 0.0005}]
[resnet18_feature_extraction] epoch 58/100 stage=head train_loss=0.5027 val_loss=0.6488 val_acc=0.849 val_macro_f1=0.848 lr=[{'group': 'head', 'lr': 0.0005}]
[resnet18_feature_extraction] epoch 59/100 stage=head train_loss=0.4988 val_loss=0.6447 val_acc=0.849 val_macro_f1=0.848 lr=[{'group': 'head', 'lr': 0.0005}]
[resnet18_feature_extraction] epoch 60/100 stage=head train_loss=0.4794 val_loss=0.6396 val_acc=0.849 val_macro_f1=0.848 lr=[{'group': 'head', 'lr': 0.0005}]
[resnet18_feature_extraction] epoch 61/100 stage=head train_loss=0.5019 val_loss=0.6337 val_acc=0.855 val_macro_f1=0.854 lr=[{'group': 'head', 'lr': 0.0005}]
[resnet18_feature_extraction] epoch 62/100 stage=head train_loss=0.4798 val_loss=0.6284 val_acc=0.855 val_macro_f1=0.854 lr=[{'group': 'head', 'lr': 0.0005}]
[resnet18_feature_extraction] epoch 63/100 stage=head train_loss=0.4828 val_loss=0.6236 val_acc=0.855 val_macro_f1=0.854 lr=[{'group': 'head', 'lr': 0.0005}]
[resnet18_feature_extraction] epoch 64/100 stage=head train_loss=0.4597 val_loss=0.6191 val_acc=0.849 val_macro_f1=0.849 lr=[{'group': 'head', 'lr': 0.0005}]
[resnet18_feature_extraction] epoch 65/100 stage=head train_loss=0.4651 val_loss=0.6142 val_acc=0.843 val_macro_f1=0.842 lr=[{'group': 'head', 'lr': 0.0005}]
[resnet18_feature_extraction] epoch 66/100 stage=head train_loss=0.4635 val_loss=0.6099 val_acc=0.849 val_macro_f1=0.847 lr=[{'group': 'head', 'lr': 0.0005}]
[resnet18_feature_extraction] epoch 67/100 stage=head train_loss=0.4544 val_loss=0.6068 val_acc=0.849 val_macro_f1=0.848 lr=[{'group': 'head', 'lr': 0.0005}]
[resnet18_feature_extraction] epoch 68/100 stage=head train_loss=0.4498 val_loss=0.6033 val_acc=0.849 val_macro_f1=0.847 lr=[{'group': 'head', 'lr': 0.0005}]
[resnet18_feature_extraction] epoch 69/100 stage=head train_loss=0.4418 val_loss=0.5996 val_acc=0.849 val_macro_f1=0.847 lr=[{'group': 'head', 'lr': 0.0005}]
[resnet18_feature_extraction] epoch 70/100 stage=head train_loss=0.4478 val_loss=0.5955 val_acc=0.843 val_macro_f1=0.841 lr=[{'group': 'head', 'lr': 0.0005}]
[resnet18_feature_extraction] epoch 71/100 stage=head train_loss=0.4278 val_loss=0.5920 val_acc=0.843 val_macro_f1=0.841 lr=[{'group': 'head', 'lr': 0.0005}]
[resnet18_feature_extraction] epoch 72/100 stage=head train_loss=0.4310 val_loss=0.5892 val_acc=0.849 val_macro_f1=0.848 lr=[{'group': 'head', 'lr': 0.0005}]
[resnet18_feature_extraction] epoch 73/100 stage=head train_loss=0.4214 val_loss=0.5860 val_acc=0.843 val_macro_f1=0.842 lr=[{'group': 'head', 'lr': 0.0005}]
[resnet18_feature_extraction] epoch 74/100 stage=head train_loss=0.4259 val_loss=0.5821 val_acc=0.843 val_macro_f1=0.842 lr=[{'group': 'head', 'lr': 0.0005}]
[resnet18_feature_extraction] epoch 75/100 stage=head train_loss=0.4202 val_loss=0.5777 val_acc=0.849 val_macro_f1=0.847 lr=[{'group': 'head', 'lr': 0.0005}]
[resnet18_feature_extraction] epoch 76/100 stage=head train_loss=0.4190 val_loss=0.5738 val_acc=0.855 val_macro_f1=0.854 lr=[{'group': 'head', 'lr': 0.0005}]
[resnet18_feature_extraction] epoch 77/100 stage=head train_loss=0.4205 val_loss=0.5705 val_acc=0.849 val_macro_f1=0.847 lr=[{'group': 'head', 'lr': 0.0005}]
[resnet18_feature_extraction] epoch 78/100 stage=head train_loss=0.4057 val_loss=0.5684 val_acc=0.849 val_macro_f1=0.847 lr=[{'group': 'head', 'lr': 0.0005}]
[resnet18_feature_extraction] epoch 79/100 stage=head train_loss=0.4017 val_loss=0.5671 val_acc=0.837 val_macro_f1=0.836 lr=[{'group': 'head', 'lr': 0.0005}]
[resnet18_feature_extraction] epoch 80/100 stage=head train_loss=0.4001 val_loss=0.5643 val_acc=0.837 val_macro_f1=0.836 lr=[{'group': 'head', 'lr': 0.0005}]
[resnet18_feature_extraction] epoch 81/100 stage=head train_loss=0.3900 val_loss=0.5610 val_acc=0.843 val_macro_f1=0.842 lr=[{'group': 'head', 'lr': 0.0005}]
[resnet18_feature_extraction] epoch 82/100 stage=head train_loss=0.3934 val_loss=0.5563 val_acc=0.843 val_macro_f1=0.842 lr=[{'group': 'head', 'lr': 0.0005}]
[resnet18_feature_extraction] epoch 83/100 stage=head train_loss=0.3914 val_loss=0.5528 val_acc=0.843 val_macro_f1=0.842 lr=[{'group': 'head', 'lr': 0.0005}]
[resnet18_feature_extraction] epoch 84/100 stage=head train_loss=0.3875 val_loss=0.5508 val_acc=0.849 val_macro_f1=0.847 lr=[{'group': 'head', 'lr': 0.0005}]
[resnet18_feature_extraction] epoch 85/100 stage=head train_loss=0.3801 val_loss=0.5494 val_acc=0.849 val_macro_f1=0.847 lr=[{'group': 'head', 'lr': 0.0005}]
[resnet18_feature_extraction] epoch 86/100 stage=head train_loss=0.3813 val_loss=0.5481 val_acc=0.849 val_macro_f1=0.847 lr=[{'group': 'head', 'lr': 0.0005}]
[resnet18_feature_extraction] epoch 87/100 stage=head train_loss=0.3657 val_loss=0.5459 val_acc=0.843 val_macro_f1=0.842 lr=[{'group': 'head', 'lr': 0.0005}]
[resnet18_feature_extraction] epoch 88/100 stage=head train_loss=0.3646 val_loss=0.5426 val_acc=0.843 val_macro_f1=0.842 lr=[{'group': 'head', 'lr': 0.0005}]
[resnet18_feature_extraction] epoch 89/100 stage=head train_loss=0.3612 val_loss=0.5394 val_acc=0.843 val_macro_f1=0.842 lr=[{'group': 'head', 'lr': 0.0005}]
[resnet18_feature_extraction] epoch 90/100 stage=head train_loss=0.3663 val_loss=0.5365 val_acc=0.837 val_macro_f1=0.836 lr=[{'group': 'head', 'lr': 0.0005}]
[resnet18_feature_extraction] epoch 91/100 stage=head train_loss=0.3538 val_loss=0.5326 val_acc=0.843 val_macro_f1=0.842 lr=[{'group': 'head', 'lr': 0.0005}]
[resnet18_feature_extraction] epoch 92/100 stage=head train_loss=0.3624 val_loss=0.5300 val_acc=0.849 val_macro_f1=0.849 lr=[{'group': 'head', 'lr': 0.0005}]
[resnet18_feature_extraction] epoch 93/100 stage=head train_loss=0.3660 val_loss=0.5285 val_acc=0.849 val_macro_f1=0.849 lr=[{'group': 'head', 'lr': 0.0005}]
[resnet18_feature_extraction] epoch 94/100 stage=head train_loss=0.3592 val_loss=0.5271 val_acc=0.843 val_macro_f1=0.842 lr=[{'group': 'head', 'lr': 0.0005}]
[resnet18_feature_extraction] epoch 95/100 stage=head train_loss=0.3558 val_loss=0.5265 val_acc=0.837 val_macro_f1=0.836 lr=[{'group': 'head', 'lr': 0.0005}]
[resnet18_feature_extraction] epoch 96/100 stage=head train_loss=0.3473 val_loss=0.5241 val_acc=0.837 val_macro_f1=0.836 lr=[{'group': 'head', 'lr': 0.0005}]
[resnet18_feature_extraction] epoch 97/100 stage=head train_loss=0.3451 val_loss=0.5222 val_acc=0.837 val_macro_f1=0.836 lr=[{'group': 'head', 'lr': 0.0005}]
[resnet18_feature_extraction] epoch 98/100 stage=head train_loss=0.3353 val_loss=0.5214 val_acc=0.843 val_macro_f1=0.842 lr=[{'group': 'head', 'lr': 0.0005}]
[resnet18_feature_extraction] epoch 99/100 stage=head train_loss=0.3529 val_loss=0.5206 val_acc=0.855 val_macro_f1=0.854 lr=[{'group': 'head', 'lr': 0.0005}]
[resnet18_feature_extraction] epoch 100/100 stage=head train_loss=0.3435 val_loss=0.5180 val_acc=0.849 val_macro_f1=0.849 lr=[{'group': 'head', 'lr': 0.0005}]
[resnet18_feature_extraction] training end: best checkpoint chosen at epoch 54/100 by validation macro-F1 (val_macro_f1=0.8543 val_acc=0.8554)
[resnet18_feature_extraction] best checkpoint: artifacts/checkpoints/resnet18_feature_extraction.pt

Running ResNet18 fine-tuning [resnet18_fine_tuning]
[resnet18_fine_tuning] resume disabled; starting a fresh run
[resnet18_fine_tuning] epoch 01/100 stage=head train_loss=2.2778 val_loss=2.1628 val_acc=0.139 val_macro_f1=0.109 lr=[{'group': 'head', 'lr': 0.0005}]
[resnet18_fine_tuning] epoch 02/100 stage=head train_loss=2.1487 val_loss=2.0829 val_acc=0.163 val_macro_f1=0.137 lr=[{'group': 'head', 'lr': 0.0005}]
[resnet18_fine_tuning] epoch 03/100 stage=head train_loss=2.0600 val_loss=2.0112 val_acc=0.253 val_macro_f1=0.205 lr=[{'group': 'head', 'lr': 0.0005}]
[resnet18_fine_tuning] epoch 04/100 stage=head train_loss=1.9898 val_loss=1.9336 val_acc=0.307 val_macro_f1=0.261 lr=[{'group': 'head', 'lr': 0.0005}]
[resnet18_fine_tuning] epoch 05/100 stage=head train_loss=1.8935 val_loss=1.8555 val_acc=0.313 val_macro_f1=0.271 lr=[{'group': 'head', 'lr': 0.0005}]
[resnet18_fine_tuning] epoch 06/100 stage=head train_loss=1.8295 val_loss=1.7833 val_acc=0.386 val_macro_f1=0.349 lr=[{'group': 'head', 'lr': 0.0005}]
[resnet18_fine_tuning] epoch 07/100 stage=head train_loss=1.7441 val_loss=1.7164 val_acc=0.428 val_macro_f1=0.414 lr=[{'group': 'head', 'lr': 0.0005}]
[resnet18_fine_tuning] epoch 08/100 stage=head train_loss=1.6765 val_loss=1.6518 val_acc=0.518 val_macro_f1=0.512 lr=[{'group': 'head', 'lr': 0.0005}]
[resnet18_fine_tuning] epoch 09/100 stage=head train_loss=1.5906 val_loss=1.5903 val_acc=0.560 val_macro_f1=0.549 lr=[{'group': 'head', 'lr': 0.0005}]
[resnet18_fine_tuning] epoch 10/100 stage=head train_loss=1.5218 val_loss=1.5324 val_acc=0.584 val_macro_f1=0.566 lr=[{'group': 'head', 'lr': 0.0005}]
[resnet18_fine_tuning] epoch 11/100 stage=head train_loss=1.4742 val_loss=1.4785 val_acc=0.590 val_macro_f1=0.571 lr=[{'group': 'head', 'lr': 0.0005}]
[resnet18_fine_tuning] epoch 12/100 stage=head train_loss=1.4319 val_loss=1.4298 val_acc=0.596 val_macro_f1=0.565 lr=[{'group': 'head', 'lr': 0.0005}]
[resnet18_fine_tuning] epoch 13/100 stage=head train_loss=1.3687 val_loss=1.3814 val_acc=0.633 val_macro_f1=0.604 lr=[{'group': 'head', 'lr': 0.0005}]
[resnet18_fine_tuning] epoch 14/100 stage=head train_loss=1.3077 val_loss=1.3366 val_acc=0.663 val_macro_f1=0.643 lr=[{'group': 'head', 'lr': 0.0005}]
[resnet18_fine_tuning] epoch 15/100 stage=head train_loss=1.2663 val_loss=1.2959 val_acc=0.687 val_macro_f1=0.675 lr=[{'group': 'head', 'lr': 0.0005}]
[resnet18_fine_tuning] epoch 16/100 stage=head train_loss=1.2143 val_loss=1.2573 val_acc=0.687 val_macro_f1=0.678 lr=[{'group': 'head', 'lr': 0.0005}]
[resnet18_fine_tuning] epoch 17/100 stage=head train_loss=1.1782 val_loss=1.2212 val_acc=0.693 val_macro_f1=0.683 lr=[{'group': 'head', 'lr': 0.0005}]
[resnet18_fine_tuning] epoch 18/100 stage=head train_loss=1.1369 val_loss=1.1876 val_acc=0.711 val_macro_f1=0.702 lr=[{'group': 'head', 'lr': 0.0005}]
[resnet18_fine_tuning] epoch 19/100 stage=head train_loss=1.1083 val_loss=1.1563 val_acc=0.717 val_macro_f1=0.709 lr=[{'group': 'head', 'lr': 0.0005}]
[resnet18_fine_tuning] epoch 20/100 stage=head train_loss=1.0680 val_loss=1.1261 val_acc=0.711 val_macro_f1=0.702 lr=[{'group': 'head', 'lr': 0.0005}]
[resnet18_fine_tuning] epoch 21/100 stage=head train_loss=1.0289 val_loss=1.0976 val_acc=0.723 val_macro_f1=0.713 lr=[{'group': 'head', 'lr': 0.0005}]
[resnet18_fine_tuning] epoch 22/100 stage=head train_loss=1.0042 val_loss=1.0712 val_acc=0.717 val_macro_f1=0.705 lr=[{'group': 'head', 'lr': 0.0005}]
[resnet18_fine_tuning] epoch 23/100 stage=head train_loss=0.9850 val_loss=1.0466 val_acc=0.729 val_macro_f1=0.720 lr=[{'group': 'head', 'lr': 0.0005}]
[resnet18_fine_tuning] epoch 24/100 stage=head train_loss=0.9390 val_loss=1.0231 val_acc=0.759 val_macro_f1=0.752 lr=[{'group': 'head', 'lr': 0.0005}]
[resnet18_fine_tuning] epoch 25/100 stage=head train_loss=0.9247 val_loss=1.0017 val_acc=0.771 val_macro_f1=0.764 lr=[{'group': 'head', 'lr': 0.0005}]
[resnet18_fine_tuning] epoch 26/100 stage=head train_loss=0.9067 val_loss=0.9831 val_acc=0.771 val_macro_f1=0.764 lr=[{'group': 'head', 'lr': 0.0005}]
[resnet18_fine_tuning] epoch 27/100 stage=head train_loss=0.8794 val_loss=0.9624 val_acc=0.783 val_macro_f1=0.777 lr=[{'group': 'head', 'lr': 0.0005}]
[resnet18_fine_tuning] epoch 28/100 stage=head train_loss=0.8572 val_loss=0.9427 val_acc=0.783 val_macro_f1=0.777 lr=[{'group': 'head', 'lr': 0.0005}]
[resnet18_fine_tuning] epoch 29/100 stage=head train_loss=0.8339 val_loss=0.9254 val_acc=0.783 val_macro_f1=0.777 lr=[{'group': 'head', 'lr': 0.0005}]
[resnet18_fine_tuning] epoch 30/100 stage=head train_loss=0.8207 val_loss=0.9081 val_acc=0.783 val_macro_f1=0.778 lr=[{'group': 'head', 'lr': 0.0005}]
[resnet18_fine_tuning] epoch 31/100 stage=head train_loss=0.7931 val_loss=0.8921 val_acc=0.777 val_macro_f1=0.771 lr=[{'group': 'head', 'lr': 0.0005}]
[resnet18_fine_tuning] epoch 32/100 stage=head train_loss=0.7776 val_loss=0.8763 val_acc=0.795 val_macro_f1=0.790 lr=[{'group': 'head', 'lr': 0.0005}]
[resnet18_fine_tuning] epoch 33/100 stage=head train_loss=0.7621 val_loss=0.8621 val_acc=0.795 val_macro_f1=0.790 lr=[{'group': 'head', 'lr': 0.0005}]
[resnet18_fine_tuning] epoch 34/100 stage=layer4 train_loss=0.7203 val_loss=0.7577 val_acc=0.807 val_macro_f1=0.802 lr=[{'group': 'head', 'lr': 0.0005}, {'group': 'pretrained_backbone', 'lr': 1e-05}]
[resnet18_fine_tuning] epoch 35/100 stage=layer4 train_loss=0.6108 val_loss=0.6743 val_acc=0.825 val_macro_f1=0.822 lr=[{'group': 'head', 'lr': 0.0005}, {'group': 'pretrained_backbone', 'lr': 1e-05}]
[resnet18_fine_tuning] epoch 36/100 stage=layer4 train_loss=0.5077 val_loss=0.6155 val_acc=0.831 val_macro_f1=0.830 lr=[{'group': 'head', 'lr': 0.0005}, {'group': 'pretrained_backbone', 'lr': 1e-05}]
[resnet18_fine_tuning] epoch 37/100 stage=layer4 train_loss=0.4368 val_loss=0.5609 val_acc=0.849 val_macro_f1=0.847 lr=[{'group': 'head', 'lr': 0.0005}, {'group': 'pretrained_backbone', 'lr': 1e-05}]
[resnet18_fine_tuning] epoch 38/100 stage=layer4 train_loss=0.3987 val_loss=0.5181 val_acc=0.843 val_macro_f1=0.841 lr=[{'group': 'head', 'lr': 0.0005}, {'group': 'pretrained_backbone', 'lr': 1e-05}]
[resnet18_fine_tuning] epoch 39/100 stage=layer4 train_loss=0.3440 val_loss=0.4894 val_acc=0.849 val_macro_f1=0.850 lr=[{'group': 'head', 'lr': 0.0005}, {'group': 'pretrained_backbone', 'lr': 1e-05}]
[resnet18_fine_tuning] epoch 40/100 stage=layer4 train_loss=0.3194 val_loss=0.4593 val_acc=0.855 val_macro_f1=0.855 lr=[{'group': 'head', 'lr': 0.0005}, {'group': 'pretrained_backbone', 'lr': 1e-05}]
[resnet18_fine_tuning] epoch 41/100 stage=layer4 train_loss=0.2821 val_loss=0.4398 val_acc=0.861 val_macro_f1=0.857 lr=[{'group': 'head', 'lr': 0.0005}, {'group': 'pretrained_backbone', 'lr': 1e-05}]
[resnet18_fine_tuning] epoch 42/100 stage=layer4 train_loss=0.2475 val_loss=0.4255 val_acc=0.867 val_macro_f1=0.865 lr=[{'group': 'head', 'lr': 0.0005}, {'group': 'pretrained_backbone', 'lr': 1e-05}]
[resnet18_fine_tuning] epoch 43/100 stage=layer4 train_loss=0.2410 val_loss=0.4188 val_acc=0.867 val_macro_f1=0.867 lr=[{'group': 'head', 'lr': 0.0005}, {'group': 'pretrained_backbone', 'lr': 1e-05}]
[resnet18_fine_tuning] epoch 44/100 stage=layer4 train_loss=0.2146 val_loss=0.4078 val_acc=0.861 val_macro_f1=0.861 lr=[{'group': 'head', 'lr': 0.0005}, {'group': 'pretrained_backbone', 'lr': 1e-05}]
[resnet18_fine_tuning] epoch 45/100 stage=layer4 train_loss=0.1915 val_loss=0.3907 val_acc=0.873 val_macro_f1=0.870 lr=[{'group': 'head', 'lr': 0.0005}, {'group': 'pretrained_backbone', 'lr': 1e-05}]
[resnet18_fine_tuning] epoch 46/100 stage=layer4 train_loss=0.1937 val_loss=0.3835 val_acc=0.867 val_macro_f1=0.866 lr=[{'group': 'head', 'lr': 0.0005}, {'group': 'pretrained_backbone', 'lr': 1e-05}]
[resnet18_fine_tuning] epoch 47/100 stage=layer4 train_loss=0.1772 val_loss=0.3923 val_acc=0.873 val_macro_f1=0.873 lr=[{'group': 'head', 'lr': 0.0005}, {'group': 'pretrained_backbone', 'lr': 1e-05}]
[resnet18_fine_tuning] epoch 48/100 stage=layer4 train_loss=0.1662 val_loss=0.3924 val_acc=0.880 val_macro_f1=0.878 lr=[{'group': 'head', 'lr': 0.0005}, {'group': 'pretrained_backbone', 'lr': 1e-05}]
[resnet18_fine_tuning] epoch 49/100 stage=layer4 train_loss=0.1539 val_loss=0.3782 val_acc=0.873 val_macro_f1=0.871 lr=[{'group': 'head', 'lr': 0.0005}, {'group': 'pretrained_backbone', 'lr': 1e-05}]
[resnet18_fine_tuning] epoch 50/100 stage=layer4 train_loss=0.1446 val_loss=0.3818 val_acc=0.873 val_macro_f1=0.870 lr=[{'group': 'head', 'lr': 0.0005}, {'group': 'pretrained_backbone', 'lr': 1e-05}]
[resnet18_fine_tuning] epoch 51/100 stage=layer4 train_loss=0.1304 val_loss=0.3731 val_acc=0.880 val_macro_f1=0.879 lr=[{'group': 'head', 'lr': 0.0005}, {'group': 'pretrained_backbone', 'lr': 1e-05}]
[resnet18_fine_tuning] epoch 52/100 stage=layer4 train_loss=0.1270 val_loss=0.3606 val_acc=0.880 val_macro_f1=0.876 lr=[{'group': 'head', 'lr': 0.0005}, {'group': 'pretrained_backbone', 'lr': 1e-05}]
[resnet18_fine_tuning] epoch 53/100 stage=layer4 train_loss=0.1280 val_loss=0.3606 val_acc=0.880 val_macro_f1=0.877 lr=[{'group': 'head', 'lr': 0.0005}, {'group': 'pretrained_backbone', 'lr': 1e-05}]
[resnet18_fine_tuning] epoch 54/100 stage=layer4 train_loss=0.1057 val_loss=0.3541 val_acc=0.886 val_macro_f1=0.884 lr=[{'group': 'head', 'lr': 0.0005}, {'group': 'pretrained_backbone', 'lr': 1e-05}]
[resnet18_fine_tuning] epoch 55/100 stage=layer4 train_loss=0.1034 val_loss=0.3448 val_acc=0.892 val_macro_f1=0.889 lr=[{'group': 'head', 'lr': 0.0005}, {'group': 'pretrained_backbone', 'lr': 1e-05}]
[resnet18_fine_tuning] epoch 56/100 stage=layer4 train_loss=0.0995 val_loss=0.3565 val_acc=0.886 val_macro_f1=0.883 lr=[{'group': 'head', 'lr': 0.0005}, {'group': 'pretrained_backbone', 'lr': 1e-05}]
[resnet18_fine_tuning] epoch 57/100 stage=layer4 train_loss=0.0950 val_loss=0.3445 val_acc=0.886 val_macro_f1=0.883 lr=[{'group': 'head', 'lr': 0.0005}, {'group': 'pretrained_backbone', 'lr': 1e-05}]
[resnet18_fine_tuning] epoch 58/100 stage=layer4 train_loss=0.0846 val_loss=0.3400 val_acc=0.886 val_macro_f1=0.885 lr=[{'group': 'head', 'lr': 0.0005}, {'group': 'pretrained_backbone', 'lr': 1e-05}]
[resnet18_fine_tuning] epoch 59/100 stage=layer4 train_loss=0.0861 val_loss=0.3391 val_acc=0.892 val_macro_f1=0.891 lr=[{'group': 'head', 'lr': 0.0005}, {'group': 'pretrained_backbone', 'lr': 1e-05}]
[resnet18_fine_tuning] epoch 60/100 stage=layer4 train_loss=0.0731 val_loss=0.3443 val_acc=0.886 val_macro_f1=0.885 lr=[{'group': 'head', 'lr': 0.0005}, {'group': 'pretrained_backbone', 'lr': 1e-05}]
[resnet18_fine_tuning] epoch 61/100 stage=layer4 train_loss=0.0717 val_loss=0.3385 val_acc=0.898 val_macro_f1=0.896 lr=[{'group': 'head', 'lr': 0.0005}, {'group': 'pretrained_backbone', 'lr': 1e-05}]
[resnet18_fine_tuning] epoch 62/100 stage=layer4 train_loss=0.0556 val_loss=0.3377 val_acc=0.892 val_macro_f1=0.891 lr=[{'group': 'head', 'lr': 0.0005}, {'group': 'pretrained_backbone', 'lr': 1e-05}]
[resnet18_fine_tuning] epoch 63/100 stage=layer4 train_loss=0.0645 val_loss=0.3299 val_acc=0.904 val_macro_f1=0.903 lr=[{'group': 'head', 'lr': 0.0005}, {'group': 'pretrained_backbone', 'lr': 1e-05}]
[resnet18_fine_tuning] epoch 64/100 stage=layer4 train_loss=0.0555 val_loss=0.3303 val_acc=0.892 val_macro_f1=0.891 lr=[{'group': 'head', 'lr': 0.0005}, {'group': 'pretrained_backbone', 'lr': 1e-05}]
[resnet18_fine_tuning] epoch 65/100 stage=layer4 train_loss=0.0589 val_loss=0.3339 val_acc=0.898 val_macro_f1=0.896 lr=[{'group': 'head', 'lr': 0.0005}, {'group': 'pretrained_backbone', 'lr': 1e-05}]
[resnet18_fine_tuning] epoch 66/100 stage=layer4 train_loss=0.0582 val_loss=0.3431 val_acc=0.886 val_macro_f1=0.884 lr=[{'group': 'head', 'lr': 0.0005}, {'group': 'pretrained_backbone', 'lr': 1e-05}]
[resnet18_fine_tuning] epoch 67/100 stage=layer4 train_loss=0.0440 val_loss=0.3402 val_acc=0.892 val_macro_f1=0.891 lr=[{'group': 'head', 'lr': 0.0005}, {'group': 'pretrained_backbone', 'lr': 1e-05}]
[resnet18_fine_tuning] epoch 68/100 stage=layer4 train_loss=0.0477 val_loss=0.3432 val_acc=0.898 val_macro_f1=0.899 lr=[{'group': 'head', 'lr': 0.0005}, {'group': 'pretrained_backbone', 'lr': 1e-05}]
[resnet18_fine_tuning] epoch 69/100 stage=layer4 train_loss=0.0476 val_loss=0.3453 val_acc=0.892 val_macro_f1=0.892 lr=[{'group': 'head', 'lr': 0.0005}, {'group': 'pretrained_backbone', 'lr': 1e-05}]
[resnet18_fine_tuning] epoch 70/100 stage=layer4 train_loss=0.0497 val_loss=0.3419 val_acc=0.898 val_macro_f1=0.896 lr=[{'group': 'head', 'lr': 0.0005}, {'group': 'pretrained_backbone', 'lr': 1e-05}]
[resnet18_fine_tuning] epoch 71/100 stage=layer4 train_loss=0.0345 val_loss=0.3377 val_acc=0.904 val_macro_f1=0.900 lr=[{'group': 'head', 'lr': 0.0005}, {'group': 'pretrained_backbone', 'lr': 1e-05}]
[resnet18_fine_tuning] epoch 72/100 stage=layer4 train_loss=0.0371 val_loss=0.3287 val_acc=0.898 val_macro_f1=0.895 lr=[{'group': 'head', 'lr': 0.0005}, {'group': 'pretrained_backbone', 'lr': 1e-05}]
[resnet18_fine_tuning] epoch 73/100 stage=layer4 train_loss=0.0350 val_loss=0.3343 val_acc=0.892 val_macro_f1=0.891 lr=[{'group': 'head', 'lr': 0.0005}, {'group': 'pretrained_backbone', 'lr': 1e-05}]
[resnet18_fine_tuning] epoch 74/100 stage=layer4 train_loss=0.0402 val_loss=0.3400 val_acc=0.904 val_macro_f1=0.904 lr=[{'group': 'head', 'lr': 0.0005}, {'group': 'pretrained_backbone', 'lr': 1e-05}]
[resnet18_fine_tuning] epoch 75/100 stage=layer4 train_loss=0.0338 val_loss=0.3372 val_acc=0.904 val_macro_f1=0.903 lr=[{'group': 'head', 'lr': 0.0005}, {'group': 'pretrained_backbone', 'lr': 1e-05}]
[resnet18_fine_tuning] epoch 76/100 stage=layer4 train_loss=0.0364 val_loss=0.3234 val_acc=0.904 val_macro_f1=0.901 lr=[{'group': 'head', 'lr': 0.0005}, {'group': 'pretrained_backbone', 'lr': 1e-05}]
[resnet18_fine_tuning] epoch 77/100 stage=layer4 train_loss=0.0371 val_loss=0.3285 val_acc=0.898 val_macro_f1=0.896 lr=[{'group': 'head', 'lr': 0.0005}, {'group': 'pretrained_backbone', 'lr': 1e-05}]
[resnet18_fine_tuning] epoch 78/100 stage=layer4 train_loss=0.0329 val_loss=0.3411 val_acc=0.886 val_macro_f1=0.885 lr=[{'group': 'head', 'lr': 0.0005}, {'group': 'pretrained_backbone', 'lr': 1e-05}]
[resnet18_fine_tuning] epoch 79/100 stage=layer4 train_loss=0.0317 val_loss=0.3523 val_acc=0.892 val_macro_f1=0.889 lr=[{'group': 'head', 'lr': 0.0005}, {'group': 'pretrained_backbone', 'lr': 1e-05}]
[resnet18_fine_tuning] epoch 80/100 stage=layer4 train_loss=0.0252 val_loss=0.3452 val_acc=0.886 val_macro_f1=0.885 lr=[{'group': 'head', 'lr': 0.0005}, {'group': 'pretrained_backbone', 'lr': 1e-05}]
[resnet18_fine_tuning] epoch 81/100 stage=layer4 train_loss=0.0301 val_loss=0.3323 val_acc=0.898 val_macro_f1=0.898 lr=[{'group': 'head', 'lr': 0.0005}, {'group': 'pretrained_backbone', 'lr': 1e-05}]
[resnet18_fine_tuning] epoch 82/100 stage=layer4 train_loss=0.0278 val_loss=0.3378 val_acc=0.910 val_macro_f1=0.909 lr=[{'group': 'head', 'lr': 0.0005}, {'group': 'pretrained_backbone', 'lr': 1e-05}]
[resnet18_fine_tuning] epoch 83/100 stage=layer4 train_loss=0.0222 val_loss=0.3346 val_acc=0.910 val_macro_f1=0.909 lr=[{'group': 'head', 'lr': 0.0005}, {'group': 'pretrained_backbone', 'lr': 1e-05}]
[resnet18_fine_tuning] epoch 84/100 stage=layer4 train_loss=0.0240 val_loss=0.3484 val_acc=0.892 val_macro_f1=0.890 lr=[{'group': 'head', 'lr': 0.0005}, {'group': 'pretrained_backbone', 'lr': 1e-05}]
[resnet18_fine_tuning] epoch 85/100 stage=layer4 train_loss=0.0213 val_loss=0.3530 val_acc=0.892 val_macro_f1=0.890 lr=[{'group': 'head', 'lr': 0.0005}, {'group': 'pretrained_backbone', 'lr': 1e-05}]
[resnet18_fine_tuning] epoch 86/100 stage=layer4 train_loss=0.0243 val_loss=0.3356 val_acc=0.910 val_macro_f1=0.909 lr=[{'group': 'head', 'lr': 0.0005}, {'group': 'pretrained_backbone', 'lr': 1e-05}]
[resnet18_fine_tuning] epoch 87/100 stage=layer4 train_loss=0.0176 val_loss=0.3395 val_acc=0.910 val_macro_f1=0.910 lr=[{'group': 'head', 'lr': 0.0005}, {'group': 'pretrained_backbone', 'lr': 1e-05}]
[resnet18_fine_tuning] epoch 88/100 stage=layer4 train_loss=0.0255 val_loss=0.3281 val_acc=0.898 val_macro_f1=0.895 lr=[{'group': 'head', 'lr': 0.0005}, {'group': 'pretrained_backbone', 'lr': 1e-05}]
[resnet18_fine_tuning] epoch 89/100 stage=layer4 train_loss=0.0197 val_loss=0.3389 val_acc=0.898 val_macro_f1=0.896 lr=[{'group': 'head', 'lr': 0.0005}, {'group': 'pretrained_backbone', 'lr': 1e-05}]
[resnet18_fine_tuning] epoch 90/100 stage=layer4 train_loss=0.0217 val_loss=0.3416 val_acc=0.904 val_macro_f1=0.903 lr=[{'group': 'head', 'lr': 0.0005}, {'group': 'pretrained_backbone', 'lr': 1e-05}]
[resnet18_fine_tuning] epoch 91/100 stage=layer4 train_loss=0.0173 val_loss=0.3389 val_acc=0.904 val_macro_f1=0.905 lr=[{'group': 'head', 'lr': 0.0005}, {'group': 'pretrained_backbone', 'lr': 1e-05}]
[resnet18_fine_tuning] epoch 92/100 stage=layer4 train_loss=0.0161 val_loss=0.3425 val_acc=0.898 val_macro_f1=0.898 lr=[{'group': 'head', 'lr': 0.0005}, {'group': 'pretrained_backbone', 'lr': 1e-05}]
[resnet18_fine_tuning] epoch 93/100 stage=layer4 train_loss=0.0189 val_loss=0.3601 val_acc=0.898 val_macro_f1=0.896 lr=[{'group': 'head', 'lr': 0.0005}, {'group': 'pretrained_backbone', 'lr': 1e-05}]
[resnet18_fine_tuning] epoch 94/100 stage=layer4 train_loss=0.0162 val_loss=0.3504 val_acc=0.904 val_macro_f1=0.901 lr=[{'group': 'head', 'lr': 0.0005}, {'group': 'pretrained_backbone', 'lr': 1e-05}]
[resnet18_fine_tuning] epoch 95/100 stage=layer4 train_loss=0.0173 val_loss=0.3203 val_acc=0.910 val_macro_f1=0.909 lr=[{'group': 'head', 'lr': 0.0005}, {'group': 'pretrained_backbone', 'lr': 1e-05}]
[resnet18_fine_tuning] epoch 96/100 stage=layer4 train_loss=0.0130 val_loss=0.3222 val_acc=0.910 val_macro_f1=0.909 lr=[{'group': 'head', 'lr': 0.0005}, {'group': 'pretrained_backbone', 'lr': 1e-05}]
[resnet18_fine_tuning] epoch 97/100 stage=layer4 train_loss=0.0113 val_loss=0.3361 val_acc=0.916 val_macro_f1=0.915 lr=[{'group': 'head', 'lr': 0.0005}, {'group': 'pretrained_backbone', 'lr': 1e-05}]
[resnet18_fine_tuning] epoch 98/100 stage=layer4 train_loss=0.0159 val_loss=0.3338 val_acc=0.916 val_macro_f1=0.915 lr=[{'group': 'head', 'lr': 0.0005}, {'group': 'pretrained_backbone', 'lr': 1e-05}]
[resnet18_fine_tuning] epoch 99/100 stage=layer4 train_loss=0.0131 val_loss=0.3472 val_acc=0.910 val_macro_f1=0.910 lr=[{'group': 'head', 'lr': 0.0005}, {'group': 'pretrained_backbone', 'lr': 1e-05}]
[resnet18_fine_tuning] epoch 100/100 stage=layer4 train_loss=0.0156 val_loss=0.3575 val_acc=0.904 val_macro_f1=0.903 lr=[{'group': 'head', 'lr': 0.0005}, {'group': 'pretrained_backbone', 'lr': 1e-05}]
[resnet18_fine_tuning] training end: best checkpoint chosen at epoch 97/100 by validation macro-F1 (val_macro_f1=0.9147 val_acc=0.9157)
[resnet18_fine_tuning] best checkpoint: artifacts/checkpoints/resnet18_fine_tuning.pt

=== 4. Select final model from validation only ===
Selected resnet18_fine_tuning with validation macro-F1 0.9147
Promoted 13 checkpoints to artifacts\best_checkpoints; testing best_model.pt (sha256 7e530655d6f6c9b9)

=== 5. One frozen-test evaluation ===

=== 6. Cleaned unclean / unseen-class analysis ===
[skip] the unclean split at dataset/unclean holds no image files, so the cleaned-unclean and unseen-class analysis was skipped.

=== 7. Reports and production checkpoint ===

Project complete. See reports/final_report.md and reports/final_report.html

Process finished with exit code 0
