path,absolute_path,split,label,suffix,file_bytes,raw_sha256,pixel_sha256,format,mode,width,height,issues,dataset_path
ambulance/198727855.jpg,dataset/train/ambulance/198727855.jpg,train,ambulance,.jpg,25661,34a3d2a0f9a6cd04ee37ff87013942c5c9804f9effa6a53a44f3504fd0332446,74e6a5a66fd353852311c73e6b1d444737b3da84e0deaf04858cff4043e12feb,JPEG,RGB,328,365,[],dataset/train/ambulance/198727855.jpg
ambulance/199038575.jpg,dataset/train/ambulance/199038575.jpg,train,ambulance,.jpg,23769,e55dbf3a4316ff7fc028ea9fc7dfa8934bcc8cb3231dddfae6d749b716666531,119d6376bd296333d34a6d0813d35379d459200cd36d0c8d56a685dc9eb9fb5f,JPEG,RGB,315,373,[],dataset/train/ambulance/199038575.jpg
ambulance/199659807.jpg,dataset/train/ambulance/199659807.jpg,train,ambulance,.jpg,21679,c0170437458612b740d1dbb0bf8bac41156ea9c8027f3083d83f8cae7ad9d1b3,d7085f7b3a03ccf7c01501ed6889f04aee5123f5e8e2d90159e03873bbf9facc,JPEG,RGB,286,328,[],dataset/train/ambulance/199659807.jpg
ambulance/199984667.jpg,dataset/train/ambulance/199984667.jpg,train,ambulance,.jpg,23460,cadeafe38aee7ea8af881f0c6fb145e10f2fd0435895c7a878383f0f7ef2fd68,3ecd55afcddae3d9be969c51c15518e456a6524644ea9163ae9e19cdfba0eb7d,JPEG,RGB,269,397,[],dataset/train/ambulance/199984667.jpg
ambulance/203158523.jpg,dataset/train/ambulance/203158523.jpg,train,ambulance,.jpg,19488,fb36037376eb6e93a8ec9c67dc19fe0be30645d9cd4d86dc1e76a448942d617f,b356d81b21a74be81713a70d9a66afb07fd738caca498ba2a6080ea7d1499a8c,JPEG,RGB,270,355,[],dataset/train/ambulance/203158523.jpg
ambulance/203829862.jpg,dataset/train/ambulance/203829862.jpg,train,ambulance,.jpg,27171,563288e6bdc384a15024ba6158126ec8d37cfc14e2587c8a379aa75478aedac8,1ce24bb48af991e55bd05629442ac42082385c9b8471b36c39e794579b3735a4,JPEG,RGB,305,353,[],dataset/train/ambulance/203829862.jpg
ambulance/205326290.jpg,dataset/train/ambulance/205326290.jpg,train,ambulance,.jpg,16053,cff062351eb4437911215e9678446d5956a9a75bf12780120cf10f6913f64b33,edc44ea80e8405aef29bab731c014e71e5411984e0a236ee1fe71039bfeecdcb,JPEG,RGB,248,313,[],dataset/train/ambulance/205326290.jpg
ambulance/206808986.jpg,dataset/train/ambulance/206808986.jpg,train,ambulance,.jpg,21109,4a71d5dec64fb4531c91e6d62662cced4b7c24939f0859d109fa9f45913995c5,07cda3cbc5820241db8626c5e4ba598aefc1bf405db633d873ba708da47e0827,JPEG,RGB,279,366,[],dataset/train/ambulance/206808986.jpg
ambulance/208738861.jpg,dataset/train/ambulance/208738861.jpg,train,ambulance,.jpg,17092,60b31760f2a3e8e7fc31caeb80e70f75b177df8f22805bed32979f0d25ab3cb4,97796184f7997dd2b78f29b39ccab52404c635730869054f215e3115874439d6,JPEG,RGB,284,339,[],dataset/train/ambulance/208738861.jpg
ambulance/210178416.jpg,dataset/train/ambulance/210178416.jpg,train,ambulance,.jpg,12113,56ddc64103d87492c3aa01f8836d1bd679d7fe8ff322b7ca71a8be9d9aeb83d7,7b71c78cdad094cb32c3247bf727a1429c7049f3a2877d26414e0134a16e6fd6,JPEG,RGB,207,276,[],dataset/train/ambulance/210178416.jpg
ambulance/210925845.jpg,dataset/train/ambulance/210925845.jpg,train,ambulance,.jpg,18481,2374f527de6a7b52b4c260017c9607549264f624e540e36902129670700ca448,0213b0e1305297cee90e3d08079777331408709cd7bb6c643073016848c6fa4f,JPEG,RGB,299,374,[],dataset/train/ambulance/210925845.jpg
ambulance/211531125.jpg,dataset/train/ambulance/211531125.jpg,train,ambulance,.jpg,9533,38c6d506b0f10f99af6e6ecb06c2d0343494f49de5baacf61b2909a8be3a1b0c,7df4cfe72fa76cae491aab208a2b5d4241d4ddc92be9195025416f49bb46daa2,JPEG,RGB,156,216,[],dataset/train/ambulance/211531125.jpg
ambulance/212181645.jpg,dataset/train/ambulance/212181645.jpg,train,ambulance,.jpg,5000,3e0fffc657c8dda77740124902b5a7a68471879851804c94dadfe141be84bfd3,8257ec80dc42770cc2b5c083fc4a9f3d8a2fb9fdf3f4de54d4b3fb1eacec905f,JPEG,RGB,156,204,[],dataset/train/ambulance/212181645.jpg
ambulance/212304509.jpg,dataset/train/ambulance/212304509.jpg,train,ambulance,.jpg,8490,1b5723b5f0201d9f13999917bf20dfcc1f18a77057e33eb71b54e02882773d6b,b5952baf3973cc2636fc3e0fe0e9f3288271aa37780ef5212d49123e1d269cd1,JPEG,RGB,162,204,[],dataset/train/ambulance/212304509.jpg
ambulance/212921984.jpg,dataset/train/ambulance/212921984.jpg,train,ambulance,.jpg,8222,f0a870a9691859aa90f1abe689a2aabbe4945d1b6905c9a3a4947f9ac1c3e779,e6ae27c6d5e682ddbc64502ca517add06d65351d27ac04cda81850aea5df15d9,JPEG,RGB,171,228,[],dataset/train/ambulance/212921984.jpg
ambulance/213342200.jpg,dataset/train/ambulance/213342200.jpg,train,ambulance,.jpg,10634,1c7e09485a134ee3f42296dea93e028dcabdafdd9f7b701c2b978f6a296b89c8,9debf857e0020e48c5583efbc335e8b9918ada6ee4841067f1b6d8633f11d906,JPEG,RGB,189,252,[],dataset/train/ambulance/213342200.jpg
ambulance/213375240.jpg,dataset/train/ambulance/213375240.jpg,train,ambulance,.jpg,5799,0475cf40b38d37bb7ef0ada5c79fbeede7c2512557a359731c9d17a913a09214,91b289e3e0c64a0c9e617caa0a580bd120a0f2665d4d8d240c9e6b990f5f61bd,JPEG,RGB,165,216,[],dataset/train/ambulance/213375240.jpg
ambulance/213495669.jpg,dataset/train/ambulance/213495669.jpg,train,ambulance,.jpg,8803,aa114d0b0f69ea8a5a6038ebed71bf66e6af9bf6b6c1aecd57c5b89b678f5cb7,66f53d4e09964f875a8e2530ae12cb386309340d346715d5e439c2b9f241f0e1,JPEG,RGB,171,240,[],dataset/train/ambulance/213495669.jpg
ambulance/213615902.jpg,dataset/train/ambulance/213615902.jpg,train,ambulance,.jpg,10571,043925e9372d83e55a85bc3ae31c7f3e546bc0f7a14bf7ddf0fce1aa9398a222,3c3a367540047a93b3005386bdce3ad7f23fdcc0ebafed08fde0240ec73ab56b,JPEG,RGB,189,241,[],dataset/train/ambulance/213615902.jpg
ambulance/213796534.jpg,dataset/train/ambulance/213796534.jpg,train,ambulance,.jpg,11025,b5a373558e5754c877707112afd706ca0c958dcb9900ce302177bc3104da8184,7ad8626615a380aec0eac23f2b984c342ab17d0f0dfed426cecef2cc1b8645e4,JPEG,RGB,198,264,[],dataset/train/ambulance/213796534.jpg
ambulance/213801906.jpg,dataset/train/ambulance/213801906.jpg,train,ambulance,.jpg,8858,0d3c6484a0aaf991215408764a05ee85914dae4fca5080abacaad377515f3c82,21c66729efaf74d9bfe0a0c329e17cf7ca588e4307042a71ac64514ef390099b,JPEG,RGB,162,216,[],dataset/train/ambulance/213801906.jpg
ambulance/214162077.jpg,dataset/train/ambulance/214162077.jpg,train,ambulance,.jpg,7991,a9edddafd6e19260d088427bdf130332b93cacf5eae1c1df00db9d6d64aad237,e177e889e7a612586e51648bef5bb557afe96e9bcdb2aacbc935e404589a4a9b,JPEG,RGB,162,204,[],dataset/train/ambulance/214162077.jpg
ambulance/214215422.jpg,dataset/train/ambulance/214215422.jpg,train,ambulance,.jpg,9412,d51b40199dc5669a5913d6f06135f16acf01f901fd7609d85b787b6733bd3cb6,84ffc59bc902904ba6438ab37bc8414d8f46f5f7aceff612ad0d6a0a278d846f,JPEG,RGB,156,216,[],dataset/train/ambulance/214215422.jpg
ambulance/214289809.jpg,dataset/train/ambulance/214289809.jpg,train,ambulance,.jpg,8985,dc12988ebdaeb999435b957de8bad8f24fc74fb219573fa68d75d51d303de232,48ee22c0a2bcd5092ac7f3e7fde58fb907830d107f8db8662bcf490b80bfa474,JPEG,RGB,171,228,[],dataset/train/ambulance/214289809.jpg
ambulance/214425638.jpg,dataset/train/ambulance/214425638.jpg,train,ambulance,.jpg,10239,dad531cf6d2e6427064f046df3426ca0e9ea7f9c084fa160f1f4897f383d32e2,61840262aa754c818ae390a5fa3abbab2fcd11a7c60207adb7de8a6fd9bd2cd8,JPEG,RGB,207,273,[],dataset/train/ambulance/214425638.jpg
ambulance/214491147.jpg,dataset/train/ambulance/214491147.jpg,train,ambulance,.jpg,11910,8d952bc2d0259e283e491dc7c6057e5e74dd382ef2cb04cea26b37232e60e838,ee5ceda806724fe2a5c46fabb368cc096f4423c59cdf10938633cd332d7faf02,JPEG,RGB,198,276,[],dataset/train/ambulance/214491147.jpg
ambulance/214587510.jpg,dataset/train/ambulance/214587510.jpg,train,ambulance,.jpg,10234,d1e76b95fc4b409636876cf9f0833feee0534d507d0953c2856427964114c99a,e96e7e62f7b41510b9980e9199394653e5037a59381d56ccb1ee9b2b371f0a6b,JPEG,RGB,180,240,[],dataset/train/ambulance/214587510.jpg
ambulance/214803565.jpg,dataset/train/ambulance/214803565.jpg,train,ambulance,.jpg,11173,de3916b8c42b1a8f165a9d5ae5f469bab5f5b8884732c855a9205b31b74e575a,464da5d72fa5012b323acd7f3327df837d4d1e9916c6f73d5b7b821d98367fc7,JPEG,RGB,198,247,[],dataset/train/ambulance/214803565.jpg
ambulance/214830125.jpg,dataset/train/ambulance/214830125.jpg,train,ambulance,.jpg,11618,9ca6252c8e49b43e6c12c5547d65cc72619ab824839ab5b72208d1f78af2db29,54c9a656bb7a2a8904061a2c19bfffc2d2e7d53d7bdc573f060d5c8c7ee542bf,JPEG,RGB,198,264,[],dataset/train/ambulance/214830125.jpg
ambulance/214896720.jpg,dataset/train/ambulance/214896720.jpg,train,ambulance,.jpg,12398,aeb29b9d6c0f0e494104d4daa9949344ec2835bd318839785410b0e18284444a,ac8bcbd3d51ffe55e895b9f68501e82fb552488ba14a51c4595324b1b3b69361,JPEG,RGB,198,264,[],dataset/train/ambulance/214896720.jpg
ambulance/215056292.jpg,dataset/train/ambulance/215056292.jpg,train,ambulance,.jpg,9003,86e13fe484911ff30c130880e515053d81f42cd59ed7ff8e668e4e595870f3d0,de13eae86c445eacfd90784bbe8afd9c0a0d9fe8455d282d848bb70ca2b35367,JPEG,RGB,171,216,[],dataset/train/ambulance/215056292.jpg
ambulance/215093049.jpg,dataset/train/ambulance/215093049.jpg,train,ambulance,.jpg,9595,4b11d8fd35c12107489aa042041972fb6b9bf05e0cfb802915617037987d785a,76ca44ec02865e21a1227fb669f30ea989b3215c82e385959eab8df14b0a03ca,JPEG,RGB,171,228,[],dataset/train/ambulance/215093049.jpg
ambulance/215162191.jpg,dataset/train/ambulance/215162191.jpg,train,ambulance,.jpg,6479,0e15c9b1210ee11677199b62384ab8103cba05e197a72cb74a98859000f4ac3f,6c17c5ac4fa2045f76b6922ca47307a848c36d0efa9def8975602f7f8f69c274,JPEG,RGB,186,235,[],dataset/train/ambulance/215162191.jpg
ambulance/215164070.jpg,dataset/train/ambulance/215164070.jpg,train,ambulance,.jpg,12294,cc66f7e812fa873b89a589dfd8878a581f1afab69bb5b871e53f7c2422f23936,4ffa0208d6d54ff4363aaed0a5013e5ca4f250f64141ff8345d6b55d4897ca28,JPEG,RGB,207,263,[],dataset/train/ambulance/215164070.jpg
ambulance/215169753.jpg,dataset/train/ambulance/215169753.jpg,train,ambulance,.jpg,6733,7651219e9fe7f496b3e6afdc0664286565e6efb56f7ee8e37f318723be7de0c5,40ba2126bfb5201c2b2bac6a736e2b408d5542a5812ef686e6de5a9b74a81bd6,JPEG,RGB,120,168,[],dataset/train/ambulance/215169753.jpg
ambulance/215180455.jpg,dataset/train/ambulance/215180455.jpg,train,ambulance,.jpg,6959,ebc6c640c9c724fb9b7fba7d0551d19a1eb96338c661057bde344accd60dd7cc,fd6512aa9ec54048277d57ad07f1642ec3d8693ae4ed6826b234d22abc47ffeb,JPEG,RGB,150,204,[],dataset/train/ambulance/215180455.jpg
ambulance/215691126.jpg,dataset/train/ambulance/215691126.jpg,train,ambulance,.jpg,10897,9d756e9600a67abb25dbdad3c6963f4c7e6805216077b61b1a49704e95809012,e4b8d02408e0bf6b2315c8888180b19bd0d87fa51ee5585a8ac2b94788e8610b,JPEG,RGB,186,240,[],dataset/train/ambulance/215691126.jpg
ambulance/215713763.jpg,dataset/train/ambulance/215713763.jpg,train,ambulance,.jpg,7995,fe0e44a4db823b87e09833b87c3d95135fbdd024c7120af77e86e44d842ea2e5,ab49c2166a37d775a1dfc8dd14071b5668656f9370fb6ce32c348b29bbb5684b,JPEG,RGB,144,192,[],dataset/train/ambulance/215713763.jpg
ambulance/215714439.jpg,dataset/train/ambulance/215714439.jpg,train,ambulance,.jpg,10603,acbc88a402407434413662afbbf1b34c4d564a87fa714a70b7f91bca1dce45d6,964792708e420eebf7188d5df59f817f6031f057cd0f35ae96fece678475aa2f,JPEG,RGB,186,240,[],dataset/train/ambulance/215714439.jpg
ambulance/215775075.jpg,dataset/train/ambulance/215775075.jpg,train,ambulance,.jpg,10608,f71e6b7b602d36cf4afa1eab00b199d76aa63ca457c8b07481569f090e967366,812c67136a8e6a0735a36f87a9902af30021ab90e80b8ea1b400fde0ce77f059,JPEG,RGB,186,252,[],dataset/train/ambulance/215775075.jpg
ambulance/215818698.jpg,dataset/train/ambulance/215818698.jpg,train,ambulance,.jpg,10676,a2a69aff02f1a53e118e0f3a21b3cccabeec11abd90054303c4d047adb888a90,b1a7d4bfcf633bb3de44e2a48d81cdb6ac8bd6786e80f4d49bcfe4d3f5108a70,JPEG,RGB,189,252,[],dataset/train/ambulance/215818698.jpg
ambulance/215884349.jpg,dataset/train/ambulance/215884349.jpg,train,ambulance,.jpg,9895,a96dcce005e7887f1d5e52468f19c455ad3084e36966cd5c24d84b306acbe32d,a03ea7601553d20ae4e73ddd3f4da44ee4675835f7c62481a53286e4c0dc1a13,JPEG,RGB,186,252,[],dataset/train/ambulance/215884349.jpg
ambulance/215936132.jpg,dataset/train/ambulance/215936132.jpg,train,ambulance,.jpg,13824,b3cd236fe86325a69037ea9cc52b0037077b20edb9644c7e71c27e98af4bbe61,516b370bdece0197181dda64d97c651830441fbd004e99fd7463184ecdf78edc,JPEG,RGB,219,288,[],dataset/train/ambulance/215936132.jpg
ambulance/215951291.jpg,dataset/train/ambulance/215951291.jpg,train,ambulance,.jpg,7257,e0b287ccb6a8f2d1d199bc25a482447e3c4d4ed98626ac63d03e263613b01dc4,8e406d788af751cf640da501f382c42b824afc966a3c64daacf926726731134d,JPEG,RGB,150,192,[],dataset/train/ambulance/215951291.jpg
ambulance/215973116.jpg,dataset/train/ambulance/215973116.jpg,train,ambulance,.jpg,11136,b7aed29b56b3890b52fc0c8763d24ccad3803e62deb7edb40685ca6be190f4ce,ff6d86ac36e54b11462f23a114727bd7fdf98b1320ca542cffbd53f003bcfc5a,JPEG,RGB,177,240,[],dataset/train/ambulance/215973116.jpg
ambulance/216005219.jpg,dataset/train/ambulance/216005219.jpg,train,ambulance,.jpg,8828,47ebfa563b2c98a6c4e779c9460d3ee1230e8215878b57730df51a45ae7c95ad,210e1a1ee829c4880bc0160ab6c87570714b4623a4335e6224d9b2c56283d0bf,JPEG,RGB,165,216,[],dataset/train/ambulance/216005219.jpg
ambulance/216013688.jpg,dataset/train/ambulance/216013688.jpg,train,ambulance,.jpg,24152,04cfac4999de68d91e8bd7a95fa445478590e55c45258c3065f43df98165b1f8,eb179e3fd816af83a065393c8f162b5e5bd4fc06c5639d72abdcced47cd5eb4f,JPEG,RGB,270,361,[],dataset/train/ambulance/216013688.jpg
ambulance/216019173.jpg,dataset/train/ambulance/216019173.jpg,train,ambulance,.jpg,11380,eda4eabc2fdc861b8017eae0973c5a1655d5b22acabc7b7a7429bff19afb89ac,87505095fb59345ace33b568e84fb81d1d76cc9f748311768c9b19163cfa7a58,JPEG,RGB,177,240,[],dataset/train/ambulance/216019173.jpg
ambulance/216077999.jpg,dataset/train/ambulance/216077999.jpg,train,ambulance,.jpg,9122,414cc963ec9885c04c0df6ad81bacb6c3fc97c02f77528269146bf40191ec9ce,d14d5985a1f9783dc703236a9a0959460d458c42ced7a34484753a1fa05e9585,JPEG,RGB,207,276,[],dataset/train/ambulance/216077999.jpg
ambulance/216081108.jpg,dataset/train/ambulance/216081108.jpg,train,ambulance,.jpg,12644,07b78585b72fa1aa8bcded3f1f8844647cd8ad15d7d5585814c31c2665f2cb05,99f69e498f44215aa6e1e6a8a64df4c09a593b36ce34f55b9021b35db638b990,JPEG,RGB,207,272,[],dataset/train/ambulance/216081108.jpg
ambulance/216082736.jpg,dataset/train/ambulance/216082736.jpg,train,ambulance,.jpg,6726,e4c403a6cc5538fe8f1758a18269fe744756c1ce9add51491a017e617bc3b6f5,4fb3ea5da5b785a5301d0862119c7a373baffd933c332ba3c053f351a933c9ab,JPEG,RGB,186,252,[],dataset/train/ambulance/216082736.jpg
ambulance/216095686.jpg,dataset/train/ambulance/216095686.jpg,train,ambulance,.jpg,10953,c0b04c7e7d5ed722ecb9014cdd7e1977c501127121640d9cea83a22427639e43,1f2f473c52bd9acc574ab458cdefdce35e5edfbb2f2361c183340d1acda50f89,JPEG,RGB,180,240,[],dataset/train/ambulance/216095686.jpg
ambulance/216216403.jpg,dataset/train/ambulance/216216403.jpg,train,ambulance,.jpg,10569,9f51bc9ae0a22d8b9b53956fa9e8bb3359ae164a2b53b2fe9210017424fab9f7,e8308c8ed73e2fcb82d0ec978aa5c8b2b9ceb0d78eede831f01acd45a7b8dac2,JPEG,RGB,189,240,[],dataset/train/ambulance/216216403.jpg
ambulance/216219333.jpg,dataset/train/ambulance/216219333.jpg,train,ambulance,.jpg,8239,0b48e74ed2313872f2b39bd76f4454012346a726d57ee52460f7530cf3f73e0c,6796e2ccd3d2828ec439496cf836e5b3e1103cc10a24685d4370e6db6cc0d4a0,JPEG,RGB,165,216,[],dataset/train/ambulance/216219333.jpg
ambulance/216224583.jpg,dataset/train/ambulance/216224583.jpg,train,ambulance,.jpg,9236,9005dfbd338a8519cfe6bdf09a93c7039fc61e006d1ecb81229cd0f6e1cc1860,c21fbe06820278b93eee78869b13966cc01bc72b87787cf1e95bcbb2bcf2dcf2,JPEG,RGB,180,228,[],dataset/train/ambulance/216224583.jpg
ambulance/216449202.jpg,dataset/train/ambulance/216449202.jpg,train,ambulance,.jpg,9118,ffd3606fa1269dfa589b398043bf28015f8b799562b860bc06c8ea640121c8c6,88b65942227baf43d9b922d6a1b6a81935539b15af9e5d3ff64576e96580d7d9,JPEG,RGB,162,216,[],dataset/train/ambulance/216449202.jpg
ambulance/216527609.jpg,dataset/train/ambulance/216527609.jpg,train,ambulance,.jpg,8289,50af65e590ab522b7b880155f14643cb596f858de8caca73ed788bd482c20dda,4697812a839975985df2f7b11c89ef37dd08711323770bca83c8fa6ccbb6bec9,JPEG,RGB,207,274,[],dataset/train/ambulance/216527609.jpg
ambulance/216533019.jpg,dataset/train/ambulance/216533019.jpg,train,ambulance,.jpg,9769,19c901a6ee330b428fe71722a52ef9cbf690e5a325bb392fc7a7dd9a55a7e5d6,a2ad571ae9d522fdc431209cfce069834adbe94b0e1fa9b40ec5a2042043ed7d,JPEG,RGB,189,252,[],dataset/train/ambulance/216533019.jpg
ambulance/216657889.jpg,dataset/train/ambulance/216657889.jpg,train,ambulance,.jpg,8020,4914a9e4608e2717530fc4cb6e96d68a42604a78e28f6506a186a5b0b6caa165,3fe83fe4f2b725a240ca9a3a27e9fb23f5f537c391c84f66fe71dd685cd1cf08,JPEG,RGB,198,264,[],dataset/train/ambulance/216657889.jpg
ambulance/216673206.jpg,dataset/train/ambulance/216673206.jpg,train,ambulance,.jpg,10605,845b644ed3a25579602248bb6dc2554a9eea297dc98ff28b41bcf6ff83a3fd7a,ffde848562e5c75d0d2508efb9322caf4b867ac85ab4b745c0d163a56ec93a6d,JPEG,RGB,186,252,[],dataset/train/ambulance/216673206.jpg
ambulance/216676395.jpg,dataset/train/ambulance/216676395.jpg,train,ambulance,.jpg,5821,eafb94e1a5665a8b056d90ca065f3d522da12686ea7fda981c253444ea6b00ae,ee3235df301e51f3f5aecac110516c391f804506c2733849d4fb84899af11b22,JPEG,RGB,126,168,[],dataset/train/ambulance/216676395.jpg
ambulance/216702100.jpg,dataset/train/ambulance/216702100.jpg,train,ambulance,.jpg,9316,df7fa70b8efc160976ab1e06fa1f65f392715cc1b00517fea6e916439d22c93e,898b5cf418c9cca140831c805bf64705ee9d29ccfe7b35068bfc52a2f76d4335,JPEG,RGB,171,228,[],dataset/train/ambulance/216702100.jpg
ambulance/216756276.jpg,dataset/train/ambulance/216756276.jpg,train,ambulance,.jpg,9973,79c010c9662bc1b95abb8d5a1df0ccf357dac748e4d10e82808f9b45af999067,49eaa1387d048f7819c4af068720739f4e7f35f5ea85e3eef34c05c1fbf38fc5,JPEG,RGB,198,245,[],dataset/train/ambulance/216756276.jpg
ambulance/216773853.jpg,dataset/train/ambulance/216773853.jpg,train,ambulance,.jpg,8950,ecb360b8c26332e1c8765ea9c54f12bb7f2e22f2ce13c726fb24c1b507975627,80ac8cd54b6c151bb5b085ab5af50bea907d1dd4177baa95b3458173bd002aef,JPEG,RGB,198,252,[],dataset/train/ambulance/216773853.jpg
ambulance/216840747.jpg,dataset/train/ambulance/216840747.jpg,train,ambulance,.jpg,7201,d0aab19ce3a3720d5af940edf4172b9b8a251488bfd3c2685a17b5f973084dbc,5d380404c1a03bb9c2250ab81a9248085d6518c1e37fc1b36a13c927d1b0bff7,JPEG,RGB,150,192,[],dataset/train/ambulance/216840747.jpg
ambulance/216864213.jpg,dataset/train/ambulance/216864213.jpg,train,ambulance,.jpg,7204,1d8509d69cdce4bb1f3edbc54fc32fd09ae6f45f24a5493d07af8f401a65c6e9,6e2a606965b74118e4a70ae8c3533d9302ae491393d1160e27a2d3506fca4c5e,JPEG,RGB,198,264,[],dataset/train/ambulance/216864213.jpg
ambulance/216903655.jpg,dataset/train/ambulance/216903655.jpg,train,ambulance,.jpg,8387,d01db11e0c28d682a61d974f6a9a52f2c5767ab9cf333b2c07ed9036be4f8b11,98de8f04cbcb5d4b928a3f46214d188af115f0756cbc52f1e6c0bebe6479b7ad,JPEG,RGB,189,240,[],dataset/train/ambulance/216903655.jpg
ambulance/216915758.jpg,dataset/train/ambulance/216915758.jpg,train,ambulance,.jpg,11302,9b495dd8c43f9dc585dff7581e3a9d0489fc2b793116236f2b56b766add19df1,57debe6cb4fedf9fadcdd06388a715f4dd69f117e3f8a05691de501f5b37d0b3,JPEG,RGB,189,252,[],dataset/train/ambulance/216915758.jpg
ambulance/216974433.jpg,dataset/train/ambulance/216974433.jpg,train,ambulance,.jpg,25209,66d0de17665363db980ebed4ed9488f30ca28c417f513ee809d1b97f63ae17da,ecdcb52bd3921e01d8087516cfe7232126783c64acbc46f6fd570a33c6c4028a,JPEG,RGB,370,553,[],dataset/train/ambulance/216974433.jpg
ambulance/217040489.jpg,dataset/train/ambulance/217040489.jpg,train,ambulance,.jpg,7024,d531eba826795efce29951a20f5ca8a672b27a5cf93623996348f7f828c00e8b,363fd4183cd843f625a007698698772f99680cf3bdae8881d7ba2e7784980a8c,JPEG,RGB,135,180,[],dataset/train/ambulance/217040489.jpg
ambulance/217064467.jpg,dataset/train/ambulance/217064467.jpg,train,ambulance,.jpg,8848,910918a9fdc2dbfbb841750854fc22faf9f71fdba9827a13c84685a7754ab471,fbc956a4e2e98053f3317d06f71092bacdd37e265828995234499d3efa9317ca,JPEG,RGB,171,228,[],dataset/train/ambulance/217064467.jpg
ambulance/217073157.jpg,dataset/train/ambulance/217073157.jpg,train,ambulance,.jpg,9471,5be3d0a9641569b43344a7451862cf1a9a1993e6315f2763691162ed8bb59343,03de5180c7d7de4bc564c5052d736e159d3dd6247cbc3970565aac46b33a6797,JPEG,RGB,198,256,[],dataset/train/ambulance/217073157.jpg
ambulance/217155355.jpg,dataset/train/ambulance/217155355.jpg,train,ambulance,.jpg,6734,048d67d23bdd68b7650421a69dc7d166e6dbed87994d22a43755fb588354f3dd,aed91ade8669506b8125e40932809661a914742791d0b9191e05b3e0d5d40b83,JPEG,RGB,129,180,[],dataset/train/ambulance/217155355.jpg
ambulance/217165853.jpg,dataset/train/ambulance/217165853.jpg,train,ambulance,.jpg,9048,996121a573b1a97eee7929696c15427ca575982889886cf1a687b32fab0be087,512a9266e258fcc3783f066ffb7d711d73c633584761b98359d7c22bcc2e8691,JPEG,RGB,127,252,[],dataset/train/ambulance/217165853.jpg
ambulance/217165994.jpg,dataset/train/ambulance/217165994.jpg,train,ambulance,.jpg,9524,03a04ac00322ba5be83d3fc4e976e769a0ab39255357052d0197311b896e7922,45368475d20a85155efe20d140bd206b34ac720e3d3d6aca5e7131727d0b5080,JPEG,RGB,177,240,[],dataset/train/ambulance/217165994.jpg
ambulance/217206401.jpg,dataset/train/ambulance/217206401.jpg,train,ambulance,.jpg,8972,53226484f6ddf864f6b5a923745af3e6bdf41bb76b4794aa2cfa526ed16e179f,f452d9115148a03814c39c3c2275a90d7a1dc9a906a9b2dea9d06e1867a013b8,JPEG,RGB,156,216,[],dataset/train/ambulance/217206401.jpg
ambulance/217206506.jpg,dataset/train/ambulance/217206506.jpg,train,ambulance,.jpg,40623,57a98064f3f70199fcd1c22973ab8d7a70ebbea3fa0aae2382356f926d1f02c2,0f8d428f1cd12cfac2c3b0fa3e24984e0dfeada1af4ec60222bf060b96af9a56,JPEG,RGB,454,881,[],dataset/train/ambulance/217206506.jpg
ambulance/217226406.jpg,dataset/train/ambulance/217226406.jpg,train,ambulance,.jpg,6337,6f7402ef41753f4fc3bc2e15a5008f97876e83ce008226dfeffabfaac16cb6af,246708645a05f39dd9289abf495ad11b7913b84804ecb15ae1a5601e696677ad,JPEG,RGB,156,204,[],dataset/train/ambulance/217226406.jpg
ambulance/217239890.jpg,dataset/train/ambulance/217239890.jpg,train,ambulance,.jpg,7848,734490ff6adc08c09bb1e6bfb5789897f8c4b29e975b3a275c32019eaae78f18,fbf7dd696ee941aad2a3269f40ae8edafd7d7c31a7abe454423573a9437649e7,JPEG,RGB,171,228,[],dataset/train/ambulance/217239890.jpg
ambulance/217240526.jpg,dataset/train/ambulance/217240526.jpg,train,ambulance,.jpg,5729,af9d3378271649fb99e5397af1627c2805ac1aaef11a62f1f8f62b54238890e1,0825773b555ea6f5d9a85626191a3542ada0ce4f3ea543b41ca0c3eecce6112a,JPEG,RGB,177,240,[],dataset/train/ambulance/217240526.jpg
ambulance/217260292.jpg,dataset/train/ambulance/217260292.jpg,train,ambulance,.jpg,8269,0724a15dcb0d18f4e542f008f50d2b52f8d9eba167bcd41ad5ebb9a19d9b1933,215da0bd17d9534095b9b89592c70a2aedbc6b35cf439c793bf6ad77ba8cd60c,JPEG,RGB,177,236,[],dataset/train/ambulance/217260292.jpg
ambulance/217268786.jpg,dataset/train/ambulance/217268786.jpg,train,ambulance,.jpg,11606,8a4304621d1f07e703bd23c0374b6757d7fe1b9128c2e4520cc1fcb1ead5b315,9242a5c0e99f9c068caf79111772e23dd5a0fd614a55ad5fcb4e261e73353e97,JPEG,RGB,189,252,[],dataset/train/ambulance/217268786.jpg
ambulance/217369634.jpg,dataset/train/ambulance/217369634.jpg,train,ambulance,.jpg,9734,88527fb0d49ee0381247f505f7b2b965f687dbdeab518f5937f3961e04e06cf9,0d092bbbeedc9009451bbb27d6b9a251e127a956f48d6165f7cc72f9d7bc83a1,JPEG,RGB,162,216,[],dataset/train/ambulance/217369634.jpg
ambulance/217401029.jpg,dataset/train/ambulance/217401029.jpg,train,ambulance,.jpg,11062,6fdb2129d2ef9e9b551899267c322df4f48b6093b43e5776b9e0e4e02c7d698b,d3aaa89b0930c35a63df495907d1aafc5b3d2b2d23e074d721b3bf13fb0f3ae9,JPEG,RGB,171,228,[],dataset/train/ambulance/217401029.jpg
ambulance/217402945.jpg,dataset/train/ambulance/217402945.jpg,train,ambulance,.jpg,10973,22d69dc4ebd5cc97d0b50370815b7c48743899ead86e7123efb31de12612edb6,323b6ad25ebc9717b31d67ba4ef80d96f4639596bfe61150e3d2073fa800624b,JPEG,RGB,180,240,[],dataset/train/ambulance/217402945.jpg
ambulance/217477434.jpg,dataset/train/ambulance/217477434.jpg,train,ambulance,.jpg,5298,4d676c07531b090cacc827726a6d21485f3fc580767019e5d5e68028ce194b49,07ee47f3e1f9bc4ac2ace3abe7e2488c0e2057d9723694626788c71baf8860be,JPEG,RGB,180,228,[],dataset/train/ambulance/217477434.jpg
ambulance/217495327.jpg,dataset/train/ambulance/217495327.jpg,train,ambulance,.jpg,10041,e010050791b99914c553a58641c7f6eca42e74b03a86e2cb2041673b4948809d,fc64d7704cc8e89f2c49375d6daf343872858b48a08c47378e69eb17fa479b15,JPEG,RGB,186,240,[],dataset/train/ambulance/217495327.jpg
ambulance/217498407.jpg,dataset/train/ambulance/217498407.jpg,train,ambulance,.jpg,7928,063c83f75c1469985737679f79004b1e280ee097066cc449bc46404c6c60160f,43c384dc5333e520c151b38bb47ede4fc7ede229153f12fe3a22de9dde245ae6,JPEG,RGB,174,216,[],dataset/train/ambulance/217498407.jpg
ambulance/217504681.jpg,dataset/train/ambulance/217504681.jpg,train,ambulance,.jpg,10285,204fa9aee943945fc171c86ff9489c87649b1811631153290b0990a8915d62f1,2cfde9237ce597c612120161f7b70733c4109ca05a883655cef9d80dcd5b9fa1,JPEG,RGB,171,216,[],dataset/train/ambulance/217504681.jpg
ambulance/217506368.jpg,dataset/train/ambulance/217506368.jpg,train,ambulance,.jpg,11250,4b8d56b6182a4d9f887649d7c047b9fa163884396d24e9198efa3baa17b9f0d4,08771d6c0a42a513dad33c8b2c9a88a1a1d3610d04b8be0050d01c4b8441bc6e,JPEG,RGB,186,252,[],dataset/train/ambulance/217506368.jpg
ambulance/217579130.jpg,dataset/train/ambulance/217579130.jpg,train,ambulance,.jpg,9228,4f0a5cf82f534304eaaa3df692bdd11fdca9d39508be3d6ab0b51413e5c46dae,4ab887b14776789250f14347b16c943bf210108656d1bdb03c9b09742b447d21,JPEG,RGB,171,228,[],dataset/train/ambulance/217579130.jpg
ambulance/217584509.jpg,dataset/train/ambulance/217584509.jpg,train,ambulance,.jpg,9403,846e189746f8fc77d0b6ae8fbfed427d563bbcb3989e7121acdc354299b35053,26f4b579b8368776e6247f12e9081095c3422fb384165c387ad8d2596fa455ff,JPEG,RGB,162,216,[],dataset/train/ambulance/217584509.jpg
ambulance/217696116.jpg,dataset/train/ambulance/217696116.jpg,train,ambulance,.jpg,7997,2c9ed36ab7573b82871b23eefbc1fbab9c4890eb147a512b845dfa8fc8de88c8,c370502f588816986aa110e52f99faf2e023d9b57aeb48ae02e7ecf3cc21bd87,JPEG,RGB,189,252,[],dataset/train/ambulance/217696116.jpg
ambulance/217777782.jpg,dataset/train/ambulance/217777782.jpg,train,ambulance,.jpg,8363,20fcf38b2044575e3b26a1d79031b879d92813138489e7b440e49b994fce47e7,713ada5ae28bb5fed002bd974ce25706e85a6a53ad81531116edf5d75aee0896,JPEG,RGB,150,192,[],dataset/train/ambulance/217777782.jpg
ambulance/217910074.jpg,dataset/train/ambulance/217910074.jpg,train,ambulance,.jpg,11096,f41ac671dfae6a48a5079d2180188bc5fe7278c90664fb9f3d556e0aca13c2b2,d1bdd154394be2d52821f5fed222f7dfcae398f3f51e6363531b46030a6237af,JPEG,RGB,198,252,[],dataset/train/ambulance/217910074.jpg
ambulance/217955115.jpg,dataset/train/ambulance/217955115.jpg,train,ambulance,.jpg,5802,d43b7006e08a5a0b1d4ec4cfbcfcb11ccb25841cf8db609f0cbec1595a8c15a0,3f1ad4a957a75992c2f582aa42b0b077749a5ff73c4b458f759c791b2e090115,JPEG,RGB,186,240,[],dataset/train/ambulance/217955115.jpg
ambulance/218067329.jpg,dataset/train/ambulance/218067329.jpg,train,ambulance,.jpg,8128,0faaa963f72ecdc748b3c7e94684877d54d230f2aeb47bd25ebaff4bfb96501e,b6fc3850d38478f55049846b862295406c7a83c2336ea09d5b5720ca6ff8bb9e,JPEG,RGB,186,240,[],dataset/train/ambulance/218067329.jpg
ambulance/218069485.jpg,dataset/train/ambulance/218069485.jpg,train,ambulance,.jpg,12403,23485a332cd260632ceac755521c63f60d6dda292a308a029c4002417cfdbc46,b2253475323e26ca197e349e8d14c19e328f379225edfc6991a92abbcaef77d2,JPEG,RGB,189,252,[],dataset/train/ambulance/218069485.jpg
ambulance/218078334.jpg,dataset/train/ambulance/218078334.jpg,train,ambulance,.jpg,12235,dad16dc82a2b20074b9cc526fbf34aff6d3112a79d44a7ea8ea4a49018f65da0,962deddeac2bcaa709d5696bee8c2693af0e841519e62e3804440ad467fa7b17,JPEG,RGB,198,264,[],dataset/train/ambulance/218078334.jpg
ambulance/218089422.jpg,dataset/train/ambulance/218089422.jpg,train,ambulance,.jpg,22295,0583b30027b3d2b28a2de3d1ac70fe141d3667e2ed454eb93192c9dbe544325b,cb1eb8f3ebc65c8ccfae9bb35e5b7052f41e4f2404d2a5444eda440bafbbac02,JPEG,RGB,267,364,[],dataset/train/ambulance/218089422.jpg
ambulance/218107250.jpg,dataset/train/ambulance/218107250.jpg,train,ambulance,.jpg,10904,7e7052384fe6075b5734c5c593bc9ec4db16f1ac383be9db74f69160cbf6bc90,3eb68e0218945016a3b6bb44cc2f6c5c343c9bb20bd785b7197e7cb482f187f1,JPEG,RGB,278,350,[],dataset/train/ambulance/218107250.jpg
ambulance/218157597.jpg,dataset/train/ambulance/218157597.jpg,train,ambulance,.jpg,33934,6cf9088bc1b3f1d0a26d50c0cea07a9a06c9fae08acc3f8d9a1032eb62d06584,0d70a2a2ed436ad986dad645a75af0c7a7f5e1ac3a9ed8720601883db08e3b2e,JPEG,RGB,389,849,[],dataset/train/ambulance/218157597.jpg
ambulance/218197220.jpg,dataset/train/ambulance/218197220.jpg,train,ambulance,.jpg,10826,8f3702fc21d5259aae7605528aca87dd7d17c6a2f2af9442e352b5dd362a3cfd,b0bbf9041a713d01fb9e8b32619861594675d2478a4b931800b65ab4f59d8c1f,JPEG,RGB,171,216,[],dataset/train/ambulance/218197220.jpg
ambulance/218289823.jpg,dataset/train/ambulance/218289823.jpg,train,ambulance,.jpg,10928,27faf33ce86710a75eee9af6a183b2fd9a8c3d44458abe6646eee8cab1726a8a,edd3a80285379b5bbfd4241537f4e60c9923afcda457a953c40b1f164698e38c,JPEG,RGB,198,264,[],dataset/train/ambulance/218289823.jpg
ambulance/218314722.jpg,dataset/train/ambulance/218314722.jpg,train,ambulance,.jpg,16658,5635cb3723fc9a931d86ffe47a88a24812e059ffb5136c2ac24a36ad42fce467,87a8707fa35f33e829088522ea52a8a0523187ba0a4ac029c31a2908d9fb20cb,JPEG,RGB,300,347,[],dataset/train/ambulance/218314722.jpg
ambulance/218335016.jpg,dataset/train/ambulance/218335016.jpg,train,ambulance,.jpg,38147,fd8b50c60836740d2b51c8933f40d0a4a729d95523b9ded7ae04c5984cd5dda4,4e33ab5287a96672c78d3445f7f13d15a822951114a3ffe17e6dd569dc03d94b,JPEG,RGB,417,898,[],dataset/train/ambulance/218335016.jpg
ambulance/218343183.jpg,dataset/train/ambulance/218343183.jpg,train,ambulance,.jpg,34937,d2351e88878ec333143ced09866b5b702d41fde3b893e37b74a6d21c8c9d4224,09381400e9e5fbcf806f6a61c7d0c654e6541c317cc05d6b531c1d989f1f8f25,JPEG,RGB,390,870,[],dataset/train/ambulance/218343183.jpg
ambulance/218366611.jpg,dataset/train/ambulance/218366611.jpg,train,ambulance,.jpg,7866,e5b7f3a5fbb41bdfe790818fe1d1fc2fbcb1c39bacfc7adaf8e82924393d3557,fa674c589f09bd4b41c1efd88a99a0968d463fe70b7aa958dae5a407d147512e,JPEG,RGB,177,229,[],dataset/train/ambulance/218366611.jpg
ambulance/218417129.jpg,dataset/train/ambulance/218417129.jpg,train,ambulance,.jpg,8783,3535301dc8c269276f2bfab31d6d28bac9e63c65d6dbfd4a8e4eaa8963ca7ed5,a5faa06e5d2a07d8991593f81d4df683ef8fac5b6614c31b91f05511a969beec,JPEG,RGB,177,228,[],dataset/train/ambulance/218417129.jpg
ambulance/218460563.jpg,dataset/train/ambulance/218460563.jpg,train,ambulance,.jpg,6234,f0a23d0c73bcf8ce6f256caa60c9754d0621313a54717ade64ad4ff21fee100b,e8aba9901508669d69bb4113b7ef0344525503e05e0c2e7f886e44aabe49efc3,JPEG,RGB,150,204,[],dataset/train/ambulance/218460563.jpg
ambulance/218591595.jpg,dataset/train/ambulance/218591595.jpg,train,ambulance,.jpg,8736,797f377bdf95c2a2ea77decc32b434e4a17bfcd6d9dc8c651d4fd9524d2043bb,626c970f6cc3bb12ad69cb85fe198a45afc872427d105782abedf936cb9f5345,JPEG,RGB,162,216,[],dataset/train/ambulance/218591595.jpg
ambulance/218644798.jpg,dataset/train/ambulance/218644798.jpg,train,ambulance,.jpg,20073,80720a75b3af069c651c3f30bd529368c79624f873b269e9c82fee4059f5433f,e59f7ae16b3c8aabd6db4fce14cbc5da320804a6b01bbdf25c19bada419208a4,JPEG,RGB,282,354,[],dataset/train/ambulance/218644798.jpg
ambulance/218771670.jpg,dataset/train/ambulance/218771670.jpg,train,ambulance,.jpg,5928,321288c9644e56d409ca61f0259f1cecad865f92a4422f9101e8e707f25664f3,43bc5db8e4dd745438ef793b41dd1d61782b59035bd3db4e3d9a953ac8dcff27,JPEG,RGB,150,189,[],dataset/train/ambulance/218771670.jpg
ambulance/218819949.jpg,dataset/train/ambulance/218819949.jpg,train,ambulance,.jpg,11236,fa6b158915acec8c86665c0ac20fb68d4473c45fc7ce24e4554afd0b78d755ca,7806316a7439b29dc0e1f736c275ce0f3adfa3f803f28c5a4248dec554e2297d,JPEG,RGB,186,252,[],dataset/train/ambulance/218819949.jpg
ambulance/218852971.jpg,dataset/train/ambulance/218852971.jpg,train,ambulance,.jpg,10776,ef0c039b6bfa9bfb0e96ead633df4e91800fe46a75857cbb626c2a384b35309b,760f3954b2471fe59c7cf4783bd532cb3ad77a6af2abe4ee56cddee59397fa07,JPEG,RGB,207,264,[],dataset/train/ambulance/218852971.jpg
ambulance/218868478.jpg,dataset/train/ambulance/218868478.jpg,train,ambulance,.jpg,9121,709855591ba04ea70c0369d8b2511a390c91021ae8f8d6064e93a676eec40c67,26e081957171d8d00a008d1d94016a1b2e5e0884bf43d20c2fffebbf52a7de44,JPEG,RGB,165,216,[],dataset/train/ambulance/218868478.jpg
ambulance/218950212.jpg,dataset/train/ambulance/218950212.jpg,train,ambulance,.jpg,10573,138a186e35c4f6d1a1c284387ff326d5592d1dbe7c4e221caf274837d2ae351e,3a0613bd3fc3c6d047e0ea9a6ba8765ed98810bcb7b279085952dee068c32238,JPEG,RGB,186,252,[],dataset/train/ambulance/218950212.jpg
ambulance/218966979.jpg,dataset/train/ambulance/218966979.jpg,train,ambulance,.jpg,8609,61fbfb9b5e2525d4412296b09772823c70a35adb412470b839309c82f550ecda,10169607254b57117aba7b69cecbe1f69763497b15bd40afa1baf160f1af3335,JPEG,RGB,189,252,[],dataset/train/ambulance/218966979.jpg
ambulance/218967792.jpg,dataset/train/ambulance/218967792.jpg,train,ambulance,.jpg,9106,78f851740090afac21cd50d3297f133dffaa1ce261207153765daf1f68d7383e,aaf15637e9d36d54f1edc9b53232453e2550ae8f04ed6d5934d79d6d680a3dd9,JPEG,RGB,165,216,[],dataset/train/ambulance/218967792.jpg
ambulance/218976274.jpg,dataset/train/ambulance/218976274.jpg,train,ambulance,.jpg,9031,fd35554af1eecec31b3a4e94aa60ac216e3e31185d2edb69cba4f689b360ca89,72aeee3d1bdf3b926cd106b7c701df4d76fd2aeba41ecd5770f19cca0eb800dc,JPEG,RGB,168,228,[],dataset/train/ambulance/218976274.jpg
ambulance/219023494.jpg,dataset/train/ambulance/219023494.jpg,train,ambulance,.jpg,30097,5aabfff91b702e781dcbf260a43405bcbde878e3d2f1d7e7a4438b838fb5ed1a,10a4a7f32eb56a31acf2cfc6d991b433b1fd509e86549463e6e46bf28a398f5f,JPEG,RGB,321,812,[],dataset/train/ambulance/219023494.jpg
ambulance/219046558.jpg,dataset/train/ambulance/219046558.jpg,train,ambulance,.jpg,11665,80b2de078fead02cfa77470819e7dc4255d131e7c1a481421c971df87d9f05fc,4415c657b788697c76904459f6b15713b7dfb9cdb546b34be27b289aec79954b,JPEG,RGB,186,252,[],dataset/train/ambulance/219046558.jpg
ambulance/219048928.jpg,dataset/train/ambulance/219048928.jpg,train,ambulance,.jpg,9320,041c76d66225b1179615ecfcadc83b134ed9c0ddcfdca61b9261e2ec79029557,032164b391da5f26ec831ca97ca4487fea47ab4eb234d70b0ac864279be2bcd2,JPEG,RGB,189,244,[],dataset/train/ambulance/219048928.jpg
ambulance/219052793.jpg,dataset/train/ambulance/219052793.jpg,train,ambulance,.jpg,11199,04d8e277b7e978e57ba5a0804cd0d6a2adab1ab3b10a0d86ef553aee3cfbe088,4d05930f25a349baf5a2d15f0849b5b5991eba57b922811a218497c979554ea4,JPEG,RGB,186,249,[],dataset/train/ambulance/219052793.jpg
ambulance/219072781.jpg,dataset/train/ambulance/219072781.jpg,train,ambulance,.jpg,12439,3deb33c09cfc7fb5e0f752965a9c8e4086804268e390152e7808d847a8b77e36,1d33ba0b0b8178ae14864717e2e2d13e688a31ba1f780fc79ae06d9245123678,JPEG,RGB,198,256,[],dataset/train/ambulance/219072781.jpg
ambulance/219090066.jpg,dataset/train/ambulance/219090066.jpg,train,ambulance,.jpg,14197,75cdac20c25b3ba4510bb7c55930bf67eed99820ec15d335fc97e18b6bbba2bb,ff5af36837e3ad70ccea8bfcadd6545b25e5057647f198ffee2382250fd2b0bb,JPEG,RGB,201,264,[],dataset/train/ambulance/219090066.jpg
ambulance/219100814.jpg,dataset/train/ambulance/219100814.jpg,train,ambulance,.jpg,8451,d15c67c35fac3bda6b6b696ca37f254d591be32a958c0d6d822e989178b581b9,eaa37419628c556b2a6c7d4d3167f9de4256b7daec9e7f88b6a91ff30c565158,JPEG,RGB,171,228,[],dataset/train/ambulance/219100814.jpg
autobus/193229239.jpg,dataset/train/autobus/193229239.jpg,train,autobus,.jpg,12115,e216c4e684c99a54381d4267a74a1971e9f8c691792fff6668faefa6d17a8147,238a19362de461fa7c555ddfe24ba829f0d57c1602d45ed62e75ffad6b9354c9,JPEG,RGB,361,324,[],dataset/train/autobus/193229239.jpg
autobus/193813673.jpg,dataset/train/autobus/193813673.jpg,train,autobus,.jpg,16640,f41a0f05d950e23a87f79bfce9668392d720acfd666a5e492bc1e68e281c68dc,70427935e5e0135984332cf52d45e2d81bbaa53ce9ba2b1fb3cb69c201266176,JPEG,RGB,305,596,[],dataset/train/autobus/193813673.jpg
autobus/194279229.jpg,dataset/train/autobus/194279229.jpg,train,autobus,.jpg,23639,733e469f11bdc00ac6204bc75e0a845cab4e73740d2d913623e43b1c8c99bcb1,a68a1d7a7f3f9f15a6e7c890ccc9df77ab4046d382c01718c7c5240156f9e74a,JPEG,RGB,337,367,[],dataset/train/autobus/194279229.jpg
autobus/195459397.jpg,dataset/train/autobus/195459397.jpg,train,autobus,.jpg,27254,c3644d1abacc6f381bcde5b51735d681f49b1ba9e8b8eb88af452d6eb06e79bc,dc86392f4502aa183010a045bae7d2478e79b8ce4beaeb77116600234fe7c487,JPEG,RGB,415,398,[],dataset/train/autobus/195459397.jpg
autobus/197977992.jpg,dataset/train/autobus/197977992.jpg,train,autobus,.jpg,25752,b7569de51666961228c3069bc68103ea11a0b5ae0b579418eedfaa5c28672e80,64f4c47994839aee61222a77248ebb74a025212a787262e37c5f08188b9c61df,JPEG,RGB,348,450,[],dataset/train/autobus/197977992.jpg
autobus/198272507.jpg,dataset/train/autobus/198272507.jpg,train,autobus,.jpg,24888,f730c99e7b25d2772d7e7b406e1a547200491e7e590149e2bd67903f269e498b,04bb17118fc3f62ec2b939a625fcd7c60d4526975adab39b4d6163f9eab8278e,JPEG,RGB,395,438,[],dataset/train/autobus/198272507.jpg
autobus/198431566.jpg,dataset/train/autobus/198431566.jpg,train,autobus,.jpg,24791,0a5f9bf4c5a1326268e57a619a5d9f32c3eb0ce459ea200676c3c747acbd8187,442cbff75b411a77641a66a0cdf48a50619e8287fda523eff280e646834db0d8,JPEG,RGB,369,409,[],dataset/train/autobus/198431566.jpg
autobus/198592842.jpg,dataset/train/autobus/198592842.jpg,train,autobus,.jpg,23466,2a3f823952abdc545f4a6a2a60b9f0a5989d8009dfda896eaf95434f07491829,c49bc0d3967fac256e0bb36e0caa59c1650ee8c9a8d569eb669b116d387f6f39,JPEG,RGB,301,353,[],dataset/train/autobus/198592842.jpg
autobus/199033958.jpg,dataset/train/autobus/199033958.jpg,train,autobus,.jpg,11909,a18b7a21a2f1039019f1c54b8578ee86dd7d20f86726d29097fdfecbe3a534c2,ab366c0fc87c53bf4e974d892bcf0c5e3b3cfc78e4197fc073dbbbf2659d453d,JPEG,RGB,241,280,[],dataset/train/autobus/199033958.jpg
autobus/199115928.jpg,dataset/train/autobus/199115928.jpg,train,autobus,.jpg,33042,f6a7fd96b2191f6d3766163a8f2059dd4019ef3fc378245133ef61c974cdc860,7183a53e4a275e0fa06f941e316501dc882a53d42f427730f1b8807e5598e256,JPEG,RGB,349,450,[],dataset/train/autobus/199115928.jpg
autobus/199205393.jpg,dataset/train/autobus/199205393.jpg,train,autobus,.jpg,19635,b93edf93cfffc0e2f01adc695397683628b7c286742744f275c6a8c74aeda32d,d64f7133d3e929467c4b864234404cc9ce510cbeded13c3df0cb5e181b13375b,JPEG,RGB,279,400,[],dataset/train/autobus/199205393.jpg
autobus/199209846.jpg,dataset/train/autobus/199209846.jpg,train,autobus,.jpg,19841,1147738d528845e793ad3e70866171b9111c4d59aec638cca519d7e9d71893b7,b489bd038f68e747407f87bbfecedf14776fe01ec9acdbd46f39304142550a84,JPEG,RGB,362,450,[],dataset/train/autobus/199209846.jpg
autobus/199713076.jpg,dataset/train/autobus/199713076.jpg,train,autobus,.jpg,14098,df8c2d36a2a5ef4c5f3ca6695cd0ea10c1f0cf1b81a719ac88e54b8db4336cd3,2340e75e869ce54be41915eaed4d53b8b4a55ae8f70a5fdad0e12569fb693dd6,JPEG,RGB,250,300,[],dataset/train/autobus/199713076.jpg
autobus/199917107.jpg,dataset/train/autobus/199917107.jpg,train,autobus,.jpg,36274,63c522a95cbb5380d8f166922d82002e969a9cd9d742e8b9f7f86875dd9849da,261aa77e086f07167e71c6cd98edbf72f281eee8b1784bc36173200479d0209f,JPEG,RGB,327,439,[],dataset/train/autobus/199917107.jpg
autobus/200168649.jpg,dataset/train/autobus/200168649.jpg,train,autobus,.jpg,31271,f3d163b351c702b6338094121c3d96f1ddfe6330346c7ce208d927596f450659,2cee21ec1ff62fb59815f0080f226aea5e3f4eb9fd047547581bf3159111820c,JPEG,RGB,545,590,[],dataset/train/autobus/200168649.jpg
autobus/200699667.jpg,dataset/train/autobus/200699667.jpg,train,autobus,.jpg,29173,7e061f76f7f639a18d027eaa12ffce8c226ede2f65d9ed985887df6e5cc0a7ca,3622452d443df2eb90cfe83803e8034c3dd81d2b8fecf719f9f474f8aed3d8f9,JPEG,RGB,349,450,[],dataset/train/autobus/200699667.jpg
autobus/201816308.jpg,dataset/train/autobus/201816308.jpg,train,autobus,.jpg,34474,1ebcae0d7b5d8387c39ef6c37d7ab8c2b58fada9c6bcb581d4ee2eea25f5d37d,7b7e2d7b3bd28dfcceba8cac6e76da814961569c6d11d822c0357406bcb576a9,JPEG,RGB,371,450,[],dataset/train/autobus/201816308.jpg
autobus/202148987.jpg,dataset/train/autobus/202148987.jpg,train,autobus,.jpg,27178,29e2c4c40e4e385d5aede90285cd20f380fcd1e0e1197111595c2a2d077b6265,4572006d0783c8e59a0b8e9bd03d41e8339040dae39df766cf05580337864c71,JPEG,RGB,371,430,[],dataset/train/autobus/202148987.jpg
autobus/205052162.jpg,dataset/train/autobus/205052162.jpg,train,autobus,.jpg,25038,f9a4cc5aba5467b12b31ee024e436ae43056db3675ba1cffffca39b88f890513,dac0fcd4720e88c752d636d6166aef43dd966c9151b1b279de27424c5c77dc3e,JPEG,RGB,318,393,[],dataset/train/autobus/205052162.jpg
autobus/205096821.jpg,dataset/train/autobus/205096821.jpg,train,autobus,.jpg,28345,5f84e2dadffff8dd73bd58de58d27bcfa75314a6d9ce98ef77646ce917c0dc22,78cc16480d31108d2e77a64435eead79ecd3af195ca52ba3963bb49421e0347e,JPEG,RGB,323,430,[],dataset/train/autobus/205096821.jpg
autobus/205343679.jpg,dataset/train/autobus/205343679.jpg,train,autobus,.jpg,32997,36ee5a04676d753ec5491b95daf0e276a998861393c0e083cd6ab214968f4ce8,09bc26cc9a67bb531f920e992ca67dc7ad231b3ef3c15970ab354df6618f847b,JPEG,RGB,361,450,[],dataset/train/autobus/205343679.jpg
autobus/208843464.jpg,dataset/train/autobus/208843464.jpg,train,autobus,.jpg,14327,f7ee530d980e11946ee340a03015663a98c42b9a4c7236362cdc9e7b5c8124ca,f0f3fa2fb53d3ff32dc74f9aaa94c5051583ed0e2b34b880f2cfe7ac854917be,JPEG,RGB,341,450,[],dataset/train/autobus/208843464.jpg
autobus/209712474.jpg,dataset/train/autobus/209712474.jpg,train,autobus,.jpg,12292,91c2bd812c8bbdf54135f9a7f5e0e904f2b6cc3eb6db7076bc326f6671ac9b70,945d58bc43948d16406da35124577bc03f4577e0a3668e67b15badfe20316d06,JPEG,RGB,186,252,[],dataset/train/autobus/209712474.jpg
autobus/210029256.jpg,dataset/train/autobus/210029256.jpg,train,autobus,.jpg,42351,8640be7527b43935098164a978130e9ac126bc26041cc22ed0b95f42c7752bd6,dc67b459a0cd0d4bf048aa4e1145c56061cf164c11b25add20b03d13e97c3ef2,JPEG,RGB,419,448,[],dataset/train/autobus/210029256.jpg
autobus/210456615.jpg,dataset/train/autobus/210456615.jpg,train,autobus,.jpg,27781,8d0877cd620583a9dcc0855a496912ff7a51f02a5ca24058a4ee9fac4ad79770,51b9338fd697c8284ac017601a0bd37cff0a31c1e489feb066ca178e43d35084,JPEG,RGB,318,450,[],dataset/train/autobus/210456615.jpg
autobus/210733650.jpg,dataset/train/autobus/210733650.jpg,train,autobus,.jpg,15249,d95901c639674e8b5ad38abab0bef59da33ae94b8720b8372ccd822227d1d48d,9b8d09086e44fd4f351963450103ad0c48fdc980ab61af28ecf4de871960fb19,JPEG,RGB,338,448,[],dataset/train/autobus/210733650.jpg
autobus/211089191.jpg,dataset/train/autobus/211089191.jpg,train,autobus,.jpg,16479,8b7a33d49dbb788242076667a320ba263c29026ce2040727563993e70d0df16d,4b2ec8a48e5dfb59edc65fe8957baf6cd2c1422393a8544b1b9a67e5764f7ed7,JPEG,RGB,361,450,[],dataset/train/autobus/211089191.jpg
autobus/211794766.jpg,dataset/train/autobus/211794766.jpg,train,autobus,.jpg,9120,80a0df63b16c511106d2f55cc417674e3b3b62bef9445c574d2baff4b3d8e8ac,32b30d9ebcb7cad56e9c29c3a36f1bc9b27f83c1dee8e5c5e123a65853d6a58b,JPEG,RGB,180,228,[],dataset/train/autobus/211794766.jpg
autobus/213497548.jpg,dataset/train/autobus/213497548.jpg,train,autobus,.jpg,33435,f6ec21ff316f46f90f30f15117bd739400f2be9cf2a6640a1c1c80a28eaf0c4c,97e956157ad7ed42b8e944a15c77175f59381c4375c4f2c82a67244bee838246,JPEG,RGB,407,448,[],dataset/train/autobus/213497548.jpg
autobus/213632540.jpg,dataset/train/autobus/213632540.jpg,train,autobus,.jpg,14455,7ebe5bd0bfec6510d0f14161076b8e6ac657f438e1c4a8cbdb9a69822b4d7a9d,e38f2474d49e0a12f7f9b6938f165282836d5a1f8b18c464d9a74bc4b0b9b5b9,JPEG,RGB,353,448,[],dataset/train/autobus/213632540.jpg
autobus/213633279.jpg,dataset/train/autobus/213633279.jpg,train,autobus,.jpg,34043,a1fec9b1595e4d5b11186346a4f7b1dc0706296c1f32c25a6d68fb9a0f21798d,809666f595c555b8bccfda3d968454c28379a773eb309913991deabacf834110,JPEG,RGB,395,448,[],dataset/train/autobus/213633279.jpg
autobus/213843804.jpg,dataset/train/autobus/213843804.jpg,train,autobus,.jpg,15431,0b6d7dd3f0f3440c9d1b8893335a6283ebf821dcfb33164689d63cfc8f563c8a,43ca1aa91cf104c8ea395ddb33b943f76c0951d4a8f6009b8588c9b6330e2c7b,JPEG,RGB,370,448,[],dataset/train/autobus/213843804.jpg
autobus/214052917.jpg,dataset/train/autobus/214052917.jpg,train,autobus,.jpg,23510,0344ec5417613e759168c1a3da3baff5bccbc47aa6cc2e37c7d6560d4c37f620,c3926d863a2463d2ea3544c83a4111510fc52cfbf8bbc19a8f22e97e6d62bef6,JPEG,RGB,338,448,[],dataset/train/autobus/214052917.jpg
autobus/214357697.jpg,dataset/train/autobus/214357697.jpg,train,autobus,.jpg,10157,23c694e5871d4af61953e854a3ac0aaa809ed5c5146df119640f6d519ad583b1,70cdf8031bd6efedbc3d03518c6db86561728db6b0b674c1fdcc61117a2ba862,JPEG,RGB,198,252,[],dataset/train/autobus/214357697.jpg
autobus/214619456.jpg,dataset/train/autobus/214619456.jpg,train,autobus,.jpg,4500,05095a6cff9fd312faea919a5f62917f0547ee87e04c9813c12f4c6d4ecdf9b4,5e578d2ab988eaf0a755e3c1618d7dcc67b41cc03144b94385db5cb4eba7c09a,JPEG,RGB,156,204,[],dataset/train/autobus/214619456.jpg
autobus/214795472.jpg,dataset/train/autobus/214795472.jpg,train,autobus,.jpg,15669,4c80d81077d80770c41c0451c16bc4e9ce7a10b7dbf0c9deb43ff375c21e6359,c10a0699b7730d439784dcbccf2efbd52cdbd4637ec80fff9ce7d2c2f8baee30,JPEG,RGB,386,448,[],dataset/train/autobus/214795472.jpg
autobus/214804942.jpg,dataset/train/autobus/214804942.jpg,train,autobus,.jpg,9148,d35c486de86cc7a8fa701038ee4551fd1147d45c2e05707c28d81853759ed63b,94fcf10d68f470d6df773895663fb83eff4b03d50ea4417bb65fde47ef269e49,JPEG,RGB,189,249,[],dataset/train/autobus/214804942.jpg
autobus/215056927.jpg,dataset/train/autobus/215056927.jpg,train,autobus,.jpg,6582,66a865620562f776ad4d72ac6322bed55ec4de79ec5758bc19d7d5d18fabad0b,e73104e214ba7066a689a7194f69192619a7a3f5cadc0dde2b87a1566e6d8b98,JPEG,RGB,189,240,[],dataset/train/autobus/215056927.jpg
autobus/215151704.jpg,dataset/train/autobus/215151704.jpg,train,autobus,.jpg,16837,44e5276f2427e9731b165326e481d882746382437fd51907e1a0d03cdbb2903b,19f17256e8aa1dbf3c5bce1a34627e4c3bdb12b655a657ac90f292bca3b6aa4f,JPEG,RGB,371,448,[],dataset/train/autobus/215151704.jpg
autobus/215161403.jpg,dataset/train/autobus/215161403.jpg,train,autobus,.jpg,6305,d706b8bc1c876b9c1eb832bff369a014ced9ec32ab2d8b58affb78aa274251d3,e757876d2a7be6b3d2bd16613441cd57477580c7b7401da4086bdc2df9c795e8,JPEG,RGB,180,240,[],dataset/train/autobus/215161403.jpg
autobus/215521655.jpg,dataset/train/autobus/215521655.jpg,train,autobus,.jpg,8297,b41a10fd5cb323fe79a6d5d4489af33116318dd1ba6ae1a1357b7a71dba04aa9,bfb17f1b3c16bfb4c66c45380795e940a6dc96775dd28b9d96b648589b98d591,JPEG,RGB,171,228,[],dataset/train/autobus/215521655.jpg
autobus/215551069.jpg,dataset/train/autobus/215551069.jpg,train,autobus,.jpg,11411,af8fa14e0fb38d73c4ec5b3017add311401b35b0a39cbb08105b4567a973a457,67f1869e6700655ae69add7726c2413ab11def9fa60bcb490b46f9b6cd2e4151,JPEG,RGB,198,252,[],dataset/train/autobus/215551069.jpg
autobus/215587537.jpg,dataset/train/autobus/215587537.jpg,train,autobus,.jpg,9160,3c4c5f7c7ec4369cd6e8539b4c70177248b54aac398ae081fc381fb5ba293f6f,a7845a372ab2e37c98116f75aafb5ba5528b72517b204211a73ae40b8f8da7de,JPEG,RGB,198,252,[],dataset/train/autobus/215587537.jpg
autobus/215642404.jpg,dataset/train/autobus/215642404.jpg,train,autobus,.jpg,28126,b8a884e700a5569f01a728243c0c28ed9157f89fbdde6181025eb401d4c0ec0b,f572c4bd03d478bb69246645b2dcd5beef47b88593af1dc9738197df7a069039,JPEG,RGB,382,414,[],dataset/train/autobus/215642404.jpg
autobus/215655037.jpg,dataset/train/autobus/215655037.jpg,train,autobus,.jpg,30094,af9d243d62a11d06fdf33db915064ac8b201df5b737983892b0eadaf41a558ba,0a7dd94132cc2a8f03714499ce175d7efb7a2cdeff70a270324338a04865a13b,JPEG,RGB,344,444,[],dataset/train/autobus/215655037.jpg
autobus/215678079.jpg,dataset/train/autobus/215678079.jpg,train,autobus,.jpg,16379,386833cb794621700eea804fa935ca4a8de020fc3e71cabee37a7244725903ea,a44b0f7f4a579336c08884ed8588198c4160dec8ee265ff56e1d4309859c35a8,JPEG,RGB,356,448,[],dataset/train/autobus/215678079.jpg
autobus/215685399.jpg,dataset/train/autobus/215685399.jpg,train,autobus,.jpg,6307,cb16798952bd2c572314b12c58af059b442cd2fddbfeec1d78ef726fda6735b6,38840231bf12031dc5e4d90a936d9a433a10a1da3e796c44097622c732a03808,JPEG,RGB,198,264,[],dataset/train/autobus/215685399.jpg
autobus/215752917.jpg,dataset/train/autobus/215752917.jpg,train,autobus,.jpg,13055,f6378c0dfc79fc21a690d6e72efe9a3546e31170aa5b281eb47350c6469b399f,279830378f3e4e9250741a05e547a771a107f7c0a4c9801eb2ff5a0e1335bc84,JPEG,RGB,331,448,[],dataset/train/autobus/215752917.jpg
autobus/215792046.jpg,dataset/train/autobus/215792046.jpg,train,autobus,.jpg,14732,541eac94019ec5d7136d4cbe6b5872397fbf253c43f012dccc45c0e74da598e3,9197cde05118e7805d1a9dc997083daef291a3a92ef4a10574059eb270341b7b,JPEG,RGB,355,448,[],dataset/train/autobus/215792046.jpg
autobus/215799691.jpg,dataset/train/autobus/215799691.jpg,train,autobus,.jpg,8157,7c3a9df3354c567a969343d6b84ee9595df855702b7265bceae45b1b1d1af25c,e432a309735c03185d42b3c0e0b59ce5e03459d8b8ef3de4aa9f488b0d8cd1bc,JPEG,RGB,171,228,[],dataset/train/autobus/215799691.jpg
autobus/215825621.jpg,dataset/train/autobus/215825621.jpg,train,autobus,.jpg,17349,990872b881c822778f9f725f27d1ef87f59bf3b97467f7eb6bf719d3ca73ff56,80a00a905c4d9ca93a8f2c777aa1acb7f529ed97189d32d94d97188d5604de87,JPEG,RGB,403,448,[],dataset/train/autobus/215825621.jpg
autobus/215825639.jpg,dataset/train/autobus/215825639.jpg,train,autobus,.jpg,16879,7512b50408a5311ccd099782ec8e0593615bbc51c8a26ba382a0cf52cd43b3ba,195b930be78a555fb5c0ed2a5b4a4e7d0e8323ddfd85dadd5d0a198668a09f9b,JPEG,RGB,344,448,[],dataset/train/autobus/215825639.jpg
autobus/215825871.jpg,dataset/train/autobus/215825871.jpg,train,autobus,.jpg,7070,bbdcb9615d8f04d23384a0e9014ff0f67cfc6949ed54ac469f41aad26d0c1564,eaca6bb36cf0be4ccd5ad7509bf8628180430dc66dd019bbaed7ca0b47d6434f,JPEG,RGB,207,265,[],dataset/train/autobus/215825871.jpg
autobus/215829949.jpg,dataset/train/autobus/215829949.jpg,train,autobus,.jpg,29651,31ee47ddab4711b4526e3ff96684f5fe90441551c4d546e03d93b4d333b2f3c2,a68d9a02a1a3a46292fa409e8eef853db28d0f6938d3d29aa5dbb21fbe415cef,JPEG,RGB,373,419,[],dataset/train/autobus/215829949.jpg
autobus/215856085.jpg,dataset/train/autobus/215856085.jpg,train,autobus,.jpg,6894,d53964afb7264a24f0d5c9c535ad902324876727dd2a8a4324159cba80a2dd84,64d19a2cbfb01daeeacfba87c537f5061cc2c525d665b7cd5cee9ab80a95752e,JPEG,RGB,186,252,[],dataset/train/autobus/215856085.jpg
autobus/215865900.jpg,dataset/train/autobus/215865900.jpg,train,autobus,.jpg,15531,98844fd48df3cb625d9eea61c198cbaf0a91b77e0a930ec59551f553b7309d5d,10c2cd3c97d909da83501d30eb9cccb4b3528200d3c38e6de99728c0535c2752,JPEG,RGB,341,448,[],dataset/train/autobus/215865900.jpg
autobus/215923574.jpg,dataset/train/autobus/215923574.jpg,train,autobus,.jpg,6599,fe4b3d088b33de5c319b300c3d0506fefe171a37f2ab2216b8eac64cfb9974c1,109fbc7f6a720af6ab5b509bbf1e1e16d1a0d0565fd629fb0ee4339fad835d03,JPEG,RGB,195,264,[],dataset/train/autobus/215923574.jpg
autobus/215989141.jpg,dataset/train/autobus/215989141.jpg,train,autobus,.jpg,6416,2fe194371a27cab43fb5d379febfffd7fe529babe6f5d8f324771241895e7d03,ecd2d598ba0f1234e4ac90e9f82c9284efe246f9b696aadfce0af24cd4dd6c07,JPEG,RGB,198,245,[],dataset/train/autobus/215989141.jpg
autobus/215992943.jpg,dataset/train/autobus/215992943.jpg,train,autobus,.jpg,16678,061fe9fba927d86211d229d9879f0c45f8a67be50f3abb4b9a9894d88b73ffe7,496bd3ee309865022134c652afd9378f2c7c47d1be7268b31e3065537acadddd,JPEG,RGB,349,448,[],dataset/train/autobus/215992943.jpg
autobus/216021441.jpg,dataset/train/autobus/216021441.jpg,train,autobus,.jpg,36319,f98cfed1e0acc2a17742905f93b7682975fb5756d1eed62739ca1415f44550aa,90cb427ad4815ab435512c4af069b0bb93f6a975a953e824edda4749b3924f35,JPEG,RGB,388,442,[],dataset/train/autobus/216021441.jpg
autobus/216037448.jpg,dataset/train/autobus/216037448.jpg,train,autobus,.jpg,31474,e944531a934ceb49e27ea25dacb7ccecd14e86a1ed37a1bf50ee7532965c2476,939208412073908ffbc9aa5f690caf0387a79ef4007fa0fe3ef2c8bdee819771,JPEG,RGB,352,448,[],dataset/train/autobus/216037448.jpg
autobus/216060637.jpg,dataset/train/autobus/216060637.jpg,train,autobus,.jpg,16070,139ef9ce879c6236aa0d2725021c8227bf484aa1e5444099de9a40b449c8b54c,0e2bd172fcfcdd88206c787395619c7e30534e906ebdf6e1ff45fe4b99cfe1ea,JPEG,RGB,340,448,[],dataset/train/autobus/216060637.jpg
autobus/216079914.jpg,dataset/train/autobus/216079914.jpg,train,autobus,.jpg,17874,730ab8a6eedc88ec55af9a952c961d5601a04a298e382409d37f45e76928afde,4500959c94618cffa419fb1a8304e29c869dd13d18d3daa305bc5ba7c4d75673,JPEG,RGB,406,448,[],dataset/train/autobus/216079914.jpg
autobus/216086020.jpg,dataset/train/autobus/216086020.jpg,train,autobus,.jpg,14266,83abb06f1b7ef843b322606dee153b2a5f4880a4ccb8d6bf669ae93062948335,1b95c9a7504f347b6d548013e16e5db354dae29d243f7cd6f843812817e617cd,JPEG,RGB,343,448,[],dataset/train/autobus/216086020.jpg
autobus/216118215.jpg,dataset/train/autobus/216118215.jpg,train,autobus,.jpg,14297,37976a9169db4ebf47c64729ce4624d72188c9cb565f78f26c9dc64545e98926,c5304d9f4e8c5404af284c5d1c367040bda23844460b4d278afc4de4b23b6346,JPEG,RGB,337,448,[],dataset/train/autobus/216118215.jpg
autobus/216159953.jpg,dataset/train/autobus/216159953.jpg,train,autobus,.jpg,20243,3e77232352ce272d6cc4afdc625af8b59358710805b64ae21307cae975dc7f08,d34ea300a6ab5cacca91fbec8ffcce4880831543da5de54ed3b1f537bebdc7a1,JPEG,RGB,470,448,[],dataset/train/autobus/216159953.jpg
autobus/216162374.jpg,dataset/train/autobus/216162374.jpg,train,autobus,.jpg,14160,2c52b421ef8554e9a7160e3bf975c07995ac6def7a9ae53787e139308f18bd9e,fd9577cc8ee8cee06705c50a6ea40d9fd95041744a9872e067854285fc604f7f,JPEG,RGB,361,448,[],dataset/train/autobus/216162374.jpg
autobus/216169926.jpg,dataset/train/autobus/216169926.jpg,train,autobus,.jpg,14296,2abd571857b3d54ee935fd87df7df8a8a10344d007d7b9f5cb1aaa139a5f4868,715e8f882b3133500bdd1bf3fa19539dfa6f6565a186746022872e2bf8cc4282,JPEG,RGB,357,448,[],dataset/train/autobus/216169926.jpg
autobus/216240222.jpg,dataset/train/autobus/216240222.jpg,train,autobus,.jpg,14804,9ba2f65cfe2fc637153d3c2d9e838790cae87e50dc6ed41cdb383bbe3d411750,b6c923ad10b74a8894278eb1c9e8054da5a11fb112a1b170fa7559b3ac66833d,JPEG,RGB,339,448,[],dataset/train/autobus/216240222.jpg
autobus/216256289.jpg,dataset/train/autobus/216256289.jpg,train,autobus,.jpg,6698,25b6521d6bd763970bd008a954a8f58eee799bc9f4eca157ba58100d3fc892ab,161ec0eb5d26106fc2ac03d85bbd3a05a7662812d36b37593b7909e21d5a631d,JPEG,RGB,198,264,[],dataset/train/autobus/216256289.jpg
autobus/216309415.jpg,dataset/train/autobus/216309415.jpg,train,autobus,.jpg,11234,d596f3309091edd5228c6c543d1feac4cf415a0221ecb2ada094b49a8a1b07f0,d9ebf8f404ad4db114299079901ae0b135ffc59510d4b7c5f6fc7516a84b192e,JPEG,RGB,198,252,[],dataset/train/autobus/216309415.jpg
autobus/216318824.jpg,dataset/train/autobus/216318824.jpg,train,autobus,.jpg,28975,a59bf2da3805155665e2c7a4172f4043a27e899dbbb9817010bd4452a0bb083d,15b0ad0ed5d753d29f363975d7835bf27fb64ec93f15b4755d3c59d31a977654,JPEG,RGB,365,448,[],dataset/train/autobus/216318824.jpg
autobus/216324107.jpg,dataset/train/autobus/216324107.jpg,train,autobus,.jpg,6882,c204c056a9f840d12c77956a575d9086bc88c160d2a8e3554cb1914832164a7d,775f4056b387f69ed578dcedb8a6f17c2ebb399793fe290c0927a8930f8255bc,JPEG,RGB,198,264,[],dataset/train/autobus/216324107.jpg
autobus/216357562.jpg,dataset/train/autobus/216357562.jpg,train,autobus,.jpg,6568,e6bba4cf9a9c28e52ca5a804a881f2ae7531d6a5275a4a9dfea9fd8c704599fe,6c6edd69b199b4039b22333b85a0044b428bade439667411a6859ca5aaa9c79f,JPEG,RGB,198,264,[],dataset/train/autobus/216357562.jpg
autobus/216421304.jpg,dataset/train/autobus/216421304.jpg,train,autobus,.jpg,13496,0548a02c1281d879fe59b842fe84f9f257e4b7fe74a2ee8bae8b6ff7ecb39b45,039b1b72c5d59568fcf1a72a63be328bbd53a9bfac6c4ea561cca76f558c05cb,JPEG,RGB,333,448,[],dataset/train/autobus/216421304.jpg
autobus/216463669.jpg,dataset/train/autobus/216463669.jpg,train,autobus,.jpg,30011,f034a408c88ecd748341293574868242542ab3b190aa766b308e9f927564780d,ff24308fa2bc5af18d59f782aedff62732b6104fb0fe765683ce63d937cf1842,JPEG,RGB,378,448,[],dataset/train/autobus/216463669.jpg
autobus/216586073.jpg,dataset/train/autobus/216586073.jpg,train,autobus,.jpg,26254,a3ce6b5944e25f4c176f46bbbdcb9a18f0653c151e1460b840a9800178878953,abd7f9a2dae2988022f1f915e2220f497f763c29c54c7dce14ab536cab5ca1de,JPEG,RGB,346,448,[],dataset/train/autobus/216586073.jpg
autobus/216594094.jpg,dataset/train/autobus/216594094.jpg,train,autobus,.jpg,17367,e91b39660468404db0159e320fc856fea1eee7b20defc98de192c52c625dabe7,e6f73551c76e816957305dd49ae33b03a6a884379ea0b03d7f5080d5aaa1c542,JPEG,RGB,336,448,[],dataset/train/autobus/216594094.jpg
autobus/216612009.jpg,dataset/train/autobus/216612009.jpg,train,autobus,.jpg,26919,69c9129a306754b190a1399ba088b32b9c6fb87f11255c479ff696851bbb9080,34c12fceeea36c23caf993b9b68725c5eae29ba14ca2edc75455f6dce4d1b640,JPEG,RGB,370,384,[],dataset/train/autobus/216612009.jpg
autobus/216625091.jpg,dataset/train/autobus/216625091.jpg,train,autobus,.jpg,27276,9cdf8f043d871b89d38e4006d30a5f73f1771cf02047c32a886c07da5e29966b,d0dd5bcf0f928892de5ac9f55c64752fa37adda629744f56c381e018cdff265b,JPEG,RGB,354,448,[],dataset/train/autobus/216625091.jpg
autobus/216664450.jpg,dataset/train/autobus/216664450.jpg,train,autobus,.jpg,6361,6d5fe6aec65b582d36ac5abce67f180dc17776719514687050e2725dc6f33bcf,e66adf35103a4a6bb5fed0d913d174a43f149b26da19b368429ea7dcdf106a9d,JPEG,RGB,207,274,[],dataset/train/autobus/216664450.jpg
autobus/216684204.jpg,dataset/train/autobus/216684204.jpg,train,autobus,.jpg,21319,851cf2ba95ae3f67f465f86d6ad3fdcf0e4da89f0dbddf09d0f98f3e8f58626f,00a108a4bd2cbfc101e9feb5c5bc5a171577e20610fe207e48b42be74cce6551,JPEG,RGB,311,379,[],dataset/train/autobus/216684204.jpg
autobus/216735885.jpg,dataset/train/autobus/216735885.jpg,train,autobus,.jpg,16939,685c97d0d579700b34fd944369fcaab9b4caa8269279f03e76cae4e9a6fed2a2,c2f4952593f6ee1389002863379fb6986822ffd689e439dc7bb62ce449281e22,JPEG,RGB,354,448,[],dataset/train/autobus/216735885.jpg
autobus/216758328.jpg,dataset/train/autobus/216758328.jpg,train,autobus,.jpg,29330,5d83a2b055607338384e4ba431e2cf7bab88e2c85ba662974c1f773e1fd3ab6f,ab1bf11c5633a6b2c7b39eecfad708333d04b9dc0791bbe8eaafcd1132014fa8,JPEG,RGB,361,448,[],dataset/train/autobus/216758328.jpg
autobus/216802875.jpg,dataset/train/autobus/216802875.jpg,train,autobus,.jpg,8234,b9a6e087c2173b717d793bdbdff8fa4f64c6055d6e9996856bbf0949582ac50e,abf0e9603e4964c6cd1318d431886023bdee82920e03f2a58ee921509588e196,JPEG,RGB,207,276,[],dataset/train/autobus/216802875.jpg
autobus/216859234.jpg,dataset/train/autobus/216859234.jpg,train,autobus,.jpg,16040,9d3174d5a306e4579c963622253eb4dd403079b76ea6d5bc506b012dd6dd5ebc,14840b4ff29a661de19c9c21c1162644222cffc8b58e19f04e1e5ad8901d9f6b,JPEG,RGB,347,448,[],dataset/train/autobus/216859234.jpg
autobus/216869309.jpg,dataset/train/autobus/216869309.jpg,train,autobus,.jpg,7256,e84a13064b03da6bfb2d432f8bb9327127643e6c8111287fbf693f05b08e26d9,576fa887f9b51c96e3ff0e7281eedd3051fe32dcaaa7deef2193f5316d68571f,JPEG,RGB,210,288,[],dataset/train/autobus/216869309.jpg
autobus/216875964.jpg,dataset/train/autobus/216875964.jpg,train,autobus,.jpg,15085,892a51f9b16724489f3eb791e3a5cdbf25891f5fa778847c1ac63aa0b6d065f9,3e681c23759c056537ee34315fb8f62836aa81cc08aa2146923105e058c005ce,JPEG,RGB,326,448,[],dataset/train/autobus/216875964.jpg
autobus/216919635.jpg,dataset/train/autobus/216919635.jpg,train,autobus,.jpg,14916,b97837ab37b22348f75eaa3e1af2630fab9b2b5d3d6804c5c669c1d483f05e32,19a4dc54221a2c76f460dbcee657613598c12226d035422348ba181c14142a03,JPEG,RGB,347,448,[],dataset/train/autobus/216919635.jpg
autobus/216926734.jpg,dataset/train/autobus/216926734.jpg,train,autobus,.jpg,18149,bf848c3ff2c182b59219bf9e5e1b532a1299ec2fecebd33b9709ebcd61c5b018,9be5537c29e85e769bfd50dd7aee9df6a0d56de8e630b4e79a582bcbc541778f,JPEG,RGB,411,448,[],dataset/train/autobus/216926734.jpg
autobus/216947535.jpg,dataset/train/autobus/216947535.jpg,train,autobus,.jpg,16742,06f13a8b9ed5bacc22e448c1b9c7e5b047315fe55c8cdbf7865c29cc19fec3e2,ad4f4792436fc05a991d0062abbd24653b7292a8e9393c391265f40bcbb97ff1,JPEG,RGB,352,448,[],dataset/train/autobus/216947535.jpg
autobus/217008397.jpg,dataset/train/autobus/217008397.jpg,train,autobus,.jpg,15044,8bd80ba746bf768e7bace5d99d5ac6b96220d3c4811f9dbda34236f428307c04,637706623dbff4307b8f5c2699569300b2005c036139a6e7be6fdc8d46c54388,JPEG,RGB,340,448,[],dataset/train/autobus/217008397.jpg
autobus/217020493.jpg,dataset/train/autobus/217020493.jpg,train,autobus,.jpg,15005,668b69b2ed697f102feef02f7cb887d26e3288316d504a0ec3a995e0f3750d19,89c6ac9fdff4e14dcc0bc23f05a5506bed192411bc2bbabe6de4d586ef2c886b,JPEG,RGB,345,448,[],dataset/train/autobus/217020493.jpg
autobus/217071340.jpg,dataset/train/autobus/217071340.jpg,train,autobus,.jpg,31457,50691c9096fcd47c10e39b1daf56f40467c791eac6bf78f1860cf6fb17715f5c,a888b47da15b05247a660cf020b2f5a6de651d049c2722e4a40143877b6442f5,JPEG,RGB,367,448,[],dataset/train/autobus/217071340.jpg
autobus/217116492.jpg,dataset/train/autobus/217116492.jpg,train,autobus,.jpg,15637,d3649d6030b3ab41ebe7e05000eba0255d2ee69592275f43afad7338201f9d14,4c9f11c10f7cf3315a68a8fe025564b6e8d44aba016092956d1711fb6fcbfe5c,JPEG,RGB,402,448,[],dataset/train/autobus/217116492.jpg
autobus/217138019.jpg,dataset/train/autobus/217138019.jpg,train,autobus,.jpg,15345,19dc8c3aeb7162de0ce746950901b40dd96e2b84e7fa273138aadc083facf9e1,878e14a3a55006f70f5621afee539dd4989c7fefccd5e307941f05ae67770247,JPEG,RGB,376,448,[],dataset/train/autobus/217138019.jpg
autobus/217200065.jpg,dataset/train/autobus/217200065.jpg,train,autobus,.jpg,9509,12cf87b10ee0efba20de0ef70cde8aae016c2e8d15003146f6d304dcebe2d1db,0598a6c369d188b71bfd8929dcfe69cbd482884beae104f48658d5531bff39d9,JPEG,RGB,201,264,[],dataset/train/autobus/217200065.jpg
autobus/217252048.jpg,dataset/train/autobus/217252048.jpg,train,autobus,.jpg,27449,660d8cc184c9072dad29b3c8cf54e0270a79426b250e19148d24013ff61664b8,d9b53496e42e0de9db83f34d081f83bb94a3abea3a91ad77d4778281fa59d663,JPEG,RGB,348,448,[],dataset/train/autobus/217252048.jpg
autobus/217405547.jpg,dataset/train/autobus/217405547.jpg,train,autobus,.jpg,28857,0277211e9fe9c23c40ee86fc9acb9eca369d893de761bfd028b659afd22a3d3e,fab65b8ab22f56c3a8b7fc38ff8668fa5fd9ef878c93d694fd1a8c6c293b6f2a,JPEG,RGB,362,448,[],dataset/train/autobus/217405547.jpg
autobus/217672139.jpg,dataset/train/autobus/217672139.jpg,train,autobus,.jpg,8267,7040494ed3b7a3acad8202e5454ea2935306de67e56c9eed82ad5a7c1e11c511,c9433d8673997eaacccc2ad815ee5cdb0232a9515a86ef3d276fe13f002dc626,JPEG,RGB,189,240,[],dataset/train/autobus/217672139.jpg
autobus/217768428.jpg,dataset/train/autobus/217768428.jpg,train,autobus,.jpg,17879,d07bfa15f3eab51124d3e054bfdf5c8cd1a9d2deef64fdcbc91d1ffa89d9b15d,fb6530115718fdb392ccf3240c5e5728885e6c774105aaad15895fb7dadfff4a,JPEG,RGB,397,448,[],dataset/train/autobus/217768428.jpg
autobus/217784510.jpg,dataset/train/autobus/217784510.jpg,train,autobus,.jpg,30152,ff67bb6cf2229d44329a13b3674bab92cbe39436d2784a5235d536b6e72cee26,f33c497ff7e266d07a868502844ba00bdc9947505e0939776f8b97d959ad504a,JPEG,RGB,323,417,[],dataset/train/autobus/217784510.jpg
autobus/217784847.jpg,dataset/train/autobus/217784847.jpg,train,autobus,.jpg,31579,6c635bef24e43c3ff4eb1469c087186970e672b0f2165d865d2d865a4bd53e96,e3a61d7523bdb3d2edf5edbf00059c052b94827a9010c58e053f9e7e0a6c194f,JPEG,RGB,344,448,[],dataset/train/autobus/217784847.jpg
autobus/217891887.jpg,dataset/train/autobus/217891887.jpg,train,autobus,.jpg,14744,0c310f1eaeb782af74901124a57cfa0a16c578e79dab33758dddf9c4be7cf997,1df7c626b0ceeb6a2704126365570decdba0cae6e10609a93b8aa607be89f610,JPEG,RGB,337,447,[],dataset/train/autobus/217891887.jpg
autobus/217924220.jpg,dataset/train/autobus/217924220.jpg,train,autobus,.jpg,15094,284e69853a1e358743af216c7f155cf0b8604001518f4def1b01d3544e78dd19,1996d235715da79920d76d38b4d49e9dfdf4789e5459846f599202867206d67a,JPEG,RGB,351,437,[],dataset/train/autobus/217924220.jpg
autobus/217948652.jpg,dataset/train/autobus/217948652.jpg,train,autobus,.jpg,15036,f33adb80b1b7fd1a5878864eab377df81435b69f30f48817f6da627cce99d1d1,07ca352d152c973b14fd2e8631b37ee0c3fa3762b9f52e4430de850d934b078a,JPEG,RGB,361,448,[],dataset/train/autobus/217948652.jpg
autobus/217986817.jpg,dataset/train/autobus/217986817.jpg,train,autobus,.jpg,19878,3cfc5c07237eb824e0d16e2eae838226d491187e37972a047603a533a35f0f1b,1951576364cd1cab4930437ff39f29704addac932018b4c75e51246b0322c0ff,JPEG,RGB,291,359,[],dataset/train/autobus/217986817.jpg
autobus/217999167.jpg,dataset/train/autobus/217999167.jpg,train,autobus,.jpg,15753,b9491c65bc79fadcdabcd4b4bbf385f557892ee9bcf5c72328a797a75b38862f,508b93c41fd156923084e59f855339a8893c618a37478009965c734ac687f819,JPEG,RGB,347,448,[],dataset/train/autobus/217999167.jpg
autobus/218020051.jpg,dataset/train/autobus/218020051.jpg,train,autobus,.jpg,17178,bfab0110dcb7eeff4ab0938e33e0786b0438e7c56144e0a8bbe9eddc131ca80d,c9fa1a604d127455778bf2d8b6a96ce1513aaa5939a9768207dcac2157824550,JPEG,RGB,349,448,[],dataset/train/autobus/218020051.jpg
autobus/218028985.jpg,dataset/train/autobus/218028985.jpg,train,autobus,.jpg,16095,18add3be2e9e40ac1430e7bbdaa1094a6bbc75e857fdb5cc9707c5b57c924d6b,e1a66117fbe9dcadd2ea316ed81a39a304da0a082e01238434e1d829cd98ab8f,JPEG,RGB,368,448,[],dataset/train/autobus/218028985.jpg
autobus/218113258.jpg,dataset/train/autobus/218113258.jpg,train,autobus,.jpg,6111,ea4b613bb204a8597daef68845e3f4bcf26c81d91408a27f8043a8bae10ad9bb,71f72a5e6f1e27a8b1ec35cebe77208c6ce827ea23a0c5bc4837974de56de1b1,JPEG,RGB,186,240,[],dataset/train/autobus/218113258.jpg
autobus/218182608.jpg,dataset/train/autobus/218182608.jpg,train,autobus,.jpg,30147,fefd0ca6806f0e929d52f38115fe6ab21fd3988b93dbd44735da08d8dcdf11b4,738772aeea6919fbc7931b6873d5cb3e057475fee1dc2bd790f46c6f474a2096,JPEG,RGB,364,448,[],dataset/train/autobus/218182608.jpg
autobus/218187113.jpg,dataset/train/autobus/218187113.jpg,train,autobus,.jpg,32846,bd4b79c20fc0c9e449731c76f0b65fbeb86fac8fedb0945b32c0f6506cb7cb52,d81933451dee8ec615eb4891454f8313b1440b8fdae07d6984ea6580b20e0f16,JPEG,RGB,361,448,[],dataset/train/autobus/218187113.jpg
autobus/218206926.jpg,dataset/train/autobus/218206926.jpg,train,autobus,.jpg,6367,eba4cddb8eeced527034c3eb74666f5ede1d916a986f5883a3b69dbfd1df70ef,0b4d0b2e2c3ab5f5ee30bf424c41d86d16791c9576c88ed3d902193c33043562,JPEG,RGB,180,240,[],dataset/train/autobus/218206926.jpg
autobus/218267459.jpg,dataset/train/autobus/218267459.jpg,train,autobus,.jpg,30752,c5552ecdc9b809a094588036197fee6bea272bcb9040402318ac4771139e003c,eb7e4745a1b14a8692338dae97f9399987da6bad036101af9557ee6bb5a62da4,JPEG,RGB,355,448,[],dataset/train/autobus/218267459.jpg
autobus/218286526.jpg,dataset/train/autobus/218286526.jpg,train,autobus,.jpg,15040,3bce401a88b84773b40e6bcfa142c266aed79b5231d485cad7b4af047fdfab46,23b3f64e3b59d6b14471223d7db502c27fbdb58e8371dc633e0d2ab02a17f28f,JPEG,RGB,341,448,[],dataset/train/autobus/218286526.jpg
autobus/218293611.jpg,dataset/train/autobus/218293611.jpg,train,autobus,.jpg,15812,2f1c01aacc235d2be22a7df6277f8a62653f8c6d2d2d6e958f0d8da7e2b16cb1,d5d2b111bb7788aca0e1079d1d010e34c88278801ad3d3d00e7be74faae9495e,JPEG,RGB,322,444,[],dataset/train/autobus/218293611.jpg
autobus/218337345.jpg,dataset/train/autobus/218337345.jpg,train,autobus,.jpg,33400,3716e06968e9e89274f38256173b9ce5b78e787774ef9fb92dc701b5c4ba6a65,cd8473ec8d7d42d278e5db7160008bf5d74611f8d488241d0588b7b335d18abc,JPEG,RGB,332,448,[],dataset/train/autobus/218337345.jpg
autobus/218405590.jpg,dataset/train/autobus/218405590.jpg,train,autobus,.jpg,14456,9c85ffeaf577784856b2200f16b47e1682cf69583eba16ab9aa22e7f76ef2791,2fffb6948435aee33377c6f42a546dd9b5e69d5c5715114bf7b41c26ff17e9a8,JPEG,RGB,325,439,[],dataset/train/autobus/218405590.jpg
autobus/218405806.jpg,dataset/train/autobus/218405806.jpg,train,autobus,.jpg,17449,322c9de4a41f1bdd34beee3667cc1db6e38b072a1cd3b903dcd703e262589848,979d09bf57db87cbc04bd0d83488183d3aa0c869db296f0011f2c44da805af34,JPEG,RGB,354,448,[],dataset/train/autobus/218405806.jpg
autobus/218505266.jpg,dataset/train/autobus/218505266.jpg,train,autobus,.jpg,14584,24677d2e368c77c3b59aada0cb59c58aa1c4e7ad5bfb6765796a8fb45c2390a8,62e4c135425963db7339baf3c33ebe30368d3282a9f80463e9c20e68daad6644,JPEG,RGB,326,448,[],dataset/train/autobus/218505266.jpg
autobus/218595025.jpg,dataset/train/autobus/218595025.jpg,train,autobus,.jpg,31003,08b85b14a23f914023dbbfa39ce2a7a1e8c5c85654543692f8f1926882566268,408a4daa279c0576a3665585724539d79aeff26a4c9c99564eca1455a8539969,JPEG,RGB,338,448,[],dataset/train/autobus/218595025.jpg
autobus/218626877.jpg,dataset/train/autobus/218626877.jpg,train,autobus,.jpg,6341,24ce5295c08c70ec58ec0242a155295f71624ad34b76d15f6696413b455b7f05,99e557b90c5b3a708bedd7c969d2a98fd7c051269b03430820c566801310ab10,JPEG,RGB,180,240,[],dataset/train/autobus/218626877.jpg
autobus/218634883.jpg,dataset/train/autobus/218634883.jpg,train,autobus,.jpg,7745,2b628ad512e9dd15b03c35671c554d9697ce3e36c1df5b6cb0e1c403370020d0,7d4a60561997bdffcb3139e23d0518b760463b5f35f2cce527635372ac25d5f7,JPEG,RGB,177,240,[],dataset/train/autobus/218634883.jpg
autobus/218660636.jpg,dataset/train/autobus/218660636.jpg,train,autobus,.jpg,16147,1ac4148446f2d04a26ab07808439bfaed7b0fdeafc06cd0b02adb5992964f45d,cb1a2d39b43bea116fa3671cea9b460394c3507e7b3d0d7a40ad151107c87db2,JPEG,RGB,346,448,[],dataset/train/autobus/218660636.jpg
autobus/218693703.jpg,dataset/train/autobus/218693703.jpg,train,autobus,.jpg,28054,b9028c3e0c15a946a6e13bd3bf3d4449cffba3b98feaf6874db5c082ab9d2b31,d30c95b230d36dff52166090fc3ebef6103d9f7af00d5a01a4b4341f159ab9dd,JPEG,RGB,337,448,[],dataset/train/autobus/218693703.jpg
autobus/218729996.jpg,dataset/train/autobus/218729996.jpg,train,autobus,.jpg,17033,fa299d3030056f09c2b069b750c234b9e68a0e685b0199799b14491dae137313,36acf5bb93410217fb7e918806f7b44ab99dfcbb455ee5834baa8b77e737920b,JPEG,RGB,374,448,[],dataset/train/autobus/218729996.jpg
autobus/218737303.jpg,dataset/train/autobus/218737303.jpg,train,autobus,.jpg,17502,b066fa98873665fba9565aba5091b0db304f96784291f3735e020293cc1900ea,427b7c56ca50efc35f14c50741dc5171372895abf7637f610859929233f97ed8,JPEG,RGB,392,448,[],dataset/train/autobus/218737303.jpg
autobus/218737467.jpg,dataset/train/autobus/218737467.jpg,train,autobus,.jpg,14360,98dfe8333231d641e1d8cec3794e56e6e5ba6ffc1e5d238a9ab06b92b7b90129,f1d0d8b4b158d46d4b0913af0079826138cf1b4e9a00a8bd3022f70295d793f3,JPEG,RGB,343,448,[],dataset/train/autobus/218737467.jpg
autobus/218787299.jpg,dataset/train/autobus/218787299.jpg,train,autobus,.jpg,16288,57b227853c928247261ad382a25c886347207b2768fcdff42e041a7b7162885f,0404e754537073a51a8e83e756cdecd99ae7930787132e94cb1987e60c18e67f,JPEG,RGB,314,414,[],dataset/train/autobus/218787299.jpg
autobus/218796237.jpg,dataset/train/autobus/218796237.jpg,train,autobus,.jpg,10489,59601ef4d692086913f963a5077f5fa223fb3b5a956a3a040cf9997676c4871f,9ff6a403c8fd117dddca214beb3bc7d3f6749400a616794c45e47518c2fe805b,JPEG,RGB,171,228,[],dataset/train/autobus/218796237.jpg
autobus/218800911.jpg,dataset/train/autobus/218800911.jpg,train,autobus,.jpg,34470,e27c72a49630e4083d8c59cd26b04122fda7c3445e3f6f62393a227f8b54adb4,420b23ed0dba3cb86f6e9ed56c6984f8a7eb9a7a419f50bc465d9747188baeb0,JPEG,RGB,413,448,[],dataset/train/autobus/218800911.jpg
autobus/218858344.jpg,dataset/train/autobus/218858344.jpg,train,autobus,.jpg,5765,e92f9caf0d1526885ae6aaaed5134da03e36841c1e22e4251403542041d9e27f,a2e9ed6aff943dd7c5f68914bbbc27d889382ed42de11d570552a45916435ddb,JPEG,RGB,198,243,[],dataset/train/autobus/218858344.jpg
autobus/218905897.jpg,dataset/train/autobus/218905897.jpg,train,autobus,.jpg,25484,c8f4c0fbc6cf89848dad3ce646e18ea47ce5fb2d532a5b10e2605c640a0882e3,61f2696a985ec35fcc888992bcd349f14d4bdf22ae06266d1360783ddd6693d1,JPEG,RGB,345,448,[],dataset/train/autobus/218905897.jpg
autobus/218907601.jpg,dataset/train/autobus/218907601.jpg,train,autobus,.jpg,30689,02c2dbf7ef2a0134e60df7f563f22e69095bfdbb5e99ecd9b49dfc7e4b64b3a5,44775e94c8cdec4f126340d3e390096f3b7f41befc604a7738d36a6bc872d846,JPEG,RGB,355,448,[],dataset/train/autobus/218907601.jpg
autobus/218932712.jpg,dataset/train/autobus/218932712.jpg,train,autobus,.jpg,15684,1e4cdd00389fb7a52cde31794b6eae55a1c921c54467d2ee0766f9228acad0bf,4770b2d89c290a4190b7552d316807b661285124e5b3ce81dbd725d9c1a8d92b,JPEG,RGB,335,448,[],dataset/train/autobus/218932712.jpg
autobus/218955741.jpg,dataset/train/autobus/218955741.jpg,train,autobus,.jpg,15953,575e333b164a345b23ff58b95ff360c44de24f38903af213581f9301f2351501,6fce009e8ad42510dc6e8cac4a3aa013f09a36b6aca82c90c98323109b65a13c,JPEG,RGB,358,448,[],dataset/train/autobus/218955741.jpg
autobus/218959354.jpg,dataset/train/autobus/218959354.jpg,train,autobus,.jpg,16691,b6a4e1f3a2745ebb9df5f4298087d819aca9a81d371d7a069e5f5dfc12345587,ee5e56dd81f0a84baffe061fb6e86f9a09452c23eb65b101bed568f4bc985a6b,JPEG,RGB,385,448,[],dataset/train/autobus/218959354.jpg
autobus/219027510.jpg,dataset/train/autobus/219027510.jpg,train,autobus,.jpg,16722,6412bfc0dac055efc8446d01195dbff9095caca0bc9eb820398c575a2c8a0ae9,00d0297a6c2459fccda49597a24926971e8344e77719c24869c2863252984949,JPEG,RGB,359,448,[],dataset/train/autobus/219027510.jpg
autobus/219113041.jpg,dataset/train/autobus/219113041.jpg,train,autobus,.jpg,26719,f5c8e8979637d17b8bec1be918630ee1e6335d452f8b2a36a1c81c3f0fea4310,a20a48bb7f87418e760cdd9dd2b4f76e9e7ae8aabe826c9aa4bed1593743cea6,JPEG,RGB,310,432,[],dataset/train/autobus/219113041.jpg
kamyun/196530974.jpg,dataset/train/kamyun/196530974.jpg,train,kamyun,.jpg,25631,d2d6988f9263ffd5b228beb104c578c0c892c0c7883629f4ba3598dd28550f76,580ccab61bd512c81a1e2ee58ee88cca0f66b4b3cb998227e042416350c8a28d,JPEG,RGB,350,408,[],dataset/train/kamyun/196530974.jpg
kamyun/198661910.jpg,dataset/train/kamyun/198661910.jpg,train,kamyun,.jpg,27696,ef83accf1bd9d81c223b9bc9f32efacc16db578e6b0730d03fcfe223b87f0648,5c994d2751be41e983670bba149859be6cc76c3e8690960b56177999b4437c62,JPEG,RGB,348,440,[],dataset/train/kamyun/198661910.jpg
kamyun/199185521.jpg,dataset/train/kamyun/199185521.jpg,train,kamyun,.jpg,30450,915783a8f0b0927a4317b9aeda93ea11f3906c816eb016042038cfc1e2744dc5,79faa7ff6f3ae1b190056bdee3309bf9bfedaadb0bf7599de29902e971d04eb5,JPEG,RGB,337,435,[],dataset/train/kamyun/199185521.jpg
kamyun/199511120.jpg,dataset/train/kamyun/199511120.jpg,train,kamyun,.jpg,23646,50410a11ca65ae2c8a4cc544e12aadacd96ccf242a7c0b621ff4f5b8424628fd,7f69cf911585faeeebf2b6f0d9c3d5c71781a48cc8e6603f539d998ce91264b1,JPEG,RGB,325,376,[],dataset/train/kamyun/199511120.jpg
kamyun/199575055.jpg,dataset/train/kamyun/199575055.jpg,train,kamyun,.jpg,24176,134c3bf8e68dcd2eaac2fb0d96dcfaf4018cd516463e9452f6469d38f5745e06,e1a66526f6fa1b5ffda33aed3d4e71b0f99e59338c7229257c2c41303254f878,JPEG,RGB,317,372,[],dataset/train/kamyun/199575055.jpg
kamyun/200333424.jpg,dataset/train/kamyun/200333424.jpg,train,kamyun,.jpg,23001,d93c3f628f0fa5f1780861b6adaeea8a4e3a448b91bfae3c29b37c5afca9312d,b4244416ecb6d1f3ca28e3869009d11ba0158189678a616e9db364f7db758f46,JPEG,RGB,315,428,[],dataset/train/kamyun/200333424.jpg
kamyun/200464110.jpg,dataset/train/kamyun/200464110.jpg,train,kamyun,.jpg,27067,78c28c0bb55cad53b88ca783f8de38fdf933872fee4970840f1467c7c6599729,6bc521d2bd40b79215e491c681da04e51c1e5da3b4f74cf726fa6eedd0452b1e,JPEG,RGB,391,336,[],dataset/train/kamyun/200464110.jpg
kamyun/203161511.jpg,dataset/train/kamyun/203161511.jpg,train,kamyun,.jpg,22240,b843516a91da30b574c97991065e748a5358cc8589aa2bd61b6c6a28f3c99692,cf3fb588698cafe1ba6eb59647421064c5ed50c5e5c784980f756fa151f8e66b,JPEG,RGB,318,346,[],dataset/train/kamyun/203161511.jpg
kamyun/205437377.jpg,dataset/train/kamyun/205437377.jpg,train,kamyun,.jpg,20453,142f13fd42557b1516f8e22686904019995916d6848aef33cb29231f182e1bd6,b3ad7d1d676577d00ba69c293d3d6315436b95e4ee99e7bcbb0d2744c8c03180,JPEG,RGB,280,459,[],dataset/train/kamyun/205437377.jpg
kamyun/205757433.jpg,dataset/train/kamyun/205757433.jpg,train,kamyun,.jpg,24489,612ee3f7708d1d06ba0154adf2c7c05aeb4a8d6dceb0add1d725971f012bef40,59982fab9af89e2164720cfd9aa26239facf5fa10019b08dddd396bd4f0bddbe,JPEG,RGB,311,433,[],dataset/train/kamyun/205757433.jpg
kamyun/205904567.jpg,dataset/train/kamyun/205904567.jpg,train,kamyun,.jpg,13984,4118535f0cd2e50ff80b51cd338d2a59c3e0da3996845e6e23bfdc0586ce8de0,bcbccce12ede3be4d29db83b17d290842cb4442a02dc4703e542a2c1dbc2ef6c,JPEG,RGB,318,450,[],dataset/train/kamyun/205904567.jpg
kamyun/206930130.jpg,dataset/train/kamyun/206930130.jpg,train,kamyun,.jpg,31936,fecbbb4205db8d68ec3f3b0bedf9ccff36dd1a9c99281637fe67e79ec530ca6b,e3fcd34fa9bd040735f96685dd7156fb60db403218d1f5e8e0fa3f15d1d1684b,JPEG,RGB,379,433,[],dataset/train/kamyun/206930130.jpg
kamyun/209859136.jpg,dataset/train/kamyun/209859136.jpg,train,kamyun,.jpg,9372,4913f8b0101bb70c3fd43ad9ea4ea6a547404fee503764089e73411eba8da231,b9bee547e2fb15123330580cf3d613998531cb2c1ab9c011dbb74a9c725f49ca,JPEG,RGB,141,240,[],dataset/train/kamyun/209859136.jpg
kamyun/209981626.jpg,dataset/train/kamyun/209981626.jpg,train,kamyun,.jpg,30817,11bb553839c6e6b2886097529a64f60a755dfb2e063ca9276bc87ea8d22a5619,f106aa7b6d4f8defc91b2b179af1ac5cb42b83136fccb226ba9a5f69b8658f9e,JPEG,RGB,367,429,[],dataset/train/kamyun/209981626.jpg
kamyun/210254715.jpg,dataset/train/kamyun/210254715.jpg,train,kamyun,.jpg,25195,ecc9c4a98121d3555fd2e040d9858b89318fbc5b791dfec53aa3f4d7d424aee6,d2ff02043feefffec264c8dbac23ee2e9f472615ec37bb0026b39a0034010f74,JPEG,RGB,330,400,[],dataset/train/kamyun/210254715.jpg
kamyun/212881811.jpg,dataset/train/kamyun/212881811.jpg,train,kamyun,.jpg,7372,a398c1ba4425f18940daff1303ab20adbb65ac3a0898eba289f3a54655c9d246,78625498a067d7bbba93951b42ee29eebc25e51c238cce7e0d48c512306cbd64,JPEG,RGB,186,240,[],dataset/train/kamyun/212881811.jpg
kamyun/214372132.jpg,dataset/train/kamyun/214372132.jpg,train,kamyun,.jpg,7686,52b05e54a24110266839ad4f3c6b345b8ce1c537e0559e44d4140358e50ae487,6708c13bd6059f79514bcef726f45592482179805bd8f031701df5c3ed6b9d23,JPEG,RGB,198,252,[],dataset/train/kamyun/214372132.jpg
kamyun/214789826.jpg,dataset/train/kamyun/214789826.jpg,train,kamyun,.jpg,10191,1f67fca1f8017fe26fd5ed8c091733daed30c30398702c3a14794f115173fc19,3b3b4794fde5df62e6a25acfbd737866b4c55376ec736c7ab9ab8cbccd770538,JPEG,RGB,180,228,[],dataset/train/kamyun/214789826.jpg
kamyun/214831926.jpg,dataset/train/kamyun/214831926.jpg,train,kamyun,.jpg,9960,0d76f42e9fed02c536d5ff3bcd1c83a4ae581a692fae1237bb58cf31efca7498,2922d1efcfb2efb1a59db0efe80cc1384e0b6ef2626b5636f656c9f27fac2cb7,JPEG,RGB,210,261,[],dataset/train/kamyun/214831926.jpg
kamyun/215104031.jpg,dataset/train/kamyun/215104031.jpg,train,kamyun,.jpg,10928,263ad623bc901e640af550c1d18cf9ce4baab1db210d598a582a4023e8fb1039,f87d66b8903c6ef82f40a409801ceac89f46d55e807be2c910b45d025eb6a0ef,JPEG,RGB,201,252,[],dataset/train/kamyun/215104031.jpg
kamyun/215479247.jpg,dataset/train/kamyun/215479247.jpg,train,kamyun,.jpg,10745,b001d10b14132145889e0ac8b548ee2e84bb163ce190bde63903f2c28b20cecf,d49ea3cc3db422abbf2320444ae236e64b13f58366f3e023f5171c030efc7175,JPEG,RGB,189,252,[],dataset/train/kamyun/215479247.jpg
kamyun/215524992.jpg,dataset/train/kamyun/215524992.jpg,train,kamyun,.jpg,34991,09d5d4cfb1b921e45db1c85faa20af4d16b894a06da61fcc1a974e713b295aaa,def752d5095d78959d09322d25d1e893752217cd8f99be18b757b5271a243366,JPEG,RGB,337,426,[],dataset/train/kamyun/215524992.jpg
kamyun/215572272.jpg,dataset/train/kamyun/215572272.jpg,train,kamyun,.jpg,11191,e756ca6dd444c08a69cec859130250990c9b090730959c9077e3860ddc2407c6,4ccb503f971178ce5966b0b4dc710990aa712edca3dbbd41b8e9f743be54d7bc,JPEG,RGB,210,276,[],dataset/train/kamyun/215572272.jpg
kamyun/215619169.jpg,dataset/train/kamyun/215619169.jpg,train,kamyun,.jpg,9387,338c069314e9579b103de57124ef27c47c7fd05d2e3061a8fee792214b95d48b,f6871c64c99a1e6498227fde6e59b3fad04565c0851795d0e1f901eaadd81515,JPEG,RGB,219,232,[],dataset/train/kamyun/215619169.jpg
kamyun/215662509.jpg,dataset/train/kamyun/215662509.jpg,train,kamyun,.jpg,6607,20f04f585ba88abcecf15581340b6a9e7cb44054e3c7c2b6eafa2dbdc6dc75ad,7424b11fad259344bef2e84d1a988d0569ac0fd182af5e91f87747881d4f1897,JPEG,RGB,156,204,[],dataset/train/kamyun/215662509.jpg
kamyun/215673011.jpg,dataset/train/kamyun/215673011.jpg,train,kamyun,.jpg,14808,af02d79748abd9de67a554d71cdd496c690e9d0834b19f96deb314265030512d,17467658b0b3653fb043b2c3ee19c520b431f092944e677fcf0e0959be2f81f1,JPEG,RGB,345,355,[],dataset/train/kamyun/215673011.jpg
kamyun/215683633.jpg,dataset/train/kamyun/215683633.jpg,train,kamyun,.jpg,7974,585483b58f18ea4b39554fe96fb4c4c278a993f68853d0c315dda4d401981ea1,dad2a496f6b23b48255f87714953cea4a82b389413e8514d0ff68a1ea4e363e6,JPEG,RGB,198,252,[],dataset/train/kamyun/215683633.jpg
kamyun/215684233.jpg,dataset/train/kamyun/215684233.jpg,train,kamyun,.jpg,33036,77a996feb88633e6cbe8d04e4e5eb153782c7c5763b575aa4658a93a4aaa5847,5c7e71d7f59d5b92ab3ca91b11c7a270c8ef1bab6c1e41e480460f2d9958791a,JPEG,RGB,332,413,[],dataset/train/kamyun/215684233.jpg
kamyun/215704325.jpg,dataset/train/kamyun/215704325.jpg,train,kamyun,.jpg,24616,3cfddb9be2e11b5f0f9631faf0da7fa990eb3555694febe8a690a2bb338f8908,84030eb9ab5229387160ab6a2a273d0e97431a8f49a0c7fa20b77b9ddc4d2202,JPEG,RGB,353,416,[],dataset/train/kamyun/215704325.jpg
kamyun/215724393.jpg,dataset/train/kamyun/215724393.jpg,train,kamyun,.jpg,19549,ba22a1a1a440d7e667edc1a5cbfdb17faa7bae666721cb76a5a42c35aa3e9b01,9d581e89501a85ac58b74282759876e7b9bf2f6b44bd2dd300d45b2d1b8162b2,JPEG,RGB,309,351,[],dataset/train/kamyun/215724393.jpg
kamyun/215753292.jpg,dataset/train/kamyun/215753292.jpg,train,kamyun,.jpg,30666,808dcc0bbe328413415191a40c3589bf63ab858a27210b4af2567a51fed05891,fc613c6334f01e13040cf8de9d7a0e9bbca05b7ea68b10ff9ea7f3c26776c4da,JPEG,RGB,349,448,[],dataset/train/kamyun/215753292.jpg
kamyun/215785627.jpg,dataset/train/kamyun/215785627.jpg,train,kamyun,.jpg,10057,0b2a6fc2587866d5289f9232b2302b8c26525b843f8eebff789d61ba6605afa9,efb6aa7451420173291fbc89500f937167e4c0b4122f35bf8c391c4f420a05cf,JPEG,RGB,195,252,[],dataset/train/kamyun/215785627.jpg
kamyun/215792145.jpg,dataset/train/kamyun/215792145.jpg,train,kamyun,.jpg,14821,242428ff21c7abb4d73f817482207d4ba89a476fa9d92d7061fbfbb460311050,b8dfb60ec872ea019e2304e0bd53685232ac01e79d4ebe2c1980531fc790ada2,JPEG,RGB,270,253,[],dataset/train/kamyun/215792145.jpg
kamyun/215798585.jpg,dataset/train/kamyun/215798585.jpg,train,kamyun,.jpg,8003,d33c3e6c0ac881244544a06e6e02e06634f552897faf2736be3d19789bccd67f,df40da74cfb6453702e23af24ef2306782fb61538c28258d0df8df16e3b69ee2,JPEG,RGB,156,204,[],dataset/train/kamyun/215798585.jpg
kamyun/215806835.jpg,dataset/train/kamyun/215806835.jpg,train,kamyun,.jpg,37535,af70916f8e9e9a9e484e0150d9b9d8a869c0c46c2db20e0245be38e9261b35d5,12730703b9561a4fc9c3de0b24857136a7b336547e3bbb37b1971d93a7572616,JPEG,RGB,373,413,[],dataset/train/kamyun/215806835.jpg
kamyun/215816828.jpg,dataset/train/kamyun/215816828.jpg,train,kamyun,.jpg,10599,40253ec45326f148235898c0d2c516e440328fbc424b1df93ae3264f6c1ad055,10c2993b971099ce8dbf4508abdb8a20e0cad8a4b6c2e1451389e2cedba3f502,JPEG,RGB,281,343,[],dataset/train/kamyun/215816828.jpg
kamyun/215824473.jpg,dataset/train/kamyun/215824473.jpg,train,kamyun,.jpg,15032,b3446cc47b2a0e6cf9a429fc8152bd657289e729f6a09e3d24672290d4c4609c,2a50abe126a545858ca6a66696c04f3e8cf689c80b5761e0245b4be0643be0ff,JPEG,RGB,341,448,[],dataset/train/kamyun/215824473.jpg
kamyun/215840960.jpg,dataset/train/kamyun/215840960.jpg,train,kamyun,.jpg,29803,9f4776b7e8b8dd582967d0208c39e527a9c2e4d5c56f06611cce4d55efeb90c3,b41ac60cbf907eb4d7e0eb427a1657edccec191f8d352dea0e402636a2c074da,JPEG,RGB,324,421,[],dataset/train/kamyun/215840960.jpg
kamyun/215888901.jpg,dataset/train/kamyun/215888901.jpg,train,kamyun,.jpg,27091,a024e82e693fa8267e4b50f8fa01c220bd6cfc85bd94516b916213c591f314b8,2c2d0990e48047d02fea32be1c1c26501ced3d5f0d54341f7ecec93d9f077726,JPEG,RGB,353,390,[],dataset/train/kamyun/215888901.jpg
kamyun/215893105.jpg,dataset/train/kamyun/215893105.jpg,train,kamyun,.jpg,7636,f3ea31676a480133aab0c382689304f673d309a90614309e087ce0d51e787ea4,3bf9f5391a57ba5d3429e334b689ec179e45a86e953a68fe134ea840c658000d,JPEG,RGB,210,261,[],dataset/train/kamyun/215893105.jpg
kamyun/215908494.jpg,dataset/train/kamyun/215908494.jpg,train,kamyun,.jpg,14670,ee8b8be62d493dcdb8a2fd0406ce091d82f23392c3e03141540d7daea7c1baba,19c9b7cc7516a0e627abaa96573c1ffbf6155a67afc01dfc7290405025529569,JPEG,RGB,323,414,[],dataset/train/kamyun/215908494.jpg
kamyun/215912012.jpg,dataset/train/kamyun/215912012.jpg,train,kamyun,.jpg,32951,00cb878fdbdaac78c6bb4a23161905d2e50244320726bdae87f9d7c65ccbb42c,e8a937c9bf685b449a703af26c2a3ed0c8592fc5beebd06c541c7dd44a2dcb7b,JPEG,RGB,340,448,[],dataset/train/kamyun/215912012.jpg
kamyun/215953828.jpg,dataset/train/kamyun/215953828.jpg,train,kamyun,.jpg,8833,4c4eacf3deca7e64979ef74a5755b58dafe60523059c1dd83a32cbe0558e1b8c,99baa0b08c83033e33928e06ab077f196c032ebb399159ebb70150a038abb2ae,JPEG,RGB,162,204,[],dataset/train/kamyun/215953828.jpg
kamyun/215969701.jpg,dataset/train/kamyun/215969701.jpg,train,kamyun,.jpg,11854,0612ba998547770f01d24f0ed8a52afa3a32894e135ff91a83cdc4ba2348ac51,a9d5c4344cdc7301635204078f81723c7ba0c08c59d74555d745f646952bdf6d,JPEG,RGB,198,264,[],dataset/train/kamyun/215969701.jpg
kamyun/215976288.jpg,dataset/train/kamyun/215976288.jpg,train,kamyun,.jpg,13971,1dce249b7ba63fbc23c818024ec73f04c41467dd7a3d03eebed7a00ba0d39869,dd60b2b09e16eea862bf4c0a79298218f90b269fd69accef436eb06f00bfc656,JPEG,RGB,321,448,[],dataset/train/kamyun/215976288.jpg
kamyun/215989939.jpg,dataset/train/kamyun/215989939.jpg,train,kamyun,.jpg,8046,d6c0474f49f33ad6692500ba63d2009876a86cdd1ac12317d5f403e27d13245f,5b7aaf14756dc0bb4683ec5f7d9ec97c5e717e3bb22ebe42ba3ecd08527adbd4,JPEG,RGB,198,264,[],dataset/train/kamyun/215989939.jpg
kamyun/215994997.jpg,dataset/train/kamyun/215994997.jpg,train,kamyun,.jpg,31077,7b9895b9cfc0d6bcb667a2d41b2292b3605031ab49c976f23a0c629cd8d1574b,382fd37ecb439cc35c0c52cce3f9e12c7b51e688467741432d58893d66075a9a,JPEG,RGB,336,448,[],dataset/train/kamyun/215994997.jpg
kamyun/216005873.jpg,dataset/train/kamyun/216005873.jpg,train,kamyun,.jpg,9022,a77c2a21b9322add2e07f1813d1ecd6f80011e85d977d86b5fbbd025dc697311,a45db30d4959a563f7f5789c041f420425661685e8a9dc151944e21dc7e71460,JPEG,RGB,177,240,[],dataset/train/kamyun/216005873.jpg
kamyun/216023198.jpg,dataset/train/kamyun/216023198.jpg,train,kamyun,.jpg,32261,fd0e6ec1ba9e3f01e90ea438aa4fb2dbc16eb3a1284a4ffd4e8a10394a19832a,52b9a4b4dfe7651bce6b4779203f53e6f1da0cd830664b1bfbe96d00ac4285f3,JPEG,RGB,339,448,[],dataset/train/kamyun/216023198.jpg
kamyun/216034399.jpg,dataset/train/kamyun/216034399.jpg,train,kamyun,.jpg,28883,fefd0f2b77d4fd3753ce653d42f1215ddcc769724bc67c6bea9ac4991940a429,5a606f28db2370f590d4d44dbd2fa262f697ae81f40958ee8b04142095495a71,JPEG,RGB,352,448,[],dataset/train/kamyun/216034399.jpg
kamyun/216040476.jpg,dataset/train/kamyun/216040476.jpg,train,kamyun,.jpg,11994,5c0050a8a6d513bd74c59b19506ec204302eef9a58075c239b1f7340c14c5dd1,3e4b2846cd8e7abba8ef3431d0e90c11ade70cebf679f1672f115f532ab7a7b9,JPEG,RGB,198,252,[],dataset/train/kamyun/216040476.jpg
kamyun/216045038.jpg,dataset/train/kamyun/216045038.jpg,train,kamyun,.jpg,9831,b91db8220e3b265796f91db0b61d089dc0d7901aae96626680b41d658b4dd611,44ecd3bd71418fef371ca64f49cc78afb9de4aa9d04ec7a5798fe75f684ae7f8,JPEG,RGB,198,264,[],dataset/train/kamyun/216045038.jpg
kamyun/216055748.jpg,dataset/train/kamyun/216055748.jpg,train,kamyun,.jpg,28778,40f71dc07afb8df421643160a13a88057e808d46d6599fc152b50c03efc953c2,5420cb71ca3282bd010ca74a628bcc74dfe0c4e5704723ed1ee2abe09d8cfac8,JPEG,RGB,338,420,[],dataset/train/kamyun/216055748.jpg
kamyun/216073290.jpg,dataset/train/kamyun/216073290.jpg,train,kamyun,.jpg,31044,8489c62ab3833315b24845bee888b854bd6f9cfafe6cf7048077f2f35ed853a5,67b2daf2ce0e87ec6f6164207d7f3ac92d24b78d0fe93638a1397570121fc2a9,JPEG,RGB,373,424,[],dataset/train/kamyun/216073290.jpg
kamyun/216108515.jpg,dataset/train/kamyun/216108515.jpg,train,kamyun,.jpg,29215,546468b6ef8d0a813d0bf0a680784882e6c4378801c51616d216385c351555cb,d34bfce8f3a49c53056da080654f49b722184789f69c672c301d28ec96b72b91,JPEG,RGB,331,444,[],dataset/train/kamyun/216108515.jpg
kamyun/216147955.jpg,dataset/train/kamyun/216147955.jpg,train,kamyun,.jpg,11677,43f19d649a9323d45e276927219d2e6abfde51b808125adcddd6202e135f0d2e,e1f04b5e513d09e42f0503e00ea9eec0cfab9e7a89679544b72048621314fd8f,JPEG,RGB,181,260,[],dataset/train/kamyun/216147955.jpg
kamyun/216212208.jpg,dataset/train/kamyun/216212208.jpg,train,kamyun,.jpg,23686,855a83c12a92643865fa06f7f65274ba85b8643bbd4f293f1e6e2c4081af9ebf,6b3ea81a55feacca7e211aefa2afbec4f9d60f38ac2511c1f4cd5b20c2de15f0,JPEG,RGB,360,365,[],dataset/train/kamyun/216212208.jpg
kamyun/216295051.jpg,dataset/train/kamyun/216295051.jpg,train,kamyun,.jpg,19429,c27a519b1cdfc2a4c1ab1b4006f7e6460c9320825c8d209c305e522ca32a5324,b4186458b2ab8f1bef6fccf4e60bb7699189075b66909b4f3743c8a711d23461,JPEG,RGB,319,332,[],dataset/train/kamyun/216295051.jpg
kamyun/216317771.jpg,dataset/train/kamyun/216317771.jpg,train,kamyun,.jpg,11610,de732e42032b07457a6c2bb9a6096b22d8cbf32bb86964fae933d141166eba01,44cca3efa793a8a3649259ff74fa4abae5d332ebca9a9521a2fcc666db00e6dc,JPEG,RGB,195,252,[],dataset/train/kamyun/216317771.jpg
kamyun/216432092.jpg,dataset/train/kamyun/216432092.jpg,train,kamyun,.jpg,27897,3915354784759dc17c083f7052f3095795c80e42b662149beb4253ed57fc5fc7,e0fcb721724279b61c59b2c202c07879192c307baaf7dfc08bceb8d34c3b3b7c,JPEG,RGB,335,417,[],dataset/train/kamyun/216432092.jpg
kamyun/216434062.jpg,dataset/train/kamyun/216434062.jpg,train,kamyun,.jpg,12800,d1c00fbe3c67cbcf15f70fd5841e33cfeed87a33c7f47260d2072b2816be4253,a51887613c22c93af5fa2389ea36376ca7b087ea2452d9642301a8d167a7658d,JPEG,RGB,198,251,[],dataset/train/kamyun/216434062.jpg
kamyun/216474870.jpg,dataset/train/kamyun/216474870.jpg,train,kamyun,.jpg,14883,ad7611b88c57c138d1df12d12308dda6764f955cc29d50a2b86d4812ef03dce4,99773b71a546302b68522371c0debbb4aa1fab18a881657b60bee6e465b9bc71,JPEG,RGB,331,448,[],dataset/train/kamyun/216474870.jpg
kamyun/216484088.jpg,dataset/train/kamyun/216484088.jpg,train,kamyun,.jpg,12820,5408bf71be932472fa827843e14c4523c3a816bc3cccb34d2d582b558c294f25,f3a8760b7b429508691dff008e87e54b4ea7269fbf512d6cf7710e842cefccd5,JPEG,RGB,198,264,[],dataset/train/kamyun/216484088.jpg
kamyun/216498548.jpg,dataset/train/kamyun/216498548.jpg,train,kamyun,.jpg,10873,c5134242b9767d05c232e264ae01fe35bc53ebb7fda77a1445a2cdeb50a5adee,36b2e54df8b819c51adad66048ab94ddb642c06bfbe50f5254cb877524643a35,JPEG,RGB,198,264,[],dataset/train/kamyun/216498548.jpg
kamyun/216522671.jpg,dataset/train/kamyun/216522671.jpg,train,kamyun,.jpg,11216,c1d06d3d3da821eac935678ce79ea3cd587201f8c4420a7843a056c83e8a192b,408c5dec9621bd39dda0529dcf484ecb63e04614ed72a025fdeb9a16ce1993f0,JPEG,RGB,189,252,[],dataset/train/kamyun/216522671.jpg
kamyun/216529238.jpg,dataset/train/kamyun/216529238.jpg,train,kamyun,.jpg,11030,e482fda82e3c5f0d50cf542ab16629f3d85fa02c62aa3a69d4077268aa992391,0f999e65a6eb865783b47db6202e39f2acd16fb3a4161ff2f360407f9119c662,JPEG,RGB,195,264,[],dataset/train/kamyun/216529238.jpg
kamyun/216530770.jpg,dataset/train/kamyun/216530770.jpg,train,kamyun,.jpg,28497,f30c192626345944e0d06a76f22636afcf12c9687198c627935f70b8db7f19bf,2e7d6b0448e473888b7a816d5e66cda6c684fc34546bf3bcb856a7b1c17fa1e6,JPEG,RGB,335,404,[],dataset/train/kamyun/216530770.jpg
kamyun/216560083.jpg,dataset/train/kamyun/216560083.jpg,train,kamyun,.jpg,23692,9ab3bf84ebe8d85e4f706f7d9f4c44cb4d54e28d7c20b6af0e0b28dcf527d38d,d839816fceaae7c62efe1d0445e80d6277be1046d059e6b528d1fee6e5f37828,JPEG,RGB,338,388,[],dataset/train/kamyun/216560083.jpg
kamyun/216560895.jpg,dataset/train/kamyun/216560895.jpg,train,kamyun,.jpg,27608,96580d0ded9f0d8681a398d764746d86ad3df01a1513e27b253d0a4e5bb0dc96,408778bf15e992c7717e3180ce9b17543714ec2b207daaff800d5d7b3db41f7f,JPEG,RGB,343,420,[],dataset/train/kamyun/216560895.jpg
kamyun/216591450.jpg,dataset/train/kamyun/216591450.jpg,train,kamyun,.jpg,29693,3fa16bc575bcf2bad33665a9e22b75787153db7d4e971768f497d2f019a03ca5,bdd250e8e4aa88ee85a952743b6d73496614c72a0ea25cd59eefa91a0a4a2011,JPEG,RGB,342,410,[],dataset/train/kamyun/216591450.jpg
kamyun/216769012.jpg,dataset/train/kamyun/216769012.jpg,train,kamyun,.jpg,10367,ba663a4bd4a59f0e063e0aecbf7596a36610e4cf268c4aaff7268fe25d9b0385,173b0ed8bea6e24336a77db7b28cc18cc1a16ea7516d3cfbc1b89be65e67cf16,JPEG,RGB,198,264,[],dataset/train/kamyun/216769012.jpg
kamyun/216797255.jpg,dataset/train/kamyun/216797255.jpg,train,kamyun,.jpg,14379,b77e61fff418820a54a1d27d4845e0c12ff889636f94a9e3406ccf9e12edc8b4,d5c3374aabfcb819afb0c250364f50e324cdfb1b9be05191436f855a28f3f675,JPEG,RGB,322,448,[],dataset/train/kamyun/216797255.jpg
kamyun/216847004.jpg,dataset/train/kamyun/216847004.jpg,train,kamyun,.jpg,28368,dc5b73ad5e5b478e6fcbd65b9430fabf2d629106b27f424ba802943ced2e39ae,24b797ef6ee36aa86414f2ca546aee4a7693dd86f67b9cb1c2c3e28acd9ceb3e,JPEG,RGB,361,442,[],dataset/train/kamyun/216847004.jpg
kamyun/216850292.jpg,dataset/train/kamyun/216850292.jpg,train,kamyun,.jpg,21394,a08d05b1e04f197813e8c53b95e489087743a68febdbb170087a20b6c43f002b,a3bbdd50efc752cc80d25ba9c53a38a5e6a0c652e3492c6c57ae649b492c009c,JPEG,RGB,313,345,[],dataset/train/kamyun/216850292.jpg
kamyun/216852176.jpg,dataset/train/kamyun/216852176.jpg,train,kamyun,.jpg,20746,432b2e28ee135b0fab6389333e3c39f93639216d23379e63c2d3d89ccfaea905,2c95f7c16aff4b7b292e828bbff5dc6df7aa13d21d9b5aac4d64f52e0810d26c,JPEG,RGB,291,441,[],dataset/train/kamyun/216852176.jpg
kamyun/216888567.jpg,dataset/train/kamyun/216888567.jpg,train,kamyun,.jpg,14399,7b11795eac92a514b2faada3c53e702ac685521d35e2bb67ffe8469406c25966,7d011ea38b9207dd6a698c2ab665644e5d16d22b1d26b71eee3022f92b792092,JPEG,RGB,198,264,[],dataset/train/kamyun/216888567.jpg
kamyun/216926294.jpg,dataset/train/kamyun/216926294.jpg,train,kamyun,.jpg,6671,fced39d93a11cd5d96916a784f96568b49aff76617999a4d29a730795e6c8dfc,3693a57304de64d2055d985b1b69dfefe322f26d10b95817e1bc311004d68df8,JPEG,RGB,198,252,[],dataset/train/kamyun/216926294.jpg
kamyun/216957598.jpg,dataset/train/kamyun/216957598.jpg,train,kamyun,.jpg,22891,8fdd98d4dbdb903ecaf23d1dff17402d90e63164061a417c7a4ac91fa15abee9,3ff86f3cf3c691b866fdb338d8224721075f2cc2d57ca816e3deb1d9cce4efce,JPEG,RGB,297,341,[],dataset/train/kamyun/216957598.jpg
kamyun/216963744.jpg,dataset/train/kamyun/216963744.jpg,train,kamyun,.jpg,29198,83db03ef38c1dd269f5bf7f9b24d4065439134f0bd5e5eaae00a7cb8d7872684,bcd771967b69c4289761f1bc7878af38443e96fe0b669a115ed0326d69dc64b7,JPEG,RGB,310,406,[],dataset/train/kamyun/216963744.jpg
kamyun/216965741.jpg,dataset/train/kamyun/216965741.jpg,train,kamyun,.jpg,24441,0edeee0488ee5c39a9580b10ccd86a7b00747ce4c4447037ce45ace882e824ea,f924643c6a6024500f26198780475e79db1edd34bef83eff7cabba944bab875f,JPEG,RGB,340,408,[],dataset/train/kamyun/216965741.jpg
kamyun/216972904.jpg,dataset/train/kamyun/216972904.jpg,train,kamyun,.jpg,27439,666ffb5c38b5a88712578b15c796bd3e44edd4fb9baa4fcb5140c2b7dbfba85e,657ae65e6902225992d16512804bc60ce9ec20ca135d45a5dea2dff8a834905f,JPEG,RGB,370,412,[],dataset/train/kamyun/216972904.jpg
kamyun/217001556.jpg,dataset/train/kamyun/217001556.jpg,train,kamyun,.jpg,29181,9ae8d423052cece71f07ffa0ca7dca144c09641a3dded9a9bafdbb5b00985a24,ac100935168486d85aab5710c48e178181f7da6de4a67ed37b1faa0d611c653c,JPEG,RGB,347,379,[],dataset/train/kamyun/217001556.jpg
kamyun/217042755.jpg,dataset/train/kamyun/217042755.jpg,train,kamyun,.jpg,11297,fe46d0f2d569a021b37f10f7ad5e84abff992d088ddf08ee202f60c26fc53c55,5fe34cb7f69a9af02b7a4e528ef5b6454f43c40d34d704493c9c02a79ee9e95b,JPEG,RGB,189,240,[],dataset/train/kamyun/217042755.jpg
kamyun/217129195.jpg,dataset/train/kamyun/217129195.jpg,train,kamyun,.jpg,13604,88a03cd9a1d4519b8393e1e2032ced3b49cc2ba91c9f28cffad3f3ce2dc02d0b,cbe5197ea336c14bf1cf6e851319993f9aff3044ae06bd229b60e556e5f12aec,JPEG,RGB,336,448,[],dataset/train/kamyun/217129195.jpg
kamyun/217204099.jpg,dataset/train/kamyun/217204099.jpg,train,kamyun,.jpg,26304,bfa45e04db7b051175a7f490c545fc7eb70e7aee82aa0e677bc5cbee8f38f181,7a7243b91b674b70beb7908b868e4e4d4111221321ba7a633f537e0978f0a8fc,JPEG,RGB,358,359,[],dataset/train/kamyun/217204099.jpg
kamyun/217258940.jpg,dataset/train/kamyun/217258940.jpg,train,kamyun,.jpg,14155,8aecb8bc71ea38fa5c4036d8f99d3349ca84031104d890b180156417b58b344f,49a2b5c61c2bc9499cf04f82d85d8f40882f06ebd56bea74121527438383559c,JPEG,RGB,210,276,[],dataset/train/kamyun/217258940.jpg
kamyun/217393780.jpg,dataset/train/kamyun/217393780.jpg,train,kamyun,.jpg,14071,5c9e8d6f7afd0caf83307c4edcf9437d76ab2a31c15229273d594edc4c360b83,539f1c6fb44622f059f9287338bca349a82144149757f73f6278644be59312f2,JPEG,RGB,338,344,[],dataset/train/kamyun/217393780.jpg
kamyun/217403425.jpg,dataset/train/kamyun/217403425.jpg,train,kamyun,.jpg,29372,4dab8d21dd41e4a7eb73517242b0f74022e9bbdc86f40839df27ecaafaac7cff,434916cc68a508d8191cae7363c1f17e1485462f136ec3adc14a1056c5dcb76b,JPEG,RGB,320,406,[],dataset/train/kamyun/217403425.jpg
kamyun/217685543.jpg,dataset/train/kamyun/217685543.jpg,train,kamyun,.jpg,6879,6b76c11883f9b08fa849ea32ddbfa5073fc6115f8150bdf1902d1852d5cc42ec,f952307774de3d0af8d28847fe42a72578e2c0beeba6222dabcf6c9a7e1011bb,JPEG,RGB,195,264,[],dataset/train/kamyun/217685543.jpg
kamyun/217835143.jpg,dataset/train/kamyun/217835143.jpg,train,kamyun,.jpg,7991,c58569006aa3ee6960cd70766e387f2852287743ace3e5d08a70b5dc78947e5f,88bd5058ce4179a255ba953a5addf970e87e5b5cebe705c85caeaab9ffe23ecf,JPEG,RGB,150,204,[],dataset/train/kamyun/217835143.jpg
kamyun/217924264.jpg,dataset/train/kamyun/217924264.jpg,train,kamyun,.jpg,14062,c693c89aa3d70aeba5a1fdbc2b0880522208b3cf45e300f7441ab2cead3862ea,8f161f9ebb811dafaf993a035373cf158fdf03b471efe1c4af4cb8b8557eae21,JPEG,RGB,315,408,[],dataset/train/kamyun/217924264.jpg
kamyun/217955185.jpg,dataset/train/kamyun/217955185.jpg,train,kamyun,.jpg,30754,67f2f96336ab64d94b011fec4e7ae39cdbad44731acec5e96b0e2e00012271a7,06820808f00ab7042c023c57a13ecca0471b18a7e66b17094e19221c2daa05b6,JPEG,RGB,331,448,[],dataset/train/kamyun/217955185.jpg
kamyun/217960658.jpg,dataset/train/kamyun/217960658.jpg,train,kamyun,.jpg,25499,0ada97945fb7e3a4443da40406a007f03518b0dd51ce906964b80d7c3c651eb5,19970b70e484adbcf92cca5df5ef368bbe63d045ef85685c035977118ee4c2a0,JPEG,RGB,303,376,[],dataset/train/kamyun/217960658.jpg
kamyun/217998174.jpg,dataset/train/kamyun/217998174.jpg,train,kamyun,.jpg,13210,e3e277792a3ff728c5e072266437e4c683331f7d6b8c6c2c24be7f19fcc704e0,a0f181a7907722fd6ccf7a937dd02c3a2cfd550bb39f87b881f4ed03286632b3,JPEG,RGB,318,439,[],dataset/train/kamyun/217998174.jpg
kamyun/218018095.jpg,dataset/train/kamyun/218018095.jpg,train,kamyun,.jpg,15156,2257c16aff2b1b4b3c89fe05d8318c5f9a67b4acbf25722ab713cbb47b1c490a,3bbfc1f958a5cefd187f5b36acbc9ee3cb5ebe66ddbe5634e68ddcf3758faa74,JPEG,RGB,374,448,[],dataset/train/kamyun/218018095.jpg
kamyun/218151052.jpg,dataset/train/kamyun/218151052.jpg,train,kamyun,.jpg,29901,7ead0270b62c139095adb81020ceb457946bfcf4504ee8b692d1dcbfb494043a,d6a5ef82b1e662823ce5ff5998509f713c76ffd32f53e33936718fdb84e69173,JPEG,RGB,371,446,[],dataset/train/kamyun/218151052.jpg
kamyun/218182764.jpg,dataset/train/kamyun/218182764.jpg,train,kamyun,.jpg,11451,8b57171dc0ba44c7827a13d15501d38cf0ebf3d870c9a1253dedeaff8cb66918,d790db8785664188787689745acc4ede1397af10d863910875e2876ae795a815,JPEG,RGB,198,258,[],dataset/train/kamyun/218182764.jpg
kamyun/218185920.jpg,dataset/train/kamyun/218185920.jpg,train,kamyun,.jpg,32801,ddec9ad97539fa169bda632a3cad98f3bfdfbd8861e3bb9b46b9947ecb10b8e4,843e64bc4e804efed8b77c70c76e06b07ecf06b4982bdbbbfe17627916e5f3d8,JPEG,RGB,348,448,[],dataset/train/kamyun/218185920.jpg
kamyun/218240914.jpg,dataset/train/kamyun/218240914.jpg,train,kamyun,.jpg,32614,9dd4ed573a833dfbe9a2510e163fe7b0c48a143292c376cbdfec49603dc38866,4b7c97bcaa4ab485fc1d6a4cec7404b056063f7044783fad2b11f1e892156d7c,JPEG,RGB,352,448,[],dataset/train/kamyun/218240914.jpg
kamyun/218279195.jpg,dataset/train/kamyun/218279195.jpg,train,kamyun,.jpg,32893,3c55a29cc71b9fc997ca98e0c75f0f40e0304c04da9bff0b168c037fa862a0c9,9f69507c36b754fd1cfa81a63e076f70396c05cb972f68fc57de91c6ca41921e,JPEG,RGB,340,448,[],dataset/train/kamyun/218279195.jpg
kamyun/218320799.jpg,dataset/train/kamyun/218320799.jpg,train,kamyun,.jpg,13088,acbbc653fc2d13e1930e12d62c6ebbaa6911a4293cca74ca10c3ef81de8c1024,efb6c3d38099926fc7dfd31df0d7a9dd83b002eb7fc646c1dac4dad5fcaeb474,JPEG,RGB,195,264,[],dataset/train/kamyun/218320799.jpg
kamyun/218328645.jpg,dataset/train/kamyun/218328645.jpg,train,kamyun,.jpg,26172,056b256a320c68d91d292ba3b3a8aa4705984533eb07b3fe6f7fa23e4eb3565e,d93a1e9bc20cd4b1cf28ba372cd962844340bd5b3dabba28d8e9e47b3332062d,JPEG,RGB,321,384,[],dataset/train/kamyun/218328645.jpg
kamyun/218352715.jpg,dataset/train/kamyun/218352715.jpg,train,kamyun,.jpg,36111,a7dfda62d0054865d66849fa2b33418fdf7179ccdf0c3272f55f03021b43aebc,708d564fd3b43358bd84aa206407a4ed2b45e191216a2f04c0d758897c24e78d,JPEG,RGB,337,448,[],dataset/train/kamyun/218352715.jpg
kamyun/218431091.jpg,dataset/train/kamyun/218431091.jpg,train,kamyun,.jpg,32037,5f8583e1216ebf5026a54ec3a1215abe6db2d5d889944f58d28518cb0e6fd061,d9b82aaa690514ecb8eb3ce897450e0bacd52a25746f38ba97c0a14837af5bf8,JPEG,RGB,362,383,[],dataset/train/kamyun/218431091.jpg
kamyun/218464353.jpg,dataset/train/kamyun/218464353.jpg,train,kamyun,.jpg,30794,bd0309405d31a4be1bbd945db18a3f0a923dfeb9af95a0e53e17c272deac3ed7,056ce52f1b633bcccdf2f3b0d5dd679f52ce95e5358330d47d9974e6b06e0854,JPEG,RGB,331,414,[],dataset/train/kamyun/218464353.jpg
kamyun/218465748.jpg,dataset/train/kamyun/218465748.jpg,train,kamyun,.jpg,14324,6c43f4e2462349c517d2d4b742eb635e80a8421a96cddad95eff259aabd2a22a,a3b5c604d85c25e4b64636228bbc23ff6c4266340dfc06057e603c6c1403d57f,JPEG,RGB,310,395,[],dataset/train/kamyun/218465748.jpg
kamyun/218560204.jpg,dataset/train/kamyun/218560204.jpg,train,kamyun,.jpg,28657,1b0c023be1e8e59b1d9238c9a776350a7421a5c2482342ad5cd9231d6bc7d929,bb154648d72bef2c6782d09498a95460aa5945fc9a80d0fc80844d70e2f42db2,JPEG,RGB,303,408,[],dataset/train/kamyun/218560204.jpg
kamyun/218568954.jpg,dataset/train/kamyun/218568954.jpg,train,kamyun,.jpg,22653,b694579a574577f16326ba8c3a62566e02f6f9cc92a415a2736334d2b2626421,9a415ad5db8d4b0589399525d316b231799ac5faec87515145ee2b4e92b202dc,JPEG,RGB,352,316,[],dataset/train/kamyun/218568954.jpg
kamyun/218572695.jpg,dataset/train/kamyun/218572695.jpg,train,kamyun,.jpg,27656,fae1d66b64e46593c76141a89a19d39fda2e87d87ba02b695fd38a869cd1b0c4,7ab1a205b530e69ea6494c5fa7490730c01d34cb594683245f57c3ecf67ce99c,JPEG,RGB,360,368,[],dataset/train/kamyun/218572695.jpg
kamyun/218606314.jpg,dataset/train/kamyun/218606314.jpg,train,kamyun,.jpg,12357,d707248a8179e28a6c371df83c87e5d839551a4247860859990412ecad53c440,17f7546b23b98c5f40d08c12acaa43e49096c35430eace6a9d1ecd9d8fca5022,JPEG,RGB,311,405,[],dataset/train/kamyun/218606314.jpg
kamyun/218618273.jpg,dataset/train/kamyun/218618273.jpg,train,kamyun,.jpg,10452,807358ab3ef1ffecb754f03936787253ad7cffaab8cde75d5d4bef27801d18a5,7f7eb5387c437a01164eac96f90f664f0e6623fae2d19669843603673e701425,JPEG,RGB,302,310,[],dataset/train/kamyun/218618273.jpg
kamyun/218666415.jpg,dataset/train/kamyun/218666415.jpg,train,kamyun,.jpg,27051,ee87789e49402772c42fa1ed9c93fda45f06fedbd7459d903cfaf6d379e52b2c,045d465c7e51f972e42de0d2b1cc7012d7a102eb03c99f017e28cb9654f103e4,JPEG,RGB,328,392,[],dataset/train/kamyun/218666415.jpg
kamyun/218696889.jpg,dataset/train/kamyun/218696889.jpg,train,kamyun,.jpg,29795,86aa449fa82f2dcd59df276e0979a78494f20d1ee403c018e5915235078c4387,91cf3fb54f294fbb24243893a56ee7bed0c7df7f45ac9357ff75d9c07b79edf3,JPEG,RGB,345,448,[],dataset/train/kamyun/218696889.jpg
kamyun/218698955.jpg,dataset/train/kamyun/218698955.jpg,train,kamyun,.jpg,25280,d67db4f6011ad79b76fc716a63e9b6d7a64c8272a4924708751005d61809fb21,a5181ba98850f9b81d0a124d2951fe0a4bc8c85c7f0b6a676f61bb0f2398667b,JPEG,RGB,348,363,[],dataset/train/kamyun/218698955.jpg
kamyun/218699876.jpg,dataset/train/kamyun/218699876.jpg,train,kamyun,.jpg,29712,f1729165f37a397f155893ccef34804a21523b3ab79404e1b60822379234f8db,e75f856eb2b6518521d752fec92aa777ebd2754f8d28699fb4c8fa767e2dbe31,JPEG,RGB,363,448,[],dataset/train/kamyun/218699876.jpg
kamyun/218716781.jpg,dataset/train/kamyun/218716781.jpg,train,kamyun,.jpg,34519,562cb14644ecafd13bb5c8b823b1cc5d639786b082428df7d46a6c0cb4c52a9c,64476365a84258905cd6d169690f62cad3b5b10598f0a22c7cc2d3dd6f670991,JPEG,RGB,357,431,[],dataset/train/kamyun/218716781.jpg
kamyun/218716785.jpg,dataset/train/kamyun/218716785.jpg,train,kamyun,.jpg,24701,488fc6a84fe0dc449ef7ef754f5a87de62c83e200d7a191c793037cd29b5ee70,4ae4568280403cbc74f94ca238a4864b9b4bfca4972af6c55d70cbf8880704ca,JPEG,RGB,367,308,[],dataset/train/kamyun/218716785.jpg
kamyun/218719172.jpg,dataset/train/kamyun/218719172.jpg,train,kamyun,.jpg,32405,2f53c0af5af88fde8bc8eb853f02e02580253c79e1b3a9b1708ffcd8c2e053ed,9a95c390467240872cdd58f24c922cd08befe43dad6d8020874ec8bc46269438,JPEG,RGB,319,416,[],dataset/train/kamyun/218719172.jpg
kamyun/218721747.jpg,dataset/train/kamyun/218721747.jpg,train,kamyun,.jpg,13269,d6e11c95c2e289b977808f189f06d4f6cc1ec14126a5084b9ec3a4f99b43f84c,4807404ab0419642cc842285b181006ae58619bcfcc43e89b3e7c62554ef287e,JPEG,RGB,339,448,[],dataset/train/kamyun/218721747.jpg
kamyun/218753345.jpg,dataset/train/kamyun/218753345.jpg,train,kamyun,.jpg,25526,d492e6f426bb54038206c53862f10782c0f18aaacb1f5f43eca6309891f97e44,86435598e0d69591bbdc49ae3d952f0bb9861282ec307b34eaa334e99229daf0,JPEG,RGB,316,407,[],dataset/train/kamyun/218753345.jpg
kamyun/218789288.jpg,dataset/train/kamyun/218789288.jpg,train,kamyun,.jpg,30030,3a1533d345d651e5750da9104a36e6a6361221564a7b544ae82d759b13ad7795,8653087d77b63637fd438219e72e28677564a2242fc5b72f665ffd5e676b4387,JPEG,RGB,333,402,[],dataset/train/kamyun/218789288.jpg
kamyun/218800079.jpg,dataset/train/kamyun/218800079.jpg,train,kamyun,.jpg,26633,9366606bff5c1adf4972306186d20e55cfe8c5769840f1e602b7bc5183203692,039a961d3308d4a452770a1667d9e47794ff8daa14159332f4b1ef3b3efbd4ee,JPEG,RGB,316,425,[],dataset/train/kamyun/218800079.jpg
kamyun/218812834.jpg,dataset/train/kamyun/218812834.jpg,train,kamyun,.jpg,29931,e34faa0f5f9a53d33970bdeb4ea1f856bb878f417085367c00989945cf3021fb,26e8db232c2809ea4b68183356a9e783014ded98469a3de6efc82f396860548a,JPEG,RGB,328,426,[],dataset/train/kamyun/218812834.jpg
kamyun/218815698.jpg,dataset/train/kamyun/218815698.jpg,train,kamyun,.jpg,13721,d42380b57384c7b1a750776db9b6819bab1e8b89a4c9ef3270bfd913ff72e081,1af6569f04cc9551e029c6deee78bcc0d8311669526e83cb486bbf79b48a3be8,JPEG,RGB,189,252,[],dataset/train/kamyun/218815698.jpg
kamyun/218830724.jpg,dataset/train/kamyun/218830724.jpg,train,kamyun,.jpg,30576,da45256755f41d5bf550222330b756911c89cc8debd9c7e0e1f4358f087934dd,53e8bce432f6743eb6ade9aa9e8673909593dd6d61f8a2ad421968539b9fd451,JPEG,RGB,380,448,[],dataset/train/kamyun/218830724.jpg
kamyun/218833324.jpg,dataset/train/kamyun/218833324.jpg,train,kamyun,.jpg,38200,7217ad35fefcabd29c8f653beba07ea11bc1099f12cef8cf8e4bb9754d0a9208,6701463702aec84b0bdf00d60cc919cf73495378e87ca3d5fd95e984298fb521,JPEG,RGB,376,448,[],dataset/train/kamyun/218833324.jpg
kamyun/218843937.jpg,dataset/train/kamyun/218843937.jpg,train,kamyun,.jpg,32702,036da7224ebdead81c694b0ad17731a474a435d38cd04cd4b8110f5742ef3f19,92c9aa86c9d4866a4767ff5dec68251c42000a23554d95e4f6be38c56970482b,JPEG,RGB,347,448,[],dataset/train/kamyun/218843937.jpg
kamyun/218851819.jpg,dataset/train/kamyun/218851819.jpg,train,kamyun,.jpg,16830,30021d0c9e117465490fa0322beb47259553e029845965ec92e374475ff6be7a,348dae80bde86336a8c4c841aaff0cdec5c8a215d6cf4cead5e01667afbfb9af,JPEG,RGB,345,448,[],dataset/train/kamyun/218851819.jpg
kamyun/218915243.jpg,dataset/train/kamyun/218915243.jpg,train,kamyun,.jpg,28799,45106722c94e8125179cbcb0f77904e0ac9f92e889bf80a0a2efea0ac4a45fd1,eb73528e5dfee59f0bf5dfb0bc8c7a5f5e83b69d3e07f9768b2b37da4639efb4,JPEG,RGB,287,431,[],dataset/train/kamyun/218915243.jpg
kamyun/218916372.jpg,dataset/train/kamyun/218916372.jpg,train,kamyun,.jpg,12913,d65e637289a83b5f53204823f3de7cb98b2b1983d262990fadfbc931fa3b0a6b,8c5f88263c3d081acc4482674b2590a172ac70e82952280152f7c9b0f933cc8e,JPEG,RGB,311,406,[],dataset/train/kamyun/218916372.jpg
kamyun/218931656.jpg,dataset/train/kamyun/218931656.jpg,train,kamyun,.jpg,8070,8879cd998917dc30cdc73901b30368822e0bdb7aef33f411be6eedb54a1a1657,3185bbbf6a0d5c0f077ffb98f1ec60b96138e378256e9b4daaf3f85e718e595c,JPEG,RGB,177,240,[],dataset/train/kamyun/218931656.jpg
kamyun/218935445.jpg,dataset/train/kamyun/218935445.jpg,train,kamyun,.jpg,9024,20b52bc98ad242d457c8934307bae58b8422ff69c5345be90b1392f8aa531c07,dcef428770e8c606a86bdcd3f98056bfcd4adbaec4d4833b8e4f51635660578d,JPEG,RGB,186,252,[],dataset/train/kamyun/218935445.jpg
kamyun/218936367.jpg,dataset/train/kamyun/218936367.jpg,train,kamyun,.jpg,23388,548e53d5e91b3cf3054ae1c8db5b828b2bca404c930c9f6db38c46744a320fac,053076d1a3abf1c840b0d6b452c928d9c880803b4829d8b3f134ed0bc44de5e7,JPEG,RGB,297,369,[],dataset/train/kamyun/218936367.jpg
kamyun/218947259.jpg,dataset/train/kamyun/218947259.jpg,train,kamyun,.jpg,27669,420e51f383e63be1ae73c26144602b6fd2ffcf91c943b6f7dfd66015dd59ec2d,20b5a1fe04b98580c3102b1aed7d40c7dae78fcc9379ef1abd1e2eb339511038,JPEG,RGB,382,374,[],dataset/train/kamyun/218947259.jpg
kamyun/218972010.jpg,dataset/train/kamyun/218972010.jpg,train,kamyun,.jpg,38716,7c74b12bdc0bd735ceb3202631cabe1ef49d6c01dcaf558bee3b8e0a80ad3d09,32539567ee21513539253d0d5be55cbacd6e35b0d790cffd294e552abaa1d913,JPEG,RGB,395,448,[],dataset/train/kamyun/218972010.jpg
kamyun/218978195.jpg,dataset/train/kamyun/218978195.jpg,train,kamyun,.jpg,21805,edc057efae30e4ff6139dc2b332735c1cf506e657e23d187cc6ac6476a6f8952,750d0ec48c9dc5b4e4e9f83a1a128dbbc6b8dbea9de4e9a63faec1effe81016f,JPEG,RGB,300,356,[],dataset/train/kamyun/218978195.jpg
kamyun/218992950.jpg,dataset/train/kamyun/218992950.jpg,train,kamyun,.jpg,26291,232492d704a24fee6fbe29ed6c62b06a5940edab33a1d092284717cb29cbbc45,4e4c6bd275d6f5f3b2fab01bbe821fd3f429f3306bda906506b335f822b4a940,JPEG,RGB,344,351,[],dataset/train/kamyun/218992950.jpg
kamyunet/193903806.jpg,dataset/train/kamyunet/193903806.jpg,train,kamyunet,.jpg,22130,9def8f4ce1815871c5acd6bc88a6e486def8c8bdf5b3da2b6d8dd976f9d5e7c7,6f194c8b02ebc04a70c75659bff72d55e649666df1285201c9131d787dda5904,JPEG,RGB,317,370,[],dataset/train/kamyunet/193903806.jpg
kamyunet/194270924.jpg,dataset/train/kamyunet/194270924.jpg,train,kamyunet,.jpg,22589,fe00abd9cf8930c082cfd1c0a8f6b1382a0881434f19b4709b5ba9fb60af4da0,14bdd7faae2501fdaa511fa86459f11ce7b1f1729924f6a5314e379f407d9ec9,JPEG,RGB,347,326,[],dataset/train/kamyunet/194270924.jpg
kamyunet/194278256.jpg,dataset/train/kamyunet/194278256.jpg,train,kamyunet,.jpg,13473,cac131e472a9dd044ca6419ddaf576b41cde6f6924953a7caaf4b78aa3fb69f1,795211ac8a1caf3d02f213bf989f666669cb7267cf1b1cec1331ae4e4dcf5193,JPEG,RGB,314,388,[],dataset/train/kamyunet/194278256.jpg
kamyunet/195416036.jpg,dataset/train/kamyunet/195416036.jpg,train,kamyunet,.jpg,19637,8862b9a98e4add99fbf5633ec6f34f41bf0c26c231fef4a52cb9ba788970fdff,ac0ea399a8fd0e4dff97bb65e80e484c505bc6fe8d3e637a1bef1745a129d40b,JPEG,RGB,284,314,[],dataset/train/kamyunet/195416036.jpg
kamyunet/195578789.jpg,dataset/train/kamyunet/195578789.jpg,train,kamyunet,.jpg,12679,514bd004de238148eeeca748a182bea9050c8ce31395cd9ad0d51fa29343f925,f6f0f4a5ca7f859a609590fc2e0c39524968919bd89f2431b1f4efa6e581fdf7,JPEG,RGB,306,222,[],dataset/train/kamyunet/195578789.jpg
kamyunet/195670551.jpg,dataset/train/kamyunet/195670551.jpg,train,kamyunet,.jpg,14127,d3cf320e30c0c17b585fae9a024cd27548db0991e4f5d66520776e9f68bfbae4,5f9cbba28508a0cb3faa649f9fcb8b6912b4c51118d8f79de5f8b233e6a0deb6,JPEG,RGB,287,290,[],dataset/train/kamyunet/195670551.jpg
kamyunet/195918838.jpg,dataset/train/kamyunet/195918838.jpg,train,kamyunet,.jpg,14536,c43d4fa78c5f9b0f5c04ea45ae22992cd16ca775c45565a57455f330e5a7966c,a3013d9c5deef4c1293fd79a1c5f8c15a06d7b057f3eff929648cd08ebb5b829,JPEG,RGB,268,281,[],dataset/train/kamyunet/195918838.jpg
kamyunet/197387270.jpg,dataset/train/kamyunet/197387270.jpg,train,kamyunet,.jpg,23382,2b0988a26ab084e5025c426c09d5f4ca1949cd832dd40c045d097d554e2847ad,a27f66f343bcc139fe9fc2f71305d6a68a071e227e64c3d8d81d3b9deabedc1c,JPEG,RGB,371,354,[],dataset/train/kamyunet/197387270.jpg
kamyunet/198385201.jpg,dataset/train/kamyunet/198385201.jpg,train,kamyunet,.jpg,12625,8d017077e5cdc58445d31487f84fdf78d8cd5a7fe40a79dbf2972f97a833f37f,930ff0878d85b23cab0a78766385685980a34a2b9c88c2c7593db3d8d24cedcd,JPEG,RGB,268,272,[],dataset/train/kamyunet/198385201.jpg
kamyunet/198425102.jpg,dataset/train/kamyunet/198425102.jpg,train,kamyunet,.jpg,9658,0510d0b53b9a1b4fc02e4a1483d4130a889a8266ef7b95ddf91cdbce3e1e5171,e2b3582996b97a988291aad480e236942ae171e4f68f36c58adf91da4994c600,JPEG,RGB,290,247,[],dataset/train/kamyunet/198425102.jpg
kamyunet/199279799.jpg,dataset/train/kamyunet/199279799.jpg,train,kamyunet,.jpg,9369,0c6ea59e18ec1886e197ec187dcfa4d411e181d42c597b90c32fff1a7d480381,5eea374f4f19b151878874a696165744f6834ad157f0d2cbfd6e0a3b6a76fca5,JPEG,RGB,208,205,[],dataset/train/kamyunet/199279799.jpg
kamyunet/199375942.jpg,dataset/train/kamyunet/199375942.jpg,train,kamyunet,.jpg,13933,e0c52ad7ceb82f1f05fe733e532e3f214f62035f26c781d1d4657c695c5523b3,261cacca7f19cba88200fbf4b63bba8d55983e9cc674a6daf33250790b62f02b,JPEG,RGB,304,292,[],dataset/train/kamyunet/199375942.jpg
kamyunet/199637722.jpg,dataset/train/kamyunet/199637722.jpg,train,kamyunet,.jpg,15647,9e74ede6ddfce4ce665cb7e57ede55dedf5036efd68c9434d2ce6b312b6677f1,c1212dc9cd9167f64779864a02075eb4542510d7afffe8302b69a7a060328ed6,JPEG,RGB,257,274,[],dataset/train/kamyunet/199637722.jpg
kamyunet/200420286.jpg,dataset/train/kamyunet/200420286.jpg,train,kamyunet,.jpg,16612,cd7feabc13adacdc5ee112882220ee3b5914dc31dc35d198577640f9dcba256d,cf70c5fc236f04e1e562f16cf044d7f43a5b191cf6dd48497cd5a6026936c7c6,JPEG,RGB,267,315,[],dataset/train/kamyunet/200420286.jpg
kamyunet/200457547.jpg,dataset/train/kamyunet/200457547.jpg,train,kamyunet,.jpg,19315,02f014700f0947e227a7b67666c676f944b53ade73ea147020279d3856952307,c9df8c903dc1ce01d1d6a8fa8d9f5b60ccec317c40c77bf11dbb40b52f18f06f,JPEG,RGB,298,396,[],dataset/train/kamyunet/200457547.jpg
kamyunet/202209206.jpg,dataset/train/kamyunet/202209206.jpg,train,kamyunet,.jpg,15838,b557f26eece725122cacdcdc4a011399fe6a4d8100b0448ad39ab921c2d68ecd,5981e7e9b84380de3de447e9dfad6b052285ce202fea1afbd00ea54145e39f5d,JPEG,RGB,259,297,[],dataset/train/kamyunet/202209206.jpg
kamyunet/204597188.jpg,dataset/train/kamyunet/204597188.jpg,train,kamyunet,.jpg,19832,940f97b2cb9400cef0cc8b8bee8feee9f5344e72bf8b9f40ae321c0368fd4a68,c3a76a5a9b7275e515989b9870d01e20c12624e239a06254fbdd3cef40d8f7ce,JPEG,RGB,294,327,[],dataset/train/kamyunet/204597188.jpg
kamyunet/205243013.jpg,dataset/train/kamyunet/205243013.jpg,train,kamyunet,.jpg,16420,f001c2879d5a6db91cd7d58f79bf818c3eae7c5de9b77a4dd95722013f276e1f,20b3a39c11190815c37803fe4978a9eda78919f6468d97d49401cba6b68153a9,JPEG,RGB,289,273,[],dataset/train/kamyunet/205243013.jpg
kamyunet/206769671.jpg,dataset/train/kamyunet/206769671.jpg,train,kamyunet,.jpg,25309,4f3b7c401f67467918cc0f8b21f0e097e52f04ff6bb37a9cbcfdbb171e35497e,0a2bdaae4aa1e984292942808eb0f2f134805c5da3682c6b343ce3f9444f43de,JPEG,RGB,284,356,[],dataset/train/kamyunet/206769671.jpg
kamyunet/208853947.jpg,dataset/train/kamyunet/208853947.jpg,train,kamyunet,.jpg,16346,382ece47f5b0468d0a07ec930f327775dcdf0ddb3f6b518753a7278194b32e2d,ca705ade1b2af48d0d645752af5e0a6d03e6433924d786089feb1556a306d4d0,JPEG,RGB,276,326,[],dataset/train/kamyunet/208853947.jpg
kamyunet/208870069.jpg,dataset/train/kamyunet/208870069.jpg,train,kamyunet,.jpg,15197,d42a357ddfc23c5e3e4380159ca23ada1568ef40bb7b89a5a668b397352d4752,b5dea1e77611fce4807beb47f7678d59cf7c5f90be5a2c955225f53f9f71def2,JPEG,RGB,274,333,[],dataset/train/kamyunet/208870069.jpg
kamyunet/210064050.jpg,dataset/train/kamyunet/210064050.jpg,train,kamyunet,.jpg,9137,7e69dabb9d5ca7b9c58bce1f2d155b244df3403023a0b5ce9c360ed34aebf628,a031074da87ef7cb04deeca861e93592debcdd4ae77008bfbf36b363ce1b268a,JPEG,RGB,177,240,[],dataset/train/kamyunet/210064050.jpg
kamyunet/210127639.jpg,dataset/train/kamyunet/210127639.jpg,train,kamyunet,.jpg,9092,5a4f7e1a31a6e2e4f5ba34c8862047e59d95243523f06d5f4156dfa6db5c5637,4d62f283bd2e732a680aeb9304a44c353e051bb203e11a32fbf70d38077d07f6,JPEG,RGB,198,244,[],dataset/train/kamyunet/210127639.jpg
kamyunet/210504161.jpg,dataset/train/kamyunet/210504161.jpg,train,kamyunet,.jpg,14944,1591e8dca8fb26603cf4417c7f0da7c5c9b74a9937caf44617931af5ae7c6803,a1d4f374b4160a64384499b3c9a4e142e5fd8da5837b41b215377b90b3e023af,JPEG,RGB,281,393,[],dataset/train/kamyunet/210504161.jpg
kamyunet/211050468.jpg,dataset/train/kamyunet/211050468.jpg,train,kamyunet,.jpg,19000,8da500a1732234f2ce4dfe797dae2d74d44c3a18dd79577709c463d17633079f,b327a341328666b49d2224aa6f66fb90c49cdc838ffcf4571eea46cb944ab4eb,JPEG,RGB,241,344,[],dataset/train/kamyunet/211050468.jpg
kamyunet/211723634.jpg,dataset/train/kamyunet/211723634.jpg,train,kamyunet,.jpg,10780,a057367bbf50dd95d2a393bb3607c76142eca9e6c304be6fd212d9cf004d75b5,6636c756f26539056081d69d0b309edea5fb0b6495e6a8f107e38f5ec2870ac1,JPEG,RGB,195,264,[],dataset/train/kamyunet/211723634.jpg
kamyunet/212119384.jpg,dataset/train/kamyunet/212119384.jpg,train,kamyunet,.jpg,10270,f66f6d78ee331a46799350da8375568242820fc5a0b4384e99ea6419624f8250,7568136e2870634c20cc1a2b03b57451ab59367c2a145fa4471b6b357bb98360,JPEG,RGB,290,344,[],dataset/train/kamyunet/212119384.jpg
kamyunet/212295113.jpg,dataset/train/kamyunet/212295113.jpg,train,kamyunet,.jpg,8429,b5032382f8472c1b8451cdedbcebcf4a54650cd4640b7be32273ae577c81a5a7,28015fbdc179cdf55713df66c2258742de8369e90e9c110a74936dc1544c681c,JPEG,RGB,210,268,[],dataset/train/kamyunet/212295113.jpg
kamyunet/212731940.jpg,dataset/train/kamyunet/212731940.jpg,train,kamyunet,.jpg,12493,b338c053aecfcd8fc92e1afc3ea26829fa6c8f53497007355105db5661cebe03,494709582c2d3c189ddff625dee4929b5ff92695d4ddbe897d320f1762c35f1a,JPEG,RGB,210,264,[],dataset/train/kamyunet/212731940.jpg
kamyunet/213294319.jpg,dataset/train/kamyunet/213294319.jpg,train,kamyunet,.jpg,9532,51e479cb57d26c925ef994ed2e9bd589d83669c52f3965064d9c8344a490ac71,97ec6e7ccb495182574806d4aaa951043d855d96b35a0aa47f526d5640065541,JPEG,RGB,189,240,[],dataset/train/kamyunet/213294319.jpg
kamyunet/213479569.jpg,dataset/train/kamyunet/213479569.jpg,train,kamyunet,.jpg,15297,087bc2fab9cf4b8e2ebf437929ea196bf915ee504566969ebd3304a3e04c53e5,821bb4beccd4b5212b5134371b8dfb3c3188e186ebc966f55a8217379ecac5e6,JPEG,RGB,277,368,[],dataset/train/kamyunet/213479569.jpg
kamyunet/213511840.jpg,dataset/train/kamyunet/213511840.jpg,train,kamyunet,.jpg,16152,4c9c3c2a435a1e2c77a3c85e1bf54d3e067225dae1e13014c011728f0bb2e8aa,b9b731adeaa81bdc4426daaad90216911109c1906c5e3ea437326f1f09e2930a,JPEG,RGB,274,389,[],dataset/train/kamyunet/213511840.jpg
kamyunet/213627127.jpg,dataset/train/kamyunet/213627127.jpg,train,kamyunet,.jpg,12694,851878dd97ace3b823aff10363810163a2e782e848070e9d4dd65950f536241a,15ae59269f073ed7727849270b8057aa33b6399a2bd1f4c4e9b5d5a90822e826,JPEG,RGB,186,252,[],dataset/train/kamyunet/213627127.jpg
kamyunet/213821508.jpg,dataset/train/kamyunet/213821508.jpg,train,kamyunet,.jpg,11256,c9dbdedc795d2dd7b416e6b72e34e87f74ddae0a91203db8b5bc580e117cf2e7,62e55c48396e642dbcf31612776e4fdeb35842885850e9a3d27b4b46b2fcac18,JPEG,RGB,261,390,[],dataset/train/kamyunet/213821508.jpg
kamyunet/214283248.jpg,dataset/train/kamyunet/214283248.jpg,train,kamyunet,.jpg,15261,fb6b0427c138aeea8edc4ad47471e351a7f9ccb0d8f0cf33eeb55630b33ba852,eac2583095e0cc6ccd0d46ba5299779a582aebd3b240fb69b843831da7205cf6,JPEG,RGB,269,388,[],dataset/train/kamyunet/214283248.jpg
kamyunet/214284950.jpg,dataset/train/kamyunet/214284950.jpg,train,kamyunet,.jpg,15297,a82638a731b06482c02e82260f6e5cddc401c87c683fd9574769aae082830d32,a972b506140616e069dd23fa9e54d17e038234340ebba931da030840205fbb8f,JPEG,RGB,276,397,[],dataset/train/kamyunet/214284950.jpg
kamyunet/214285219.jpg,dataset/train/kamyunet/214285219.jpg,train,kamyunet,.jpg,17726,722c3ff81874b0f1fc996277501171a5c8e717e2a313cd84bee3afeb150e308e,2064aa1c3f8285e5eca64154bdea015e2794b1615715abf23e70d326a798c5ba,JPEG,RGB,286,387,[],dataset/train/kamyunet/214285219.jpg
kamyunet/214357757.jpg,dataset/train/kamyunet/214357757.jpg,train,kamyunet,.jpg,11083,cca28e3371d2bf9ac63fb9786c32256ec53a6a212e5b4363daf98ad956926e6c,8e0d75c1558b77d0da97b0691f3145eb47329a37a89c01779ca5dd77207f26b9,JPEG,RGB,222,280,[],dataset/train/kamyunet/214357757.jpg
kamyunet/214358573.jpg,dataset/train/kamyunet/214358573.jpg,train,kamyunet,.jpg,10783,a090ad15599969131774dafabaf63adda8f0e1f7eb2898a009daf13f6b83e6f1,ec88821a52521e1573c49ef931b36823e8ac56fa721d950379e4d84f0dcdc241,JPEG,RGB,189,240,[],dataset/train/kamyunet/214358573.jpg
kamyunet/214359092.jpg,dataset/train/kamyunet/214359092.jpg,train,kamyunet,.jpg,10510,fba3dd663dafdb487fc857c46fcc211adc3dd754bc85f807ee80493861fae786,f77516bd1869b30a62d5a3e451833ce548ce63d5f43ea7026c37a832b518e970,JPEG,RGB,198,256,[],dataset/train/kamyunet/214359092.jpg
kamyunet/214641253.jpg,dataset/train/kamyunet/214641253.jpg,train,kamyunet,.jpg,10590,e39f3dbd0678fb81a04fe1d3a3ca5f8b3272f6cf756a67924032401d51dbafed,64bc980ee21eaef533647a5bb4136113ba7b81987bbaf44868cac9195f73496a,JPEG,RGB,180,229,[],dataset/train/kamyunet/214641253.jpg
kamyunet/214773624.jpg,dataset/train/kamyunet/214773624.jpg,train,kamyunet,.jpg,20610,e127ac7707ef8412ccf3f4cd4d9dd39f469eb15a2aaa753265229a79663bd76a,e87bf9f8cd4cc3d8a208df1a8a4c8723475e8094f18edb171b56449acddf390f,JPEG,RGB,315,448,[],dataset/train/kamyunet/214773624.jpg
kamyunet/215094485.jpg,dataset/train/kamyunet/215094485.jpg,train,kamyunet,.jpg,19270,dd6c558a015bf8d7f80e85e9353227e4dae1d24cfd589f99e389932d5325a677,c875bbd5fc7eeacab66becfff760103d14ef5bd920f21b5ef5254435b0e26098,JPEG,RGB,321,325,[],dataset/train/kamyunet/215094485.jpg
kamyunet/215100998.jpg,dataset/train/kamyunet/215100998.jpg,train,kamyunet,.jpg,8213,f1edf473e676727b89c05bf2c9d804220d3034ef94eff918a7ec789c73fbfd91,8f81831fe5b1c15b04bbacbc72ed73b6aee99d08228a6fa9937a0caac702b58c,JPEG,RGB,144,192,[],dataset/train/kamyunet/215100998.jpg
kamyunet/215104991.jpg,dataset/train/kamyunet/215104991.jpg,train,kamyunet,.jpg,22137,b09402eac719baf50afc79134a0ec8022d662957fddbcc5bac49ab4c4af2843d,9279c981bd28303ab9052d1acfd961399dbd94df75bb3d621a355f0d818e0c35,JPEG,RGB,286,377,[],dataset/train/kamyunet/215104991.jpg
kamyunet/215569155.jpg,dataset/train/kamyunet/215569155.jpg,train,kamyunet,.jpg,21445,9fc7664ca4ac36cdf6aea378697806748efbb2454069af18940675b027fd920d,e159876f0799c4b2e013b476f961e09529fe3c5632e78140c964194b1d9fc2b2,JPEG,RGB,272,375,[],dataset/train/kamyunet/215569155.jpg
kamyunet/215756767.jpg,dataset/train/kamyunet/215756767.jpg,train,kamyunet,.jpg,11172,44cbb2cf578832fc4a8b64fe243e925a630de35cdcd7fe535766a618b2bcb5d3,8f724b9e4889e53fae2b07351e4e5e25aec34572fadab4266c49d2b4bc37828b,JPEG,RGB,293,301,[],dataset/train/kamyunet/215756767.jpg
kamyunet/215770886.jpg,dataset/train/kamyunet/215770886.jpg,train,kamyunet,.jpg,11931,8fefd959fc32f463c4b31a830b48949f14ff61ad4e70dfc247a7c435e8122981,97e32a0e4f9ccee175c588dbcbc54a87222ab63597f66a7ee2f5e31b4a0da55f,JPEG,RGB,198,264,[],dataset/train/kamyunet/215770886.jpg
kamyunet/215773348.jpg,dataset/train/kamyunet/215773348.jpg,train,kamyunet,.jpg,9567,6f4d05a0b679e550bea1be1283c1c06021630bbe9e914b85db0cec4cb8cb68b7,ead6e1917c48375bb0dbe70e6c07d67cc804440b727c8bc8e26330b136a5830d,JPEG,RGB,171,216,[],dataset/train/kamyunet/215773348.jpg
kamyunet/215773663.jpg,dataset/train/kamyunet/215773663.jpg,train,kamyunet,.jpg,10961,dabe869a319e9c9915ff83f72ed49c7bbd8494ea39b8a4f16f6196d50a4c3685,490adfd8cbc17c1a33095a867b2249f087e44e0e487aa48413583497c01c0843,JPEG,RGB,272,377,[],dataset/train/kamyunet/215773663.jpg
kamyunet/215862632.jpg,dataset/train/kamyunet/215862632.jpg,train,kamyunet,.jpg,12163,d62ec8301e7b12089c83f9ed751698db78a35186ebc2c055ee42b0ff34ceeacc,f827d8722a46321fa2d72f2e1760c1208b85e15fa8acead48e473a63505b886a,JPEG,RGB,315,377,[],dataset/train/kamyunet/215862632.jpg
kamyunet/215904707.jpg,dataset/train/kamyunet/215904707.jpg,train,kamyunet,.jpg,11844,4562e35075d1959c13ae43d6fd90266dbc02e976a9704c54dac461fdc90f23a8,4cb657f3ef0e0669c8fdcba6ae595cbbdf6940defd8a0d7fe7adb99b9c3b2b59,JPEG,RGB,286,240,[],dataset/train/kamyunet/215904707.jpg
kamyunet/215957360.jpg,dataset/train/kamyunet/215957360.jpg,train,kamyunet,.jpg,11061,8949d72e87d4eaafd62fe77428723a93aee16a661cc8fa772bd9e288bf86f978,6a33ca8c9268174ce50d0196b71127ec93c2729258ec9432ce7fe363ec4468a7,JPEG,RGB,248,284,[],dataset/train/kamyunet/215957360.jpg
kamyunet/216013078.jpg,dataset/train/kamyunet/216013078.jpg,train,kamyunet,.jpg,10730,685a1e05d12b38754a12730a45f4475f4a729dfc7d860445664316622d673bfb,ed7a850baf0a43deb2e766958555b9b7043b8966617d935579217006fd8671a8,JPEG,RGB,285,301,[],dataset/train/kamyunet/216013078.jpg
kamyunet/216023451.jpg,dataset/train/kamyunet/216023451.jpg,train,kamyunet,.jpg,21153,3d41b7497549902449d591690d242d1d4d1985699af8444b7125321587d242aa,5e60e99af6e9b1e006dcc6166dd2c9681574cf7d854171e43bf44f951bb21792,JPEG,RGB,283,353,[],dataset/train/kamyunet/216023451.jpg
kamyunet/216027967.jpg,dataset/train/kamyunet/216027967.jpg,train,kamyunet,.jpg,33265,3b70a9b28d6b55aa73416499d58e3839e3c7af80886ee21bcf82d5fe9ec0e933,472f828fdb284e3e0674794440c0b19962857ae3e2a9641395759a61a0c9898c,JPEG,RGB,310,448,[],dataset/train/kamyunet/216027967.jpg
kamyunet/216038703.jpg,dataset/train/kamyunet/216038703.jpg,train,kamyunet,.jpg,19333,325063138c12936c188e381cbc2ef2a6aa8d22863f20602a7943159fd09c9fce,a53be19a08ae776f05b9502bf3b811f908df78d75af07c1ac87c10789ccc868f,JPEG,RGB,258,366,[],dataset/train/kamyunet/216038703.jpg
kamyunet/216061835.jpg,dataset/train/kamyunet/216061835.jpg,train,kamyunet,.jpg,11275,ba50a3eb489639a1a7483f56ddd7bbd7cd3cb5761176d5951b1b972446f83de9,6ad276d596fca293c5e153a24c767248eccc6c05046b59d264b7ac08b7967806,JPEG,RGB,189,240,[],dataset/train/kamyunet/216061835.jpg
kamyunet/216070131.jpg,dataset/train/kamyunet/216070131.jpg,train,kamyunet,.jpg,21791,959d338c3c3ee3ea58af03b3f511ced60ea5e510bafa88dd7d26640ca3b94565,e6a84ee7f597298395516c2d0d5a9773f89bc75aa800ec6b9ae3497d45c80dfa,JPEG,RGB,309,421,[],dataset/train/kamyunet/216070131.jpg
kamyunet/216084517.jpg,dataset/train/kamyunet/216084517.jpg,train,kamyunet,.jpg,10530,cb06cb4257359fb56733e9c92c2fa9065dc63682e03380325d045715a12f733c,285cb57086c19ef5ee9bdae973a74004bf48a217d885454701a8c57d1a776a89,JPEG,RGB,195,258,[],dataset/train/kamyunet/216084517.jpg
kamyunet/216102144.jpg,dataset/train/kamyunet/216102144.jpg,train,kamyunet,.jpg,11893,4d1dff3f797d974a15870efab9610c9d6d25d039861c9503dde8660781a8ab8c,2cb995749ffcf377f9eb054cc4b0547b0482bda248660b507dc491d9d12c2625,JPEG,RGB,195,252,[],dataset/train/kamyunet/216102144.jpg
kamyunet/216104417.jpg,dataset/train/kamyunet/216104417.jpg,train,kamyunet,.jpg,19588,bf3140d7624049b2f9a20c6814e3e2b20336a4ab89ca6d0b2cec203b1e905307,ce4e9d54555f80c47c00f70cf70dadafe3d32d571befeb1fecfbcaa3d4972c16,JPEG,RGB,278,381,[],dataset/train/kamyunet/216104417.jpg
kamyunet/216156914.jpg,dataset/train/kamyunet/216156914.jpg,train,kamyunet,.jpg,9725,45a9639d511c8f925697cc5580e423c018a51aa29c246198d96ae7f22a11cf50,68f69febc8d98ad26b8a099ee3fb1457dfb5b1c08b516d2896709f8bd6d4dad2,JPEG,RGB,283,360,[],dataset/train/kamyunet/216156914.jpg
kamyunet/216186618.jpg,dataset/train/kamyunet/216186618.jpg,train,kamyunet,.jpg,5945,98e1ba2602246c74c26786aa4e1f50c76d1ed307a7a25602d20a3d003393dc3c,be846e0800a54b2751ebf461ecac7efcaa98fb4e77e11bb0c45586220b33f1e1,JPEG,RGB,186,240,[],dataset/train/kamyunet/216186618.jpg
kamyunet/216282044.jpg,dataset/train/kamyunet/216282044.jpg,train,kamyunet,.jpg,11753,eb9008c659c460794936e52363c01a43dba1e71f084568b87a110de53bf41308,510f46a098c2a15cd0bdd229a5016c70ea410cfa237b6e0302849e2b35809bfe,JPEG,RGB,288,376,[],dataset/train/kamyunet/216282044.jpg
kamyunet/216297399.jpg,dataset/train/kamyunet/216297399.jpg,train,kamyunet,.jpg,22452,071bc4341b017f050c397a9b1c93e28c56ada1df15d848ca42184134fc63e58a,a02a37cc6a387ec88b51a7517753437a59a34943c9b062bfd6acac43ea88a965,JPEG,RGB,316,403,[],dataset/train/kamyunet/216297399.jpg
kamyunet/216304874.jpg,dataset/train/kamyunet/216304874.jpg,train,kamyunet,.jpg,18336,decf65e576df4fe9594118f75c90d3d83f5f8a21d8df0385f8c1e2570fa6e225,543a74aa7fc9b7a36542a1b749d406740a8b98489c2f477ef71c12f3ae4dd516,JPEG,RGB,287,313,[],dataset/train/kamyunet/216304874.jpg
kamyunet/216393244.jpg,dataset/train/kamyunet/216393244.jpg,train,kamyunet,.jpg,15072,6370dd188482a0a67b2f171569df9ed12121eae02f9a6ce866a64449da9ef556,dfaa1544d55d2ef6d3a4a2c49ae1ad0dcab5a4195d92b421f97789b11f7413da,JPEG,RGB,277,276,[],dataset/train/kamyunet/216393244.jpg
kamyunet/216433007.jpg,dataset/train/kamyunet/216433007.jpg,train,kamyunet,.jpg,9700,7d02ab333d0619cc98189e28ad0461bc5cd943afb24c9398edc31119f8dde0fc,84071606aec923cd3ce03ad94717b31b8768ba3c5cc69e4b262ce3a8c4377488,JPEG,RGB,186,240,[],dataset/train/kamyunet/216433007.jpg
kamyunet/216580566.jpg,dataset/train/kamyunet/216580566.jpg,train,kamyunet,.jpg,6127,bfb2889fcac8fccb858e659007351362e3f9092035eb3fe18bc29228502a41a7,386987abae6d0411c1dca4424e47803d8ee2617e798d04945ea52e3a4d5d6e43,JPEG,RGB,180,240,[],dataset/train/kamyunet/216580566.jpg
kamyunet/216584019.jpg,dataset/train/kamyunet/216584019.jpg,train,kamyunet,.jpg,10563,0f8acf15b81e7a3ef1197a19c5ddbc5719bcd918d8cc4f92b2203b2dedafa754,2dcf61dc973398982a7b544d24e479ad473b661eb26eda3f84edab22a3287348,JPEG,RGB,278,384,[],dataset/train/kamyunet/216584019.jpg
kamyunet/216589057.jpg,dataset/train/kamyunet/216589057.jpg,train,kamyunet,.jpg,7090,2a638476b2941aa90bcd443c787a7215851687c7da10a1ebfb9b3097ccc6e489,a9c0f9ff4518b60e26b0802b108065ff390702ee2a9ddc3e80fbe69ce5afedc7,JPEG,RGB,210,254,[],dataset/train/kamyunet/216589057.jpg
kamyunet/216618682.jpg,dataset/train/kamyunet/216618682.jpg,train,kamyunet,.jpg,10859,e582009f2f07a157b6ef022268b1773e77d320c7be04e2954a89976bd6681cd8,18d25792c767cc77599eb326f5dc6b2038034eb3188fb1370878e5209f45a709,JPEG,RGB,198,260,[],dataset/train/kamyunet/216618682.jpg
kamyunet/216625819.jpg,dataset/train/kamyunet/216625819.jpg,train,kamyunet,.jpg,22714,2528801d73ec5fb272299699291e0cea861d9644abfa2628524a2015088e1089,417e62baa41dd63318cc53a11d25bea5a671637882ab431460df38eba9a8d1ca,JPEG,RGB,294,370,[],dataset/train/kamyunet/216625819.jpg
kamyunet/216646196.jpg,dataset/train/kamyunet/216646196.jpg,train,kamyunet,.jpg,20622,0bb889d4573249dca3c314662c4110a6a1ba84c671a7b7c43b1b1c71aa833939,c480601864a4e9bc1c29eeff951579dee8f0d031cbf6465d95df207b4c52780b,JPEG,RGB,275,391,[],dataset/train/kamyunet/216646196.jpg
kamyunet/216696969.jpg,dataset/train/kamyunet/216696969.jpg,train,kamyunet,.jpg,23151,a612c39a53a64a375f6fed6a91c3cb2cdcefe3f58c795e1ba432344e7d06cc55,052634e51b919b777ba617ff8bed564893cdaac3878464aeabc6e81d0c2e8e60,JPEG,RGB,315,335,[],dataset/train/kamyunet/216696969.jpg
kamyunet/216699823.jpg,dataset/train/kamyunet/216699823.jpg,train,kamyunet,.jpg,14302,265ea8413da588111bcee89b8b48a594c5f3504308ef5203ac9d7aaef2c9bb14,e8231cf45743ea4236cbcc4649dc0f1600dcc222c5bf90c2979a8e8c3b6f270d,JPEG,RGB,276,267,[],dataset/train/kamyunet/216699823.jpg
kamyunet/216736518.jpg,dataset/train/kamyunet/216736518.jpg,train,kamyunet,.jpg,9504,8569e1d14c637e8de2d40a196a1be0dac836ab6a068fb4e272c9735ad21c8de3,308716e429d487b980acf9680fb628abb0c0720d3ec07e0d5c06452a3b94fdaf,JPEG,RGB,207,268,[],dataset/train/kamyunet/216736518.jpg
kamyunet/216738258.jpg,dataset/train/kamyunet/216738258.jpg,train,kamyunet,.jpg,10661,95613ca44d72ad0958c71326482ae4bebe833f1be3c17ec8f566aaf9dedd0599,477cdbbdf7cba284e9a77722a999e6a2ed05cb74600ddb8333232f7f37e97d6b,JPEG,RGB,207,268,[],dataset/train/kamyunet/216738258.jpg
kamyunet/216779130.jpg,dataset/train/kamyunet/216779130.jpg,train,kamyunet,.jpg,21106,a593308762d7ac2e6b6b94155158fd91bdbbb244002f7867e8eb1fb7841181ed,e0b5fe53447f9e23380ef36bfe53537e2479f6cd6f044d82b984ddb9733da9e4,JPEG,RGB,290,378,[],dataset/train/kamyunet/216779130.jpg
kamyunet/216792837.jpg,dataset/train/kamyunet/216792837.jpg,train,kamyunet,.jpg,24731,fd82cc180e4fadf5990c0c5ea31f9ec6a1a152a934ba0d73eeea45e32da19464,9fcaa6079d8bc2848fbe594fde4bb229a8abeabd1d6e9cbed488d66d095f98c0,JPEG,RGB,313,405,[],dataset/train/kamyunet/216792837.jpg
kamyunet/216832169.jpg,dataset/train/kamyunet/216832169.jpg,train,kamyunet,.jpg,19889,76341d595de65fccfc0ba9f9c5f6144508cc23ca55e6566f78a095dbbfb4912a,bfd6f1775f347234f0a2239e17d5d2029972a9abc9e66f27aaf61867959a0864,JPEG,RGB,275,369,[],dataset/train/kamyunet/216832169.jpg
kamyunet/216842673.jpg,dataset/train/kamyunet/216842673.jpg,train,kamyunet,.jpg,18971,1332ab7cc81d936f56df3ae7a2272c65b5520d23fd3f0835d15f8e8c5a28e32d,9a9ee6e59f0bfe7c41112113d0c31e6368e126936c70a519f650598fec7db891,JPEG,RGB,351,357,[],dataset/train/kamyunet/216842673.jpg
kamyunet/216854381.jpg,dataset/train/kamyunet/216854381.jpg,train,kamyunet,.jpg,22267,f85892e33dd4f4da2c777167b1ffb0411b8fbbcb73b567d6362681d716baf0f3,d295aa6c86cc332dab09332a417207dd9a876adb31d1c315959e7ce60acde60f,JPEG,RGB,295,425,[],dataset/train/kamyunet/216854381.jpg
kamyunet/216929918.jpg,dataset/train/kamyunet/216929918.jpg,train,kamyunet,.jpg,6572,c64a1461ee44dec29300e74873a2b3765052771f40995d1301dea9cb8f2f8ef4,1d5163b4ecacfe0eba48024f60b9e01b9985857b4fec794e049e288790813a0e,JPEG,RGB,186,252,[],dataset/train/kamyunet/216929918.jpg
kamyunet/216959516.jpg,dataset/train/kamyunet/216959516.jpg,train,kamyunet,.jpg,27409,055f715fe532bcbb55b5fdadd877a309b345ff53cd4bba3e06d106f74d9709bf,6ad4b7037a1e165f1233b2b49f12c7dddfad89eac8fc60529201adfe832f7e1a,JPEG,RGB,306,441,[],dataset/train/kamyunet/216959516.jpg
kamyunet/216966952.jpg,dataset/train/kamyunet/216966952.jpg,train,kamyunet,.jpg,10448,2b6caf3ca7ad7c0c98bbd47571dc89c1027a42cb7775feaee318f6b56c85d09c,ef2dfe1ddb3f2af825dd688e02fbce39db8d35292b7f928f952505c907c52056,JPEG,RGB,186,240,[],dataset/train/kamyunet/216966952.jpg
kamyunet/216999155.jpg,dataset/train/kamyunet/216999155.jpg,train,kamyunet,.jpg,18996,0a2c0c4392474a51aa559d0078cc6dfe8bbd839c809fd21d575cf43c252843f2,7bdc86c4a8b4811016659c290b31fb160bf149165aa50f47db6536b3774b9213,JPEG,RGB,273,340,[],dataset/train/kamyunet/216999155.jpg
kamyunet/217000128.jpg,dataset/train/kamyunet/217000128.jpg,train,kamyunet,.jpg,23570,3fcaf719d8ba7fc101c6c1386f21166d666d50e92a47d98e661e29a08602c3f4,914ce5c71ad95ad5442fa477f4ab9320d877dc9c981019b067692f09bc4e4c4e,JPEG,RGB,343,377,[],dataset/train/kamyunet/217000128.jpg
kamyunet/217029557.jpg,dataset/train/kamyunet/217029557.jpg,train,kamyunet,.jpg,15060,7a29579592449265717bbe2cd9ca5d421c2d890ac9f53b42d519f5916c57158d,13649a5a1c3ab7b2e4bc786fab917ceee6515160ada5f527c85507e0f6f98c59,JPEG,RGB,280,381,[],dataset/train/kamyunet/217029557.jpg
kamyunet/217054853.jpg,dataset/train/kamyunet/217054853.jpg,train,kamyunet,.jpg,19341,2dce2bb51d781dbc945bd7be2949f2669e540ecef4a1d60aa78c0ebe166e2c1c,b29aa2bc2610b7b6488f465aaefdd20b1eeb6dc8dd0cc1a456657d4653645272,JPEG,RGB,291,386,[],dataset/train/kamyunet/217054853.jpg
kamyunet/217156552.jpg,dataset/train/kamyunet/217156552.jpg,train,kamyunet,.jpg,21624,84769d43cad4efcdd1a551d7239353683eba5bf2b9a4b77f39d48e7d777b3a63,75010695d5411c15052864d0a4c1dae96aeaa0cade9af7febe080baa4ec0f5b4,JPEG,RGB,275,384,[],dataset/train/kamyunet/217156552.jpg
kamyunet/217166297.jpg,dataset/train/kamyunet/217166297.jpg,train,kamyunet,.jpg,21863,ed4e4bad11413041e2db9939dab54010d640e609e872a028e40a7e417bfc2d2d,b031954badcf02f4014e5e984af90d3a2d5094c142a78a225d3cced6db304b25,JPEG,RGB,287,378,[],dataset/train/kamyunet/217166297.jpg
kamyunet/217185484.jpg,dataset/train/kamyunet/217185484.jpg,train,kamyunet,.jpg,24822,7c1308e5f29b1a9f2655066d9548a8801ed3e6f5c9ce9c65cb01b3fd6d7d4fa9,c278a5476b89ae7459f2ed066f855fa5ea113148c517beeb82c4bd0b2baa29c7,JPEG,RGB,306,409,[],dataset/train/kamyunet/217185484.jpg
kamyunet/217203351.jpg,dataset/train/kamyunet/217203351.jpg,train,kamyunet,.jpg,23038,04b95857cf14208827cf431213cd95e4a19b5a23939c631362bd85b97dc83260,73da59e64f1c960ea5527b8198af7b898ba4ae1d8438bc3c7617c1020cddea40,JPEG,RGB,310,405,[],dataset/train/kamyunet/217203351.jpg
kamyunet/217378853.jpg,dataset/train/kamyunet/217378853.jpg,train,kamyunet,.jpg,7261,798314efc9b82e96d3a256dc6f3d0efc0b80d2c50df6357ccb649a8e07e3a195,4ee4d347003937d5bb639eef5caa28d58c5cbecc407739b7ff20f2fc75c29594,JPEG,RGB,207,268,[],dataset/train/kamyunet/217378853.jpg
kamyunet/217385379.jpg,dataset/train/kamyunet/217385379.jpg,train,kamyunet,.jpg,28262,77bbdae528b40c8f27b5ae05095eb30b5a2c413dc85a9d9adadc61bcf99f0720,803d3f33d26a370f51c19fd1a22b8cd9b0c3ed781acc85858bb067f2ff5710b2,JPEG,RGB,338,389,[],dataset/train/kamyunet/217385379.jpg
kamyunet/217425322.jpg,dataset/train/kamyunet/217425322.jpg,train,kamyunet,.jpg,9794,36fd0134042d3faa41391a4f64213df685769aa0129cacc9a26891d276417c11,ceb836ecd373e4c74207f98132c6c34e9ba82b770907cac495058ada408abecc,JPEG,RGB,273,311,[],dataset/train/kamyunet/217425322.jpg
kamyunet/217739639.jpg,dataset/train/kamyunet/217739639.jpg,train,kamyunet,.jpg,23695,bc1220e05d7128a4c7c1ed3406f8338094ca14edbf560f12196ac5b483b751dd,3fdb9121c8cfe1ca0bb770c1dcd88e0edf22a5cba41769a3c73450d56dda3ac4,JPEG,RGB,292,448,[],dataset/train/kamyunet/217739639.jpg
kamyunet/217743945.jpg,dataset/train/kamyunet/217743945.jpg,train,kamyunet,.jpg,6801,5cfeb15d2a93fea3116514b015df6344c22bd32a3ef10d001e354133f5f32379,3531f1e36133c5703822528af253e473b65c7285c46ae93a20cd6870798edf2d,JPEG,RGB,150,192,[],dataset/train/kamyunet/217743945.jpg
kamyunet/217800606.jpg,dataset/train/kamyunet/217800606.jpg,train,kamyunet,.jpg,10343,a5638d36f734fd9e0c8e2f66b75bab58fa7ab4ce490e0cf1483de0c685e66e25,6f1247c0fb2c67d2112de0c16763b3290e930ebbf7ea3d4c4595d39a68907453,JPEG,RGB,281,352,[],dataset/train/kamyunet/217800606.jpg
kamyunet/217804557.jpg,dataset/train/kamyunet/217804557.jpg,train,kamyunet,.jpg,13670,0f2b27709ab228de52dbe4bc58f41b8d877fc4d21287245a5ce4088c021fe752,49e98716bcaa6076b868d6f343a14eeede74c1e48332f48138f4e9cbbcc82938,JPEG,RGB,198,264,[],dataset/train/kamyunet/217804557.jpg
kamyunet/217930620.jpg,dataset/train/kamyunet/217930620.jpg,train,kamyunet,.jpg,10579,8ac08d4072d07aa13248d0fedde3e5a0609ff744ba1ee23066144bfddbf8f8f9,86cee22d32cb7dda08005407c0e42800d6222de405791f343836b8efbead4110,JPEG,RGB,186,240,[],dataset/train/kamyunet/217930620.jpg
kamyunet/217950577.jpg,dataset/train/kamyunet/217950577.jpg,train,kamyunet,.jpg,17600,dd8594edeccfc7a41befa95f751d294ddb34b4661de54b2d37372e3d45b7ee4f,2d2ed917838431d14e3f1135209bb1d7ebf69b919b1edf3da73c72f0fde408db,JPEG,RGB,281,317,[],dataset/train/kamyunet/217950577.jpg
kamyunet/217955504.jpg,dataset/train/kamyunet/217955504.jpg,train,kamyunet,.jpg,18805,f4c1d3e3bb83160183a564403bb5b19056d64744ffeda4ecc4f12f07bf0ad0de,d76f73d38f6b2a07d263c53fdadab0d9c4e819bb0daea5eefab112d72252bc52,JPEG,RGB,301,317,[],dataset/train/kamyunet/217955504.jpg
kamyunet/217957904.jpg,dataset/train/kamyunet/217957904.jpg,train,kamyunet,.jpg,20783,27c72a8a330d3bdd8424fdd350f89f577c9e1efd8009480b5f5ca43cf58b3ae0,b9984b9f711f9895ffba23940d53e373f90d41f98a697022069cd657b2840e73,JPEG,RGB,294,398,[],dataset/train/kamyunet/217957904.jpg
kamyunet/217986709.jpg,dataset/train/kamyunet/217986709.jpg,train,kamyunet,.jpg,22389,8cf9cfa1f2f52cbe5ed777cb0f36acb0a6565406e55166a47f32e454d12567f0,9838fbe1bc84f9dc958187e26a6ee2f10254b4997b51c0556b9ecadd4a12b0de,JPEG,RGB,294,411,[],dataset/train/kamyunet/217986709.jpg
kamyunet/218055101.jpg,dataset/train/kamyunet/218055101.jpg,train,kamyunet,.jpg,9494,5954a343835d75f15bfd188fbc2f49c8b1bedae90def151ae3337194fe03ed4b,55192b829287b629e5eb32f682746db2d2f56e151be2a070719762474222d1b3,JPEG,RGB,180,240,[],dataset/train/kamyunet/218055101.jpg
kamyunet/218090961.jpg,dataset/train/kamyunet/218090961.jpg,train,kamyunet,.jpg,25398,dccf4deef6587bfca312c69622c5e009a1d8e0df37014a1e31b7c068fb68f7fe,27b22dbd0d8a216ed95f62426d330f8c0e9ea44d8d6b4aee2479d22c7d2f11e2,JPEG,RGB,343,446,[],dataset/train/kamyunet/218090961.jpg
kamyunet/218129415.jpg,dataset/train/kamyunet/218129415.jpg,train,kamyunet,.jpg,20370,c7972258044c40991764f9e0e952c7b097c34ff989fa73e48bfff2624c68c7ed,abbfd7eab070727aa8704bd5b4d7a4ae60a62327c54e20a1c55578b32872a4f7,JPEG,RGB,296,294,[],dataset/train/kamyunet/218129415.jpg
kamyunet/218130006.jpg,dataset/train/kamyunet/218130006.jpg,train,kamyunet,.jpg,17937,1407ec8bc301ed5573ee7a25f17baaa0235c93549ac6667c5675f1f08a635980,2768ff6046e76d3a31bfcd79c70f1c7ee9acefbce2fd1f10dc998e5cb00837cf,JPEG,RGB,285,367,[],dataset/train/kamyunet/218130006.jpg
kamyunet/218134493.jpg,dataset/train/kamyunet/218134493.jpg,train,kamyunet,.jpg,17848,ee04c56461c01dac4535b99acd46dde467fdd41442eb3a3b16ee08d1ef7ef6d6,9624a0d742d5176fc4dd99d6a40ce368ee8add5789c455bd8991a32f9f24e5ac,JPEG,RGB,279,386,[],dataset/train/kamyunet/218134493.jpg
kamyunet/218176905.jpg,dataset/train/kamyunet/218176905.jpg,train,kamyunet,.jpg,18287,5a5249f411f5eb234b4fd9e5a03380c6ca6b069098a34b9affbbe2ce0e25439c,d2f6f46d0e82f09d2e177ab983b00f6377e8af298c4aedb7254368004cb16acb,JPEG,RGB,277,380,[],dataset/train/kamyunet/218176905.jpg
kamyunet/218262985.jpg,dataset/train/kamyunet/218262985.jpg,train,kamyunet,.jpg,7010,da1920a04433c0ccf115b6165495bc85389f260d0e1b7e042c9a568cb544a2d6,5cf82e529c005c9635cf6f421159ca4101e940ef090f089e05d091b0abfa370d,JPEG,RGB,150,204,[],dataset/train/kamyunet/218262985.jpg
kamyunet/218322871.jpg,dataset/train/kamyunet/218322871.jpg,train,kamyunet,.jpg,21932,700b101dec536f6af9cd27c025acc8a3e6fe659fdd6c8b492fc93887a78108e8,ff2118775026cccf7c4c7603e4315c7c6ca3b9740375a359cd82102a1a80eb75,JPEG,RGB,283,380,[],dataset/train/kamyunet/218322871.jpg
kamyunet/218367749.jpg,dataset/train/kamyunet/218367749.jpg,train,kamyunet,.jpg,22108,622b641157efc7aa9bd509b94263c0ec84d3cce55ac5fe484c369fa02b1a662a,e2d37acbc9c2528de5d8b92e6bf027e243dae02a5c9705a2b8960f092d876415,JPEG,RGB,277,387,[],dataset/train/kamyunet/218367749.jpg
kamyunet/218375873.jpg,dataset/train/kamyunet/218375873.jpg,train,kamyunet,.jpg,11663,3fdf9a149e0a01ff8bca8f66ef1f1805de9afaa7a26a6ca47c79ffd7c6d8b0eb,fed4134071f03ddabad0bb7519417d838307397e2b66d21d48039e5a86173603,JPEG,RGB,210,261,[],dataset/train/kamyunet/218375873.jpg
kamyunet/218383949.jpg,dataset/train/kamyunet/218383949.jpg,train,kamyunet,.jpg,20121,4914a81686fb59d45d5a02e5096b9655662cf57f85ecf41755ece475ac9e04d3,e1de27ae64d44c231b7a03aba2705a7edd3ee46400e8bc88458d43eeaa5e3995,JPEG,RGB,288,316,[],dataset/train/kamyunet/218383949.jpg
kamyunet/218490161.jpg,dataset/train/kamyunet/218490161.jpg,train,kamyunet,.jpg,18671,d466e8235bbc0674085cb67cb06dfdf42818d1c2078fc65df925f173e0381233,d3e40ee3e17b3f6439c702dd15aaa41c6404a5b394b558bc6d0154896db4d18e,JPEG,RGB,285,377,[],dataset/train/kamyunet/218490161.jpg
kamyunet/218562521.jpg,dataset/train/kamyunet/218562521.jpg,train,kamyunet,.jpg,25158,72f8c9f62e293d4b50a580f0984ab730784b23dbe50e43c345a18cb6d25a905d,50b3e006afe66177494c4f4e42cc7d541e8bad92c71b49e167981e612d079a76,JPEG,RGB,306,448,[],dataset/train/kamyunet/218562521.jpg
kamyunet/218571589.jpg,dataset/train/kamyunet/218571589.jpg,train,kamyunet,.jpg,11004,3c05eb48f90737fdb7b6846def562eec4f074fbe2bccd915ad67586e5e678b8c,d9f26ee660285c036575f223d0bca657a98128eefc5ca78c8655303bdaf3a262,JPEG,RGB,261,378,[],dataset/train/kamyunet/218571589.jpg
kamyunet/218576473.jpg,dataset/train/kamyunet/218576473.jpg,train,kamyunet,.jpg,30028,97cbc0b0b34f1f3c2e06bbe69f6933487ede275e361a4d3e0a09a48eec71688a,21c84cad3b1ae8cbe4eb6eac391e7e8059a85d8a16b0c002e27f8b24e030d759,JPEG,RGB,312,433,[],dataset/train/kamyunet/218576473.jpg
kamyunet/218583813.jpg,dataset/train/kamyunet/218583813.jpg,train,kamyunet,.jpg,9139,39f22b0e875140e1ba8b0f6565ca736ec603beaddd4edfb98698a04779d22864,ec3a0cdaae65ac35ba61681807ed9f19e652b59b335e0b7c42ac463a0c9c0047,JPEG,RGB,198,251,[],dataset/train/kamyunet/218583813.jpg
kamyunet/218607498.jpg,dataset/train/kamyunet/218607498.jpg,train,kamyunet,.jpg,11327,e3821b2060c2e90799f462a12be37ed74f1d1528e65d4bfab361a4af8ace9d87,a05cd531650ad13d8f67aeb32250b9f4edd62a775a4d366cad678f90b19e1f2a,JPEG,RGB,198,264,[],dataset/train/kamyunet/218607498.jpg
kamyunet/218623319.jpg,dataset/train/kamyunet/218623319.jpg,train,kamyunet,.jpg,12354,5edb0bb9b910fe63dfb0db58b60573b402be693ead3b8e78cc7869dba1e620e6,7e83d543532d35d71b2fd6bad8704566c45429a9c53cefa9f582df60804e9512,JPEG,RGB,198,264,[],dataset/train/kamyunet/218623319.jpg
kamyunet/218702481.jpg,dataset/train/kamyunet/218702481.jpg,train,kamyunet,.jpg,10061,0c8cc2ceb4f4f3cd72f6ff92ff0fd06759e22235b311a4e21412bf23ce681071,10f057373902929b2701c3533fd39e109d75aeff3070efbb297cb4367194b6da,JPEG,RGB,186,238,[],dataset/train/kamyunet/218702481.jpg
kamyunet/218712588.jpg,dataset/train/kamyunet/218712588.jpg,train,kamyunet,.jpg,11173,009b47f903b2e59a514369ed420b2896ea63ec0a1629252f9766658f9aec4f56,abb952eafccfb73306756f78d44c1a7cfe14a716f6ed17b62d5ba1269bc19e8d,JPEG,RGB,198,264,[],dataset/train/kamyunet/218712588.jpg
kamyunet/218716430.jpg,dataset/train/kamyunet/218716430.jpg,train,kamyunet,.jpg,16054,c795838fb17f7c3cb2b25394080082e6c8e1c11459e5de6ed135adf21695c902,f3f83a3709197d41542d40fbd5c246ff8d2a6c2495b39f0d9e0d8c8aea4de78e,JPEG,RGB,250,281,[],dataset/train/kamyunet/218716430.jpg
kamyunet/218726135.jpg,dataset/train/kamyunet/218726135.jpg,train,kamyunet,.jpg,26720,d83e8e40c89bd8799a27c22418ddf289c3af5ef06b89c0cba4c85d4b83b26ac6,05d246a4adf9a8b51bb6bb4f3524f90c0a0dbed1f44313458fc413ce13bcc837,JPEG,RGB,293,409,[],dataset/train/kamyunet/218726135.jpg
kamyunet/218755560.jpg,dataset/train/kamyunet/218755560.jpg,train,kamyunet,.jpg,18781,85fbf3a2d8d6d3f97f656f41c3942ae8f65e274ee8aed69b3ef0bae8d4f76cf6,60f4ebad90e8b58c0fd5f4061bb29e200396e6f19340a3ae3ff72e4ff497ba89,JPEG,RGB,310,413,[],dataset/train/kamyunet/218755560.jpg
kamyunet/218777039.jpg,dataset/train/kamyunet/218777039.jpg,train,kamyunet,.jpg,10094,872f6f84553f494dd44ba52af58d3de9e9654e27facf30d5c827a124ff6e2053,4aba9c4249687ea8dd1c5263af6a67e3aac305a43751cc9a37a7ac5d48b50926,JPEG,RGB,180,240,[],dataset/train/kamyunet/218777039.jpg
kamyunet/218839669.jpg,dataset/train/kamyunet/218839669.jpg,train,kamyunet,.jpg,8871,6e4751427e236a4aa7adbe4daf69a1fe1dc344c6595b70eb710b7a75f11c5b09,f5a04be3f7cc737e631f5a3bec3fcb2591f29d254eaddc5b4780a5fb77656e97,JPEG,RGB,267,241,[],dataset/train/kamyunet/218839669.jpg
kamyunet/218847866.jpg,dataset/train/kamyunet/218847866.jpg,train,kamyunet,.jpg,5653,b03d00b1cedb299e43bfed64fc4b4bfe9715f951c1df83d82f337301ef695085,f69c08203bbe847216888d6e87b677ee5b306622439e68ad4d04ed9126d28fd2,JPEG,RGB,177,240,[],dataset/train/kamyunet/218847866.jpg
kamyunet/218866716.jpg,dataset/train/kamyunet/218866716.jpg,train,kamyunet,.jpg,11367,176948bf92aabfc04877a614f2a44f94bbd58246ac4ad410138cf26a6ea18c75,68a0e5ac90b61f679e3189f1ccfc9753c5a0b67acb6b4261a769a165bb73a3c7,JPEG,RGB,305,298,[],dataset/train/kamyunet/218866716.jpg
kamyunet/218884519.jpg,dataset/train/kamyunet/218884519.jpg,train,kamyunet,.jpg,6411,ac25f8c58f6cd871b3b458d713bbc14f371bef9b0a38c2a135b469028cdce240,c6bac056fb7d660f3c22322f22c36e3c588f651a842cdefcbd6cb35ee329800e,JPEG,RGB,186,232,[],dataset/train/kamyunet/218884519.jpg
kamyunet/218892809.jpg,dataset/train/kamyunet/218892809.jpg,train,kamyunet,.jpg,13324,65fbba8426a5a95251901252c2443b17f2cc887bb801d3aec13789fc8ad73ab4,9f50846e6c75dc77f5d5d213b5ffac3542890dc31fddfe457bcadd0d2bbbc9b8,JPEG,RGB,283,254,[],dataset/train/kamyunet/218892809.jpg
kamyunet/218903080.jpg,dataset/train/kamyunet/218903080.jpg,train,kamyunet,.jpg,14504,45beb14a0d724af1ced30b9a24dfbcd57ce94504a1bd43297ed5c6e1f8ca893d,d285b46ea66800cafa3f064ef02f0c7470f536592df0353a687cf3970b10e0d2,JPEG,RGB,327,431,[],dataset/train/kamyunet/218903080.jpg
kamyunet/218948404.jpg,dataset/train/kamyunet/218948404.jpg,train,kamyunet,.jpg,20544,a02e995234e3fe8a10091323a265c5fba383e1854eb6ce309483062496d6bbeb,2889b7705d9b707961b0119dbeeebd623e5cb4facf843f434be2851eac541c41,JPEG,RGB,293,369,[],dataset/train/kamyunet/218948404.jpg
kamyunet/218956226.jpg,dataset/train/kamyunet/218956226.jpg,train,kamyunet,.jpg,9506,81d6648195a42694ebd5a2edfe4997c087377b61e282bc72bba90d208f66fb4f,5a7a786fa1950003b3ac9c92648accd57156f0b305491a059096c643badd3515,JPEG,RGB,189,252,[],dataset/train/kamyunet/218956226.jpg
kamyunet/218963223.jpg,dataset/train/kamyunet/218963223.jpg,train,kamyunet,.jpg,8971,68ec2e3f6d026f62784bc431f40774fcf0dad1e9e0c87c63f35388b23a5cb052,bdf4a749e3f7cb50921c934e123b46f4bd3bd68fc342285c5c89d363b587b58f,JPEG,RGB,189,240,[],dataset/train/kamyunet/218963223.jpg
kamyunet/218972329.jpg,dataset/train/kamyunet/218972329.jpg,train,kamyunet,.jpg,11697,698543478a8ca1877c44592e4dcf80cf456f55524f00df355ad9f5cb28049903,54ab6b63dc8dcae5c275454ad5d2d937ffddeb05c52262e66c6cb875fd907018,JPEG,RGB,319,372,[],dataset/train/kamyunet/218972329.jpg
kamyunet/218984358.jpg,dataset/train/kamyunet/218984358.jpg,train,kamyunet,.jpg,20473,6d7d7308e24aca71142726d5e8b8c658d5bc37e9a0846402b5b752bee1ae2fc6,666a523120350bc952d55e1621f76edc0c34115a336884a1f4106939c00f57d1,JPEG,RGB,290,293,[],dataset/train/kamyunet/218984358.jpg
kamyunet/219022599.jpg,dataset/train/kamyunet/219022599.jpg,train,kamyunet,.jpg,13389,23ea79e4b20ddb0c0e6571ed2c0d2871e3474e06cf7af88c947a5d4a83639ef3,9a15447a7055771cfaa772e19f84a46c7fb4e484f8ecc5f3368aa56ad5c0bf0d,JPEG,RGB,193,316,[],dataset/train/kamyunet/219022599.jpg
kamyunet/219055863.jpg,dataset/train/kamyunet/219055863.jpg,train,kamyunet,.jpg,10477,6fc0855ff8f921fedc50347cea8504c8e5f63a055c046404e72c83400c5242e8,132b193ecd51e69b23bca51142de5439f53adfa5a665afb9ed598484998f8feb,JPEG,RGB,207,276,[],dataset/train/kamyunet/219055863.jpg
kamyunet/219119368.jpg,dataset/train/kamyunet/219119368.jpg,train,kamyunet,.jpg,9622,03825fab7567430490640217b900336733e17e45a8509c775379f97bfa0b52d8,c72d496bbab805c5a5ce55456a39ee41baf1fdf33f085dc56c095f8db26b6f37,JPEG,RGB,177,228,[],dataset/train/kamyunet/219119368.jpg
minibus/194328969.jpg,dataset/train/minibus/194328969.jpg,train,minibus,.jpg,19639,62075c6bbd17ea07fdcf3acfb291d7b723048f7034572dec26ef88b14ed9575e,f8d4271df2accf67b340746858511562bd1c48a980b93a2f947e18d81c6f0912,JPEG,RGB,361,354,[],dataset/train/minibus/194328969.jpg
minibus/195315678.jpg,dataset/train/minibus/195315678.jpg,train,minibus,.jpg,15743,b44bc6afc29d4b6fb6a281188143dfc529e7e03c50f05383816c8eda99ce52f9,edbe47024a1850614394e834ddde72300b532633113c4192115d86bb2f580878,JPEG,RGB,312,388,[],dataset/train/minibus/195315678.jpg
minibus/195904076.jpg,dataset/train/minibus/195904076.jpg,train,minibus,.jpg,32052,be373d203286b64ce46793e117b298c43946a1ebc8013178ca8e6df0ae1fd96a,f3d35da2cb27bd49ce7fba1a3b45af895c5c9c982b94c69cd0092694d3d5ea3b,JPEG,RGB,364,400,[],dataset/train/minibus/195904076.jpg
minibus/196234914.jpg,dataset/train/minibus/196234914.jpg,train,minibus,.jpg,22327,2709f732c13600f92974f21ab72c68bfe5adf43b13378f18f45469235aaf56e7,1a8344bf5cb57a4f44676fe7904ffc777ead683eded7df2c4a2ec473c1591f43,JPEG,RGB,305,400,[],dataset/train/minibus/196234914.jpg
minibus/196385182.jpg,dataset/train/minibus/196385182.jpg,train,minibus,.jpg,25558,9aa0739fc53e647db166e1de426e7a21139aa38f5bfd1c02b51d58a7d177482a,eebf6db2ab1b74774f289bf2e32545c1c6bd4d0c2335e80c92784bc80e754e97,JPEG,RGB,359,399,[],dataset/train/minibus/196385182.jpg
minibus/196752594.jpg,dataset/train/minibus/196752594.jpg,train,minibus,.jpg,17242,26b26276c8f3fa7489ba3bcfe1a8c063f5c44e6b318fd44acbacd11b55eb12d7,2a359bc987c020f784b950c5f49156d8db3fdedcc3424e02a876f6d22c04fb27,JPEG,RGB,297,326,[],dataset/train/minibus/196752594.jpg
minibus/197490596.jpg,dataset/train/minibus/197490596.jpg,train,minibus,.jpg,17618,76021117b6cd360998d681532cf17e3569634b4fd6b466bf910faa18bcbedaeb,4ef5ef487326221ba442e7ad224d995bde89a4b32583e650b38483968149bcc2,JPEG,RGB,272,376,[],dataset/train/minibus/197490596.jpg
minibus/198108578.jpg,dataset/train/minibus/198108578.jpg,train,minibus,.jpg,21201,96559ed4a0f32aef97988bc3c3a0466e45d6fe1c32f81cc8bfb6a92b879e48e3,3e897d05d67ccc95e139eec3666761bb8de5f45ce33b10b72c33efd3dc59958a,JPEG,RGB,354,333,[],dataset/train/minibus/198108578.jpg
minibus/198120481.jpg,dataset/train/minibus/198120481.jpg,train,minibus,.jpg,20639,b80228bba09a889b2198e03b54bd256df6874d1c56c6f9aa6aaf51d895ad8964,8134d77a357d1ecf6818ea6cd67afd9ef703f01dbf80f42da82adc1d78600903,JPEG,RGB,295,360,[],dataset/train/minibus/198120481.jpg
minibus/198331521.jpg,dataset/train/minibus/198331521.jpg,train,minibus,.jpg,11059,f19424809738da688ea347c7e8fab51c977f9938a12e4da75ec60d76768448f3,3c2e1ad141f35d75e5b2aea405bf757ef62f3d1c0b202f01a9788ad194e4508f,JPEG,RGB,273,356,[],dataset/train/minibus/198331521.jpg
minibus/198398123.jpg,dataset/train/minibus/198398123.jpg,train,minibus,.jpg,20473,6b5a6dc53c70d3943023d544d14fe2397193a83eace21b4eb49ab82b1f82e033,3ff0c35279b631464bed5ac61ce770b1e8ba580281e2b5c5d109a4176d1e3d31,JPEG,RGB,299,360,[],dataset/train/minibus/198398123.jpg
minibus/198432863.jpg,dataset/train/minibus/198432863.jpg,train,minibus,.jpg,17604,3d25eb06e76e1226ef7d532d4f17368651315267bc9cb0383483cb69b673a165,2c0923eccb761660a440fb0877e0fe1775d2214430aabde3013fd04a2c903322,JPEG,RGB,285,353,[],dataset/train/minibus/198432863.jpg
minibus/198472825.jpg,dataset/train/minibus/198472825.jpg,train,minibus,.jpg,19496,6e351cf47f298d6896297511ca0ad0a7ec4735d4d12dda7ded54e2b6a3cd5733,9c654edd5ee3b2cd62c913f860c79dd70c7931cb9976d315c7a42bd91ee111e2,JPEG,RGB,321,369,[],dataset/train/minibus/198472825.jpg
minibus/198885269.jpg,dataset/train/minibus/198885269.jpg,train,minibus,.jpg,22969,55c40be91a43302796331891f0806d987ffa8f6fb21846817320635fbbbe24c9,ba29a6a30efee2d7edcc9e86ae6590743d2ea420f374315a856824717c6bb759,JPEG,RGB,287,366,[],dataset/train/minibus/198885269.jpg
minibus/201364864.jpg,dataset/train/minibus/201364864.jpg,train,minibus,.jpg,14120,5a9994392aa83af82f8edf73ce81ad653e2ca0de45e753408ebc9c306b94c334,fdda27166e32e82e28a43d26defa2c4bc129e79a2e7582f5e10688450e228171,JPEG,RGB,251,323,[],dataset/train/minibus/201364864.jpg
minibus/205737488.jpg,dataset/train/minibus/205737488.jpg,train,minibus,.jpg,32966,7411d0b39516e302c79c95f455f3e2b1a074828ab26f68242a4f0f7b9b5a7464,5d14f1eb478fc809462cdebff2df6d75c2332f76828496b2a9ffd180543b07be,JPEG,RGB,378,450,[],dataset/train/minibus/205737488.jpg
minibus/205763607.jpg,dataset/train/minibus/205763607.jpg,train,minibus,.jpg,36273,86abbd1f8c56745d81bb1919ab2374e5f208cfed08346b56297598ea1463953a,c869a92ac8e6748d6d5be7f9b5e68eae13bee53697db944bcaa0639974677c62,JPEG,RGB,305,450,[],dataset/train/minibus/205763607.jpg
minibus/205866523.jpg,dataset/train/minibus/205866523.jpg,train,minibus,.jpg,29037,dc080d7f7ab978729206cc761c9316c0da29d94c85d7a718fb30f579f6375e24,8c1497043f2a78e961b51044b3e19836f6f306c481a19e66361745019512e164,JPEG,RGB,354,450,[],dataset/train/minibus/205866523.jpg
minibus/205925639.jpg,dataset/train/minibus/205925639.jpg,train,minibus,.jpg,20879,d6b22c8fe116a01f480d084f74c82df5b60582cd727f592b66d2e85760b589ec,b80301a802131fe9ed7d2e24b719327ce57bcedd076e7c4b8f24e7a57a6841aa,JPEG,RGB,302,382,[],dataset/train/minibus/205925639.jpg
minibus/205929471.jpg,dataset/train/minibus/205929471.jpg,train,minibus,.jpg,22774,23d3e9743ae539d01898c33275dec5c7fb357a828f577ca1f374a46f9043c1bc,64f52c2372b0fb698363bf0f9b583c115c677dad46f473812ad2756b91953daf,JPEG,RGB,341,383,[],dataset/train/minibus/205929471.jpg
minibus/206186624.jpg,dataset/train/minibus/206186624.jpg,train,minibus,.jpg,27785,aab613d0add851f0e938d513858109228e0cf3bf2a27c147e1822962553d418e,60a96bfb3e9fcd7415c7f4176afa44121ef7c95fc86fe22ca2a3cddba49f3e30,JPEG,RGB,387,450,[],dataset/train/minibus/206186624.jpg
minibus/206188796.jpg,dataset/train/minibus/206188796.jpg,train,minibus,.jpg,30117,45ba76c91cda5d3700ab8e7c26686054ed73524b24af9935d4a9a30988cf58eb,2ef563030d109ac408708ce4ac2aaad400bb46bd9a18e0b6c034f3d4736eb75d,JPEG,RGB,383,450,[],dataset/train/minibus/206188796.jpg
minibus/209781589.jpg,dataset/train/minibus/209781589.jpg,train,minibus,.jpg,10253,422987d1a1fa11c8b4ab67f2ddb0d841d5f776495b659857975d353dd848401a,eb64659d87af8d5fa6518e27a5720041d51103913f221d65e8d662bd3309e9c3,JPEG,RGB,177,240,[],dataset/train/minibus/209781589.jpg
minibus/210099617.jpg,dataset/train/minibus/210099617.jpg,train,minibus,.jpg,19891,101623b3df5bf08516d9fb309523a194c1f43f89ad83ac72ebca6c1d8d287a6d,4f959467949a3bf3de4141c0e29924e190ea7f969c8a0de33c1a2b6dc2ac6414,JPEG,RGB,287,395,[],dataset/train/minibus/210099617.jpg
minibus/210100934.jpg,dataset/train/minibus/210100934.jpg,train,minibus,.jpg,10345,b3b3f89395ba3d92dddc652c0c722770d48092eeb2ef236f0681faf8efea1976,73fdf4c0d2390e9fb4b96176ce4d7c1811587b2d4b5bc837bcc8d95ec0138903,JPEG,RGB,198,252,[],dataset/train/minibus/210100934.jpg
minibus/210102226.jpg,dataset/train/minibus/210102226.jpg,train,minibus,.jpg,14400,7a23619216c387f3d92816f8fd411217609fc8d6067c17915743c732898f0041,29c7865133ce4857063d1427f36669cd5fd2f18469951e7bfb5eb366bf9060e8,JPEG,RGB,347,380,[],dataset/train/minibus/210102226.jpg
minibus/210102777.jpg,dataset/train/minibus/210102777.jpg,train,minibus,.jpg,6621,7668852a98523eed0a5e3db43d2c94e0bb990bc247b6a0ec88098d1a4ccdf443,3044bb2d1f50127a69687ffe6619a45644c7baa691100a1177ae04c0906aebb4,JPEG,RGB,162,228,[],dataset/train/minibus/210102777.jpg
minibus/210115332.jpg,dataset/train/minibus/210115332.jpg,train,minibus,.jpg,7010,7f2c6dda92b67cc137b0f6869eb06d8e360c759688cfa82af57783fe6477586a,02eb3bcb32ca4a190dcdd62c363de2b9b54311013bd94f274b00487b039644a0,JPEG,RGB,189,252,[],dataset/train/minibus/210115332.jpg
minibus/210125671.jpg,dataset/train/minibus/210125671.jpg,train,minibus,.jpg,8225,bb2d817df4cda34786b7d7d0cec8f5cd8353bbeb9a9b55c1783b4eaee7113d1a,fd7a9e8a66506bdf7593ac9ede3ec73e144b6d5843413bbfde07707a71a981f2,JPEG,RGB,198,210,[],dataset/train/minibus/210125671.jpg
minibus/210126898.jpg,dataset/train/minibus/210126898.jpg,train,minibus,.jpg,7191,6c0cc95395dc7b3d3b7c956e5a21348f08aee6d18a13fc53294b4418d04c5927,7cc9eb53f4054f18b87a17063116ccb526abdfc901aff9ab3bd35189fe31eab8,JPEG,RGB,186,252,[],dataset/train/minibus/210126898.jpg
minibus/211051242.jpg,dataset/train/minibus/211051242.jpg,train,minibus,.jpg,27962,d677dccf11b8e5cdb183209e493b9a7627d0f972070b4266f337bffc3af4a43d,844186d2b6abbe9e9c61191f9bc50fa4ec989ecc2d15c67a747d83ef9fda74c6,JPEG,RGB,305,388,[],dataset/train/minibus/211051242.jpg
minibus/211453726.jpg,dataset/train/minibus/211453726.jpg,train,minibus,.jpg,25776,43bc585fe99978bf62d8d3649c643a2a23bbc07c0c6f7fac548e33e75d1f84e9,6e9e40a269dfbe599e9344eead19fc725b7df0c625b302f1b80b0dfaf2af36d8,JPEG,RGB,340,354,[],dataset/train/minibus/211453726.jpg
minibus/212140261.jpg,dataset/train/minibus/212140261.jpg,train,minibus,.jpg,9364,4c9e086762ec109878f2abd132b8291373af34580deab6c0a838f03662d28100,25a57cbea1683703fe128fd5b056c39b83ff889454df9ca801dd23e34cc74169,JPEG,RGB,180,228,[],dataset/train/minibus/212140261.jpg
minibus/213277133.jpg,dataset/train/minibus/213277133.jpg,train,minibus,.jpg,9912,903632341a9dad7a8d17a0f60fbc71dfd48ddbf50cb633fce36de36b2e3abdbb,6aebd8ac6f917345f7cfb7d11306e47d8d14d2d75cd546156b4009f45db5bc27,JPEG,RGB,296,369,[],dataset/train/minibus/213277133.jpg
minibus/213300430.jpg,dataset/train/minibus/213300430.jpg,train,minibus,.jpg,9295,929ac762b818a7fad27d79f3fd767fd20d584ad92678fe4de077ddbba5b50b02,712680eeeea518a94c816f51330fb5b514fac4b17d269118ffc0c8a872192105,JPEG,RGB,189,240,[],dataset/train/minibus/213300430.jpg
minibus/213411665.jpg,dataset/train/minibus/213411665.jpg,train,minibus,.jpg,9317,6e1b471d70e8ff9e9fb4f41a15db247c100e2ec67fb3df4e98d0b3fe64f0d810,094e54afa8a2ee9a3eb923dac93c417e2ae944694a3dccc8b64db45b355ee489,JPEG,RGB,280,402,[],dataset/train/minibus/213411665.jpg
minibus/213563060.jpg,dataset/train/minibus/213563060.jpg,train,minibus,.jpg,11614,0c1a756b2984e2cb4cec6db135208a7fd4ef38074fefd00619f2a2b17d8a4b44,9bb0590c5e88b146af4a3e088b2fb8148df70b0b59f244de5a5aa7a20026b6f0,JPEG,RGB,322,399,[],dataset/train/minibus/213563060.jpg
minibus/213611520.jpg,dataset/train/minibus/213611520.jpg,train,minibus,.jpg,7343,d38918f2a6d48a38ac728f059d6befe14f34587953314891c561b25f1b26fbcb,6cf9ec28de466fb94c6d6560dd43e5fcf7f5068c8d2bc618962dca5ef2360ad1,JPEG,RGB,150,202,[],dataset/train/minibus/213611520.jpg
minibus/213711965.jpg,dataset/train/minibus/213711965.jpg,train,minibus,.jpg,11825,a8438ee11654a241ad3c3dbaaaa2ef718199059e7aaf5cde3013af823e91e58c,50feb6117266c1efa8ae4e2b5ebe0c8db450ba01b888cf3f96f026d3917c2d08,JPEG,RGB,186,252,[],dataset/train/minibus/213711965.jpg
minibus/214496054.jpg,dataset/train/minibus/214496054.jpg,train,minibus,.jpg,13937,bb0527b376433a179790e5415e59de43a8a7642622db998096438e35efbf70ba,4d451b537ddf949222a3aa2f0c71dd630a6385a5b62def311ccfaaa723511bc9,JPEG,RGB,207,276,[],dataset/train/minibus/214496054.jpg
minibus/214507352.jpg,dataset/train/minibus/214507352.jpg,train,minibus,.jpg,7395,521fb0a08f8baf4417ddc2bd18474c9d0b63e3d8668e1b820f8b4017790e280e,b84be32a565eb115974f2bc7f24f998d03c6da4b75c37d84326fd9a902c704ae,JPEG,RGB,210,276,[],dataset/train/minibus/214507352.jpg
minibus/214541786.jpg,dataset/train/minibus/214541786.jpg,train,minibus,.jpg,8748,3be81583eeac21a0ffb5ca93c76ae5be33de1957dd59831cb9afaf6943763807,196deacd96ca26c5778776ddb7cbb1a0d9f51409aaf305dd7f7f2e66f531b574,JPEG,RGB,198,252,[],dataset/train/minibus/214541786.jpg
minibus/214620434.jpg,dataset/train/minibus/214620434.jpg,train,minibus,.jpg,15838,76e6b095ba462cb36c901857c71a83a5c018cc508c327e147c1978f28fc37eff,d1fca3732def0f8dddba6161d90475bb88226b7fc60feed0805596d2cb100a45,JPEG,RGB,280,365,[],dataset/train/minibus/214620434.jpg
minibus/214672749.jpg,dataset/train/minibus/214672749.jpg,train,minibus,.jpg,22944,b9306ae4eb41e7de9489409e75969d5acfa25633b8f71c7056d5901ec8536f72,4c740d9dc52c9f6ed55636702b52856dbb4f676a2965308329f0cea4faceec88,JPEG,RGB,310,390,[],dataset/train/minibus/214672749.jpg
minibus/214734110.jpg,dataset/train/minibus/214734110.jpg,train,minibus,.jpg,22862,a5b835a681fe9f76f2c6cbfb9b7293ff68e78a5ef0548d257b39aa209cc8e95d,9f5c9f436af507a900fbcd3512a50b135510a617ede8c56ecef225e81d3b8bbc,JPEG,RGB,296,370,[],dataset/train/minibus/214734110.jpg
minibus/215113899.jpg,dataset/train/minibus/215113899.jpg,train,minibus,.jpg,6542,397dab0b53f9bf2f70c0ad06181352e9bd23157661593b05ca946732fd1efca4,2d1b4be8b22c156c329ec6ca854f50ae080f1578da48aa071a12de2a3f72f4bf,JPEG,RGB,195,264,[],dataset/train/minibus/215113899.jpg
minibus/215119023.jpg,dataset/train/minibus/215119023.jpg,train,minibus,.jpg,15897,548e6eb031c5be732b26b53008c58ac3d27e6b1f732d910be0628496fc24ea91,3769f586b097cfe0b700a501f899aa4e8c9ab2892e2d0ba4543a7f6170860361,JPEG,RGB,290,371,[],dataset/train/minibus/215119023.jpg
minibus/215128581.jpg,dataset/train/minibus/215128581.jpg,train,minibus,.jpg,10589,1c2e890a04332825d0636b63b5453a19f32098f67b7bd5725045ddaf748d206c,52ad1f0977fab9ac1b3858389c1b537920179a3afb89f5a08021d2254e1a476e,JPEG,RGB,291,347,[],dataset/train/minibus/215128581.jpg
minibus/215183131.jpg,dataset/train/minibus/215183131.jpg,train,minibus,.jpg,18171,c10bac275d3953205ca8155fa4161eb64db86350c02339d8a4244fd47f8b94c2,02026cbb685ed239ad38e0ba5cd6b1ac06eb54171fe2e6ed3367fc7a19cae68b,JPEG,RGB,270,361,[],dataset/train/minibus/215183131.jpg
minibus/215507730.jpg,dataset/train/minibus/215507730.jpg,train,minibus,.jpg,11867,acf217311e17454162badf2ad1d3cabfc4a128f22aa39b6f28fc2232f729686a,b3145f1b2098beabf9d2cde0c12221746c43e568fb38735c9bf51bd7ff297efc,JPEG,RGB,198,252,[],dataset/train/minibus/215507730.jpg
minibus/215508288.jpg,dataset/train/minibus/215508288.jpg,train,minibus,.jpg,6942,effb853e0b9beba7ae8e830e52e97be34f6d3a1f59c18aa87acf3e1312c64c6d,7c82f8c9dc39adc10dda397d47a5621e6b4405aa2e2878d1ba1dbf7c0041d1ef,JPEG,RGB,198,264,[],dataset/train/minibus/215508288.jpg
minibus/215533576.jpg,dataset/train/minibus/215533576.jpg,train,minibus,.jpg,9680,ab6602f03c7243d94f55217395fe61699f24a2cecfdc9a80394e012235266f42,bee93b2e03e6f1b83b963ec5ff652c95e459794a515f22d5af19044a22bbf3f0,JPEG,RGB,276,354,[],dataset/train/minibus/215533576.jpg
minibus/215585136.jpg,dataset/train/minibus/215585136.jpg,train,minibus,.jpg,11216,1462267c626c5edc9141c06acb23871a35e6287e077a99252aba8499931cb0c0,05c6beab9883fd7c1a2a2dbf3bba4e3058624f7d9610ea849aa181b4e362ba87,JPEG,RGB,210,268,[],dataset/train/minibus/215585136.jpg
minibus/215602362.jpg,dataset/train/minibus/215602362.jpg,train,minibus,.jpg,20842,b350d89725522a321c0471a17d1cae936f04a65fa29429553770602e94a8a769,830fae40782dec4b3c5b5b86f3040166c41a0c89ee2369df7302a4dbf86b1822,JPEG,RGB,293,341,[],dataset/train/minibus/215602362.jpg
minibus/215607636.jpg,dataset/train/minibus/215607636.jpg,train,minibus,.jpg,19046,7db02d5c1e7fb5a45f50f51ab43204493aea94c6771983ca7b8c8b8fa6053eae,2e90c81e9a326e936836635c7cf34e7341e1095bcf22a00f145f904563e1e1e0,JPEG,RGB,287,354,[],dataset/train/minibus/215607636.jpg
minibus/215610138.jpg,dataset/train/minibus/215610138.jpg,train,minibus,.jpg,22874,9419df7e7b04f0cfd9f9c5ac2f605173dead9dfa3b2c54433063fc562f7d034d,d0ec09882791c01ac7107b233865b6b67b25cfd8cc9afec39f9ce35f931c9b95,JPEG,RGB,322,401,[],dataset/train/minibus/215610138.jpg
minibus/215617838.jpg,dataset/train/minibus/215617838.jpg,train,minibus,.jpg,11555,808b2adaa4472bed7dce4b8fda4a506b84c92b64c496efd4bc46031cf017719f,6ccc49462c629b1f69c6ec8e0c9949082428e82d1062aa00d040f5415438fb21,JPEG,RGB,280,363,[],dataset/train/minibus/215617838.jpg
minibus/215644672.jpg,dataset/train/minibus/215644672.jpg,train,minibus,.jpg,19467,945508a9d2d6dd251d50b1fabbf19b739982ec92e3c57b5e0bf3a809a77a7d3b,b073661e207d6bf6b0b7b842f13a82f220f75c7fa8df1797c32a473a0db01c12,JPEG,RGB,287,363,[],dataset/train/minibus/215644672.jpg
minibus/215687610.jpg,dataset/train/minibus/215687610.jpg,train,minibus,.jpg,20243,a1d7f919c3606dd8cabf2087afdeb03be7b95a9bf608b8b70a01072643b9c0fb,247e1c5b9c088a1bcccee0d79d01eb446448f9050efa5d2ef75f86242a2c387d,JPEG,RGB,272,344,[],dataset/train/minibus/215687610.jpg
minibus/215692736.jpg,dataset/train/minibus/215692736.jpg,train,minibus,.jpg,18199,18e492edc90e755b1cfe4969d497c74c983dcc4809192a0129f2e667f5e80866,d54d2071e6be0f314257031851ed247b557465492f006c58fa19686cbcce87ae,JPEG,RGB,277,359,[],dataset/train/minibus/215692736.jpg
minibus/215703743.jpg,dataset/train/minibus/215703743.jpg,train,minibus,.jpg,20133,5b52ac353ed44b0caf57797032241555cbf7f56e94f2d19d1e0cd85365c37ea9,330354a3847f62c7182b0de9a613750d970f380db3c3603dd6e9ad341144e3f0,JPEG,RGB,288,344,[],dataset/train/minibus/215703743.jpg
minibus/215743713.jpg,dataset/train/minibus/215743713.jpg,train,minibus,.jpg,6172,164756cdba69d4c0e0a9f607e53804322e2cb830361a082c420f224e565ae442,97f9badf7bd9cb91fa6c9d79c32dc6e4060aaab1c822f0bcf5b80d83bb0d91d5,JPEG,RGB,198,252,[],dataset/train/minibus/215743713.jpg
minibus/215771082.jpg,dataset/train/minibus/215771082.jpg,train,minibus,.jpg,11934,5f920f4aa42f50c9b533a21d8167eaa94e3d438d98eac0ab31f59deb3e819c4a,d1d79e83298edf7a5c28f0aadaf714fb31cded1796fbf55033a860fd5754dcce,JPEG,RGB,280,453,[],dataset/train/minibus/215771082.jpg
minibus/215772197.jpg,dataset/train/minibus/215772197.jpg,train,minibus,.jpg,13105,7ff025d6381ad5383e0c1ca8e34bad65eb490b59a500dce24d52540b89d9fd3b,ab606cdc505a3069c2b6c3d012b4a24d598543261c843f630fffad6cdf58a529,JPEG,RGB,282,439,[],dataset/train/minibus/215772197.jpg
minibus/215772703.jpg,dataset/train/minibus/215772703.jpg,train,minibus,.jpg,17862,0fd8d2a046ea86473834762746c698a2af26820a666836090c0f34ec567f7e6f,2606bc31832790598d24d7eabbeee2c734256995e736cad068bf3a6921d88fe2,JPEG,RGB,291,348,[],dataset/train/minibus/215772703.jpg
minibus/215779841.jpg,dataset/train/minibus/215779841.jpg,train,minibus,.jpg,14708,13603286cfa27a47085fb6b6684dab20ba79254f529ca12d3c4aa3c32c4aaa8a,22a19050d8bd4a4c213b896eecd334db31ebbbdf7a2e9754af2c5a9fe324d1ad,JPEG,RGB,252,319,[],dataset/train/minibus/215779841.jpg
minibus/215782961.jpg,dataset/train/minibus/215782961.jpg,train,minibus,.jpg,4898,d04120774fc0fb79c5f87d8d6ea51568877c3f44213d90bb4e0eb306a47c629c,0c6ca7e2437a94c4c2a294db2741f6c5669076cefe2e3210a4a1312a1c25f8af,JPEG,RGB,135,180,[],dataset/train/minibus/215782961.jpg
minibus/215792583.jpg,dataset/train/minibus/215792583.jpg,train,minibus,.jpg,19739,304df22f629cd256a084d61666b9f96adceae6911e4e54ef77c1a877343d653d,6b933d705ada1e5e3ff644fee1112c30b5f5a7f28e76979a4b4d0a22e69ceabc,JPEG,RGB,313,397,[],dataset/train/minibus/215792583.jpg
minibus/215808924.jpg,dataset/train/minibus/215808924.jpg,train,minibus,.jpg,9567,3c9eff1e789016fca6dc31f1452455c5d66eea69da05080dda2db4358cea512a,56a8c729ef49033219630c29575c2fe4be568752c81cf509962a827ec47d8276,JPEG,RGB,281,357,[],dataset/train/minibus/215808924.jpg
minibus/215858014.jpg,dataset/train/minibus/215858014.jpg,train,minibus,.jpg,7379,445a0c71283287cca356caa3e1e5638cd51e3f58efabab5253e343a541634c26,8b33d3c1dedd5a487481b484f88cc70b2e0b3e67a2ad1485e504668ff340ce69,JPEG,RGB,198,264,[],dataset/train/minibus/215858014.jpg
minibus/215870097.jpg,dataset/train/minibus/215870097.jpg,train,minibus,.jpg,12290,b6501bbd83254f93d316f43735c8931d5139a4f273866dea441be075786232ca,279286c45cb71ba222067c75b8cd34a4fddeb766779339d1aee3f3eefa248ce9,JPEG,RGB,210,263,[],dataset/train/minibus/215870097.jpg
minibus/215872386.jpg,dataset/train/minibus/215872386.jpg,train,minibus,.jpg,20799,fb9debb5096e6b152f1e129f3998dfef3529a1285d43f3292c7bf4213c78af27,0414c0f44cb77df56cf07d1d045c47a83585d0efd4069457358c2297464e5619,JPEG,RGB,291,351,[],dataset/train/minibus/215872386.jpg
minibus/215893666.jpg,dataset/train/minibus/215893666.jpg,train,minibus,.jpg,9942,478a073d698d869dce0a0a6daab62f2e8a49bfea7d9aa3c87dedce1b3a5f396f,16e86e9dd808ea0eacd88f1fc36b01a81ef16dd43d962b9537f27ead521b26be,JPEG,RGB,274,360,[],dataset/train/minibus/215893666.jpg
minibus/215913440.jpg,dataset/train/minibus/215913440.jpg,train,minibus,.jpg,22710,2cf54bef31a10faedafa75f2406a444c2b9f501cc23dd811db308099050bfadb,100b882a8caa81104c4dc2d460c8ab1317bf1902d83d943e45d08639ba8908c9,JPEG,RGB,298,358,[],dataset/train/minibus/215913440.jpg
minibus/215917000.jpg,dataset/train/minibus/215917000.jpg,train,minibus,.jpg,21320,47ce942a538db3ecb5e7af855a948e5d5c5b8b5cf05eaab5c420053f848085b1,75e8b5578ef8b188e18cff20cf44f2b212f6b3b03a0506b93ad44dd56f6425e2,JPEG,RGB,293,354,[],dataset/train/minibus/215917000.jpg
minibus/215945358.jpg,dataset/train/minibus/215945358.jpg,train,minibus,.jpg,6880,838bb4aadf20d913a604121cdebe2b94aa6189e5f6bf23f7777e56eb075ad804,bc30293f403646cc598fb19da4ca967f990423a9dec54a516efb532edce5079c,JPEG,RGB,207,257,[],dataset/train/minibus/215945358.jpg
minibus/215973871.jpg,dataset/train/minibus/215973871.jpg,train,minibus,.jpg,17370,7a4cb6e0d45d1e11974611c6b7df255a9629e4dd48d0ef871732863a7f833f9e,fda8e722cd11c61c43eab151e1c1b5b89b1b86710a921ad1b5c381cd18cb5ad9,JPEG,RGB,270,331,[],dataset/train/minibus/215973871.jpg
minibus/215989811.jpg,dataset/train/minibus/215989811.jpg,train,minibus,.jpg,19312,9d49ad855c8fb86458681be24dce91fc73c8b24d5aa1e39111d6f288878e71e6,0db2c0be9b5687d3dda31625055236b08b02212f8b4ecba024d3ce97c551908d,JPEG,RGB,299,393,[],dataset/train/minibus/215989811.jpg
minibus/216005190.jpg,dataset/train/minibus/216005190.jpg,train,minibus,.jpg,10367,2d0a7ec03d498c9138c8c898097219097bd0570e07e4741270e6962075dc9df0,4b02d8cc06dde6316c19f6bc1bf49b3462f263d981040c90f6617cdc47aed76e,JPEG,RGB,189,240,[],dataset/train/minibus/216005190.jpg
minibus/216045431.jpg,dataset/train/minibus/216045431.jpg,train,minibus,.jpg,10537,1ca215d323b0c48642dda51ff541f3b7301d9b16e470c1c445c6ffe3d8aee833,b2c7bf89e0ed78a8c58ea79b05ed4965e8e272ae9472ff946053e557f52eed32,JPEG,RGB,292,352,[],dataset/train/minibus/216045431.jpg
minibus/216053678.jpg,dataset/train/minibus/216053678.jpg,train,minibus,.jpg,20824,b15b8b358aeba975a6824f7650fa09b548c4873f9a1d0673607fdefa87d0b54a,e4768a42849599d16b4b7758af54ef29a4888f7adeb0f6bb65f23f0fd7661877,JPEG,RGB,288,358,[],dataset/train/minibus/216053678.jpg
minibus/216061853.jpg,dataset/train/minibus/216061853.jpg,train,minibus,.jpg,19431,1e402ed620503592b8cb40cd378b2a349d84cc1fda466e6eb52a6735ae1efa23,f53690558c2944cb1b4d1fa5afa7d2cc5257371df842b8193f216f4085f918d8,JPEG,RGB,282,363,[],dataset/train/minibus/216061853.jpg
minibus/216100362.jpg,dataset/train/minibus/216100362.jpg,train,minibus,.jpg,12513,a83df32bd2808cc299a2119880b8a60b14fd32153723fb6e404afadbc4fded06,5c56274d033f8dfccab9fbbf236eef9ea8495282a67d0600b6cd7f69dc3b5f7f,JPEG,RGB,210,270,[],dataset/train/minibus/216100362.jpg
minibus/216138469.jpg,dataset/train/minibus/216138469.jpg,train,minibus,.jpg,17542,a04b0f5db260e11fed96bdb7fa6fe1d74586334590666613b08522deb6be7709,ac573fb36a28ce4923dc44fe2118e247745cd432196f4a48f7c2716acd31d9fa,JPEG,RGB,297,343,[],dataset/train/minibus/216138469.jpg
minibus/216155350.jpg,dataset/train/minibus/216155350.jpg,train,minibus,.jpg,20934,d71169a4b542de63a0c49662973d1db6cacd3b8e32b49ec6835939376853acbb,87123e55621ba4667746fc3a71a3e6248ef43d93d9a2d8f8fa395681c91ca34f,JPEG,RGB,278,379,[],dataset/train/minibus/216155350.jpg
minibus/216241825.jpg,dataset/train/minibus/216241825.jpg,train,minibus,.jpg,18516,ebbe38105324c264a0b58e8f418720a7d215ad68a951385129ce16f21ea99a38,10fbf070a3eef48987cf06b05e4d22aac193c40cf2581d7081cdd1df873f6cef,JPEG,RGB,282,372,[],dataset/train/minibus/216241825.jpg
minibus/216249951.jpg,dataset/train/minibus/216249951.jpg,train,minibus,.jpg,18973,5fe7bc36418899bf8084b01a8a5605a0cb038a511b38d6fdab2c2092a8eff61f,c1fcbb7b3f59e47b4f1b794b7d03830820f059ea2da29a0bb01b7cc9f3eff621,JPEG,RGB,299,348,[],dataset/train/minibus/216249951.jpg
minibus/216335737.jpg,dataset/train/minibus/216335737.jpg,train,minibus,.jpg,9976,6eef48bee420f3a6032c4b13fa7377ead2b5811fb1d033d9ac7a7cedbdbe0460,98aaec3e5757cc9850b7e068a70043e2f28ca49a2849e344b461f78125261bad,JPEG,RGB,222,280,[],dataset/train/minibus/216335737.jpg
minibus/216421891.jpg,dataset/train/minibus/216421891.jpg,train,minibus,.jpg,6245,62834b7d50a077bb7d3b3dff9a5cc4c0d5c93a204efe9c3812d0b2dbca91b1c1,16536faac21cce845fa5c9adab684f1ceda782ad66e742cf823dbfac32b50ea5,JPEG,RGB,198,264,[],dataset/train/minibus/216421891.jpg
minibus/216427737.jpg,dataset/train/minibus/216427737.jpg,train,minibus,.jpg,20057,c5c67190956653e6a57e494e2dc11bf303554f74fd6fca3392c3d552522fc81e,a0f77dcff0104194854578ed198216abac2c1130ea67252e32e8cdcf5a511f4a,JPEG,RGB,301,354,[],dataset/train/minibus/216427737.jpg
minibus/216430711.jpg,dataset/train/minibus/216430711.jpg,train,minibus,.jpg,19952,779ab1cd38810152d550cb2d97d3b319e82e397dc8d8743e37be3e7d84e8abb7,4f6f908e66f016d2bec6f9b1054e6f4a18c4ece1a621e1c5a9817d6bf4de5fd8,JPEG,RGB,297,351,[],dataset/train/minibus/216430711.jpg
minibus/216465953.jpg,dataset/train/minibus/216465953.jpg,train,minibus,.jpg,9109,c4708b929682b0cc75575aa86826ba2b4b0d3883a9abf2027f7069a1e5bbcea0,349d32e02dff8e1ab794fcd6ffc12005bdeb37dd5910c0fc9b2e1e05c56bd536,JPEG,RGB,276,356,[],dataset/train/minibus/216465953.jpg
minibus/216668413.jpg,dataset/train/minibus/216668413.jpg,train,minibus,.jpg,18810,f6d72fd4d7a2cca423e947704271526a3038b7dfc9ee23540e790d634f33df87,cf5fc7acebc3623d04897e149fb44e0facb44519e2212a7b1e7fb1e5ca98b1e0,JPEG,RGB,295,352,[],dataset/train/minibus/216668413.jpg
minibus/216737437.jpg,dataset/train/minibus/216737437.jpg,train,minibus,.jpg,18044,10e9872b8237377d4715c4e9ed35aeaf927cbe40041888e4debb8efb14e34e17,90b374c00dc5bf444890f4ba4103af49e37b4842e011c2d034ee1cc16412ab75,JPEG,RGB,293,353,[],dataset/train/minibus/216737437.jpg
minibus/216740055.jpg,dataset/train/minibus/216740055.jpg,train,minibus,.jpg,11327,10273392e31526a2316f2c1aacc640075986e354d38c16b4f8c7dc5f7f0e7beb,16f6f522d358824039baeb031e3bde6096ccab85d5e8ccad6974245e69fd47ad,JPEG,RGB,210,261,[],dataset/train/minibus/216740055.jpg
minibus/216761671.jpg,dataset/train/minibus/216761671.jpg,train,minibus,.jpg,20373,57faac111b07fb9f0fdb1d662f37d5461a0b91ebc380bbf38f8dca2f3ea9c6f7,c5bff7333d4c2d59600bdab778283567dd5f16eeb3d989dc0078d838d6f11a7a,JPEG,RGB,294,354,[],dataset/train/minibus/216761671.jpg
minibus/216769695.jpg,dataset/train/minibus/216769695.jpg,train,minibus,.jpg,18745,151d0d54641be8660f3e8d549ebc4cba81f79a74acfde036036db80fbcaad343,99eec717ae7877914bcfd62997f47256d7ad7c46f8109b1fb8681476df14df9b,JPEG,RGB,277,370,[],dataset/train/minibus/216769695.jpg
minibus/216806221.jpg,dataset/train/minibus/216806221.jpg,train,minibus,.jpg,12086,f14b318e6382618faa3012d36410a6293c9df8b6712bde571416f6de0d1828f4,f148318e1c3e6b2445366f056210708366af5f2755cf42d33e7a10bfbcaa250f,JPEG,RGB,219,288,[],dataset/train/minibus/216806221.jpg
minibus/216839173.jpg,dataset/train/minibus/216839173.jpg,train,minibus,.jpg,11179,8a1e00165a6ff5f5e4fc1709dc14c96533f47ccab75da68f7203b408c9376e6d,34dd7b96f268f9782aa19a64bfb20b4cd3be6ab05ddfbf30e5979055965a4b0d,JPEG,RGB,198,264,[],dataset/train/minibus/216839173.jpg
minibus/216842480.jpg,dataset/train/minibus/216842480.jpg,train,minibus,.jpg,21404,b5e754a55e55a580f64162453a707f3d39383fca4c06e1d9184eae6d9c0f2a6b,0befefe680422e86c4159ec6d4ccefccc9004549b1e55f8e8d74cafa39d52899,JPEG,RGB,280,361,[],dataset/train/minibus/216842480.jpg
minibus/216850683.jpg,dataset/train/minibus/216850683.jpg,train,minibus,.jpg,18324,f4684c00ad9a6d60f40689543ace23bc376daab39f9dfd0a31e999d5f8bd45ae,3520cb6a80db0229a7dea725c7dc170b426a5ba4bcd5fffe34009d930a2c4e7e,JPEG,RGB,297,343,[],dataset/train/minibus/216850683.jpg
minibus/216874507.jpg,dataset/train/minibus/216874507.jpg,train,minibus,.jpg,12312,52aedb3f4ae03048091a06ef3e518a574ef87d81e57a218c119166b9779bf93b,bf4a1bd80bdcceea44468453b7319fd9a2c3057d49e747c84f0a36edc91691db,JPEG,RGB,304,407,[],dataset/train/minibus/216874507.jpg
minibus/216950277.jpg,dataset/train/minibus/216950277.jpg,train,minibus,.jpg,20895,040a401cf7947cbc78d3cc49e7c3477889f1bc4940f5c054c8f86b35a2207a6d,d1261c77fa5bde19901f79cac4c1d6d26f10042394b664c22857fef33239c161,JPEG,RGB,298,344,[],dataset/train/minibus/216950277.jpg
minibus/216954877.jpg,dataset/train/minibus/216954877.jpg,train,minibus,.jpg,17919,ebefdccaf173bbd251bc055f0e2901ce598722e40fdf63a6c94e1bc64c0dd79c,acaf43f4d3da4a0ecede425076e6960c9fda1fa1d14d488ae730e329ca210701,JPEG,RGB,285,364,[],dataset/train/minibus/216954877.jpg
minibus/216977414.jpg,dataset/train/minibus/216977414.jpg,train,minibus,.jpg,19628,6fcda738f8acd65e772d3c31d29967309063332705a830f842a195cf2f4674cf,800b5e26ae4165b064f996b9c96368f72beee418688be0bc395160f14a5bfd0a,JPEG,RGB,297,348,[],dataset/train/minibus/216977414.jpg
minibus/216983171.jpg,dataset/train/minibus/216983171.jpg,train,minibus,.jpg,18395,ea5164132faaa3b1e478dff7f69b99a3bddcff43171afcb5035ac2760c121c62,308c7b1b28fa9c1d25a613ba731636fd89dc8cfee122d0e8e5bd2aa33a40be0d,JPEG,RGB,313,399,[],dataset/train/minibus/216983171.jpg
minibus/217026643.jpg,dataset/train/minibus/217026643.jpg,train,minibus,.jpg,12866,a62ba81387c8f79b3c9521ebf28c75fb2329c344679e45b016a986118d60b27c,ba3971fce291ea88b410466bfb79b5ed78372e5a174342ac0eb05ecc5d8570b1,JPEG,RGB,281,357,[],dataset/train/minibus/217026643.jpg
minibus/217234709.jpg,dataset/train/minibus/217234709.jpg,train,minibus,.jpg,10268,b9306175b07cba9f526a6c9ea1f5b42f0d71255769cb7d60214e3fbf1dbbd78d,312cc34cad5d98a4369d32d89343cad6c01a2070a6ad8cda47ff2e7830dfc467,JPEG,RGB,186,240,[],dataset/train/minibus/217234709.jpg
minibus/217339443.jpg,dataset/train/minibus/217339443.jpg,train,minibus,.jpg,15979,7106b1dc286eafb2886d7ecaa5cc66b4d3d4000839e088842cc889f83882a16d,e1f9e21fd10a62dca86f5c655714961188cb29b401662f6b672714cc29c5b42a,JPEG,RGB,287,378,[],dataset/train/minibus/217339443.jpg
minibus/217763204.jpg,dataset/train/minibus/217763204.jpg,train,minibus,.jpg,19849,c821eb95a5c358ce0e9303659d22fc635d553de08f14d0f168f2a7d0b7a0b6d8,eb2debedbc6354364ec936eb1b909e02bc584d65c236cecd5cf4d899fdc03795,JPEG,RGB,287,349,[],dataset/train/minibus/217763204.jpg
minibus/217959147.jpg,dataset/train/minibus/217959147.jpg,train,minibus,.jpg,17538,4304bc68b9e74d9086728855f75c699c274500bd7d46a4b96c8b9efe5049d64f,ed9a3819a6e63065865eab6ae9be1c4e0a4deaa270e4457c0496caa8f70c506c,JPEG,RGB,286,357,[],dataset/train/minibus/217959147.jpg
minibus/217986520.jpg,dataset/train/minibus/217986520.jpg,train,minibus,.jpg,17032,e5538fef13666f31cde5d16c0fff96c3bb62380b7313e8f7f4f7d768c5a2ddd5,fd0d066ef825a25b8108278b5404ac3663815dfc22907249e33d1b0e8e59a7db,JPEG,RGB,284,366,[],dataset/train/minibus/217986520.jpg
minibus/218002136.jpg,dataset/train/minibus/218002136.jpg,train,minibus,.jpg,21501,b97706e8cab04fc9167b0435d7b0eebf9987adf0f1da000de6881835565ff163,cf76d4db6eb192179f3974f2eab936bc71874dd0db02f44224a0869333e719e3,JPEG,RGB,299,349,[],dataset/train/minibus/218002136.jpg
minibus/218007837.jpg,dataset/train/minibus/218007837.jpg,train,minibus,.jpg,17894,4d9b54b783540be8d3bea3765e739e2487cb036245a987529020031fce5c5573,ca24ad631bce99ff6ba894bc69e37a347f585d2c52ec191c5f9a5226a6f6dee3,JPEG,RGB,283,378,[],dataset/train/minibus/218007837.jpg
minibus/218022337.jpg,dataset/train/minibus/218022337.jpg,train,minibus,.jpg,18373,f9ad3b3fe4609ef781910444d8ac0d3c19596cbec223aa25890b60982727efec,faf00693aa6e24000e9f748372d986c0e969e60668cad3ec0144ffae4fcf0d57,JPEG,RGB,264,348,[],dataset/train/minibus/218022337.jpg
minibus/218049788.jpg,dataset/train/minibus/218049788.jpg,train,minibus,.jpg,15104,8688711f3c5a3ef5bc13d1ada6d7a87716701b0de7cb2d0f6931a7e514313912,c929d946c9accd61c999898ad3fc3225f1a3e663e8b7a87035fa520dd52bf1f2,JPEG,RGB,300,346,[],dataset/train/minibus/218049788.jpg
minibus/218134277.jpg,dataset/train/minibus/218134277.jpg,train,minibus,.jpg,22078,b3d8c0c44de0eab5f9faa700dd6da16463640b71bfe1992df369a8bba4fcf4d3,ead47c64326e1ce92e95d7a9abf817e175ea3ee72e6052ecd0ae0112b050653f,JPEG,RGB,299,352,[],dataset/train/minibus/218134277.jpg
minibus/218138154.jpg,dataset/train/minibus/218138154.jpg,train,minibus,.jpg,20844,8c6f5a988ab7d15bc19c20908f0e6930941d9ca4bfaa673e8d4b8af5954e3b23,867561f895f19986c5989377755bb7493f85ae1c780a31d4d1d10b6539a114d5,JPEG,RGB,282,356,[],dataset/train/minibus/218138154.jpg
minibus/218145650.jpg,dataset/train/minibus/218145650.jpg,train,minibus,.jpg,17897,f80fa012c2da2a07c2f913497dacaa38ddf28e01fc98ddedc3612140e969d38e,30aa69bd151b0084ee04ad2843c7db469999e832be1ba2ce766e76bada345bc3,JPEG,RGB,286,401,[],dataset/train/minibus/218145650.jpg
minibus/218223645.jpg,dataset/train/minibus/218223645.jpg,train,minibus,.jpg,20414,50b593f6aa01143f7067c61bcd7ac86540ed6736865e3c3bbd991cc4039fa559,9c126b4672c853e67a262ec17b2dac21993d26f67b47ed8388ba04a5046cf894,JPEG,RGB,297,350,[],dataset/train/minibus/218223645.jpg
minibus/218241684.jpg,dataset/train/minibus/218241684.jpg,train,minibus,.jpg,10808,06542990a57561988ba333f9e4e08fa205d09df1b107ba5c2fd27b055aa566eb,06af9456e817b5e42cdae67726af221d65ce4d314c0292ebbe61303d5c6549d5,JPEG,RGB,207,210,[],dataset/train/minibus/218241684.jpg
minibus/218307381.jpg,dataset/train/minibus/218307381.jpg,train,minibus,.jpg,21378,5cfc905214498381d9ce3bb31303dba12749afaebc17b0a11cf63388417e1a3f,2eaf8e99c273e2085d682e0c513e73ac9c68005f7d992cc5fc80f3d120853b37,JPEG,RGB,290,354,[],dataset/train/minibus/218307381.jpg
minibus/218328619.jpg,dataset/train/minibus/218328619.jpg,train,minibus,.jpg,20690,e168c517219584187d87ec085fc53129508fb87fb9d6ecde89ed6fe30fe0f372,e69a7b6e59580f981259814df0e0a0a25bdfac759ac4e97c8789444800de933b,JPEG,RGB,299,348,[],dataset/train/minibus/218328619.jpg
minibus/218333282.jpg,dataset/train/minibus/218333282.jpg,train,minibus,.jpg,17617,02faa24b19facc94897a6c7a8ddd9e8026120758010367d191204e9905001ecb,4058edbc8192e467e282a06789c113d782dc2de79d19fae2eba3a78876d632b1,JPEG,RGB,290,358,[],dataset/train/minibus/218333282.jpg
minibus/218425722.jpg,dataset/train/minibus/218425722.jpg,train,minibus,.jpg,14990,6ecdbdb5830c280ee60da861c22c568135653aa8b27c43d5c2d76de20c97d486,87099537d06135473c56be989d55736809e0806d800af9925de78a616f625a77,JPEG,RGB,296,350,[],dataset/train/minibus/218425722.jpg
minibus/218466798.jpg,dataset/train/minibus/218466798.jpg,train,minibus,.jpg,24751,0db88054804ad8168ab80b13c2f640c66f494eefa0bd56d7186aab44d52b62da,925364de652f1233d39aee117d1a3886e274fa5ace1da35b2428e88e88a7e032,JPEG,RGB,312,375,[],dataset/train/minibus/218466798.jpg
minibus/218542930.jpg,dataset/train/minibus/218542930.jpg,train,minibus,.jpg,10170,5be4de336b137e20799b11c7ab6d78210ca8433a71674fa898cc8575e438e31a,0ff799ec949aba8ad979f9bfcbb89422167940c05cbcf1e84d30c5575819221a,JPEG,RGB,288,347,[],dataset/train/minibus/218542930.jpg
minibus/218581851.jpg,dataset/train/minibus/218581851.jpg,train,minibus,.jpg,10403,4a49cd2d51936a734a9e9bf95a8da49797de77c52cd57100618a98826537d5ec,546a6c1cf1bbca7987ad164de39706ba1d9fcfe91003f88959289d8e6981a8c8,JPEG,RGB,289,353,[],dataset/train/minibus/218581851.jpg
minibus/218590836.jpg,dataset/train/minibus/218590836.jpg,train,minibus,.jpg,18358,66257111cd3a88ea48952300386f2c4cb3bf32a876efc31d785c456782161cd7,4661992c65e838d0d40f7782a3cd7f1b1e4bf4ba0b5f54e133a796daea706860,JPEG,RGB,290,353,[],dataset/train/minibus/218590836.jpg
minibus/218596879.jpg,dataset/train/minibus/218596879.jpg,train,minibus,.jpg,20676,435a5581e8a81c7db1233f3c896c9a137c0e5b310fe924dc414ae103635afded,c9e00cd905a6a26cb4186da581099174a8bfbe095406af011aab2b292b0c74e8,JPEG,RGB,291,350,[],dataset/train/minibus/218596879.jpg
minibus/218605367.jpg,dataset/train/minibus/218605367.jpg,train,minibus,.jpg,17498,90a13f2d04a376f5609ae6048391769a3ad7b23add52243e840bf8de72631b6d,c78754df71c1e5faa37fd21e818ebede6cb44ee983042af39d2daaa271f4c494,JPEG,RGB,292,358,[],dataset/train/minibus/218605367.jpg
minibus/218643730.jpg,dataset/train/minibus/218643730.jpg,train,minibus,.jpg,18143,4448599618519b843d9fde79263f7f86301a20b30c6bd9ad02f90fe4f76e27a9,9084708410f2347ddfa43545b1c9ad403b8cff62e0f2328f9668cabee7b7ceb0,JPEG,RGB,288,351,[],dataset/train/minibus/218643730.jpg
minibus/218724931.jpg,dataset/train/minibus/218724931.jpg,train,minibus,.jpg,22842,00226d879f9012bae16c59f059cf0b2300e9fff577b8ff85a8ab52312180651b,4ecbe47550865e650ba10a7b3b6c59203c7cbc0552260e7eca44f9bd25af6038,JPEG,RGB,466,378,[],dataset/train/minibus/218724931.jpg
minibus/218832361.jpg,dataset/train/minibus/218832361.jpg,train,minibus,.jpg,20484,e53b7340ac1c27b124a6984c310127520deafa6bb35c0c88ff67f97b8e20789e,9428c34c85ffd2984716f7da4bdb2b6c3ad4febc82e4f6b139f677bf312b01d1,JPEG,RGB,277,372,[],dataset/train/minibus/218832361.jpg
minibus/218849745.jpg,dataset/train/minibus/218849745.jpg,train,minibus,.jpg,10825,1d5ac8372c3814332ce1f63c9933c7a172089e2a67cfaf334c043882582a2164,68f93833fc1cc34b16d01156c03c76c7c1ae41902455fde5c316642ccb31b4fb,JPEG,RGB,198,264,[],dataset/train/minibus/218849745.jpg
minibus/218911207.jpg,dataset/train/minibus/218911207.jpg,train,minibus,.jpg,9475,aa26e57501c5d7a869aa6ac5495bf5c4cef78bdcde9f5576f0babaea3ab189f5,3499c6583f2c9e1bd877ffe4b2c7efb0fbaac686fc8fedfba0f102b1cb1933e0,JPEG,RGB,207,272,[],dataset/train/minibus/218911207.jpg
minibus/218939308.jpg,dataset/train/minibus/218939308.jpg,train,minibus,.jpg,13645,15051b04dc37fec29549489673680a8b48a0f348ec6e05b078a49ce7a645deb7,2dab0e4089538c8c211347868cee5ed9a99207b7cfe7e59ac20cef9f32aae946,JPEG,RGB,198,252,[],dataset/train/minibus/218939308.jpg
minibus/219025847.jpg,dataset/train/minibus/219025847.jpg,train,minibus,.jpg,19008,3f6d81dc184dc000aa162bb07b0da615c34854e27ac386d041f3e90453e57a86,85bb100e93c537beafa12d1acaca42571ab03d0b7dc5a89c0222de13a7e395ee,JPEG,RGB,285,361,[],dataset/train/minibus/219025847.jpg
savari/193865576.jpg,dataset/train/savari/193865576.jpg,train,savari,.jpg,15853,37b24ebfefea9b97a41052c18910054812072eab62b949444217315a257dcb7f,b3cd43f1ce2d90829bc84e3276bfe374f8f3ba1b8a8202128a411bd20bbb5833,JPEG,RGB,274,265,[],dataset/train/savari/193865576.jpg
savari/195800847.jpg,dataset/train/savari/195800847.jpg,train,savari,.jpg,12042,2742160b69c4c1afccdd00a03aa355162db209d2c53c87304d5e33e899526b7c,9f1f79a432818d8236f41c266472896f44cd28cf81e925ba3d6d6940cb3438ba,JPEG,RGB,294,254,[],dataset/train/savari/195800847.jpg
savari/195839967.jpg,dataset/train/savari/195839967.jpg,train,savari,.jpg,6554,a59b88540e6315da41ddbe37b0fd0eaa124cf4183cf15dc686f76b319677ff1c,8eb5adeb9dc6035bb3661c1e9bba87b877ab42e9108562415c776894a2e8b149,JPEG,RGB,216,209,[],dataset/train/savari/195839967.jpg
savari/197696747.jpg,dataset/train/savari/197696747.jpg,train,savari,.jpg,8494,1cc6d07505d54f5cfbce301ae429a5e21887ecf47bd619e32b9a04601c664089,21e873adf5b696476cbe09d08c6d3cf02a6e7c60ac9c5ea8ae8f552c1fe91f70,JPEG,RGB,269,259,[],dataset/train/savari/197696747.jpg
savari/198098595.jpg,dataset/train/savari/198098595.jpg,train,savari,.jpg,11043,44d634220ebc45dd3bbd98162b71f624939defa1d82da3b54bcd6c255a600ff7,c87168aa0fdb05df5468358eb623c6d893c866ab0b9ac07be6d148ac71ca1a06,JPEG,RGB,239,275,[],dataset/train/savari/198098595.jpg
savari/198132254.jpg,dataset/train/savari/198132254.jpg,train,savari,.jpg,7245,c3efe284a6d1b116ad0408da537a8296a0e72c201281bde51ef8fb96513249d7,233d9eb04e007b07ae0be0ecb1a84cde9edeb269aff6cc41941bf449279de419,JPEG,RGB,251,271,[],dataset/train/savari/198132254.jpg
savari/198468980.jpg,dataset/train/savari/198468980.jpg,train,savari,.jpg,14929,e0c99fcc96694982f05b28ff27f69bffa87851921cdb6729c54dfedbf054c9a5,830f50040064b55221be1c83b096d93fd7f9062f0c22553ff0f4ebc6dbb3c3ca,JPEG,RGB,290,260,[],dataset/train/savari/198468980.jpg
savari/199201260.jpg,dataset/train/savari/199201260.jpg,train,savari,.jpg,12819,cea079f0f0203229d78ad6a09a960742adfd375c11a069620bbc85ace0b715f1,d659c5aafe06f9e25aecf0c74eb02ca58d5d17c10629194db9ead9035e0d3c40,JPEG,RGB,245,227,[],dataset/train/savari/199201260.jpg
savari/199907289.jpg,dataset/train/savari/199907289.jpg,train,savari,.jpg,14233,979e7615ec741abfd02aa059faa134c59a5a0d6bb6f6d2523647e4011d2eea65,06f1c0d40f603a1ceff344dc64ac38f34f0c1685efaebf9f93ccd5b81ba633f5,JPEG,RGB,257,270,[],dataset/train/savari/199907289.jpg
savari/200850651.jpg,dataset/train/savari/200850651.jpg,train,savari,.jpg,15400,7590b6812c64077e16205d530a543d4c0fba05296f7f98f02cadbdf65add5250,f60f35c063bc91135cb4ea1fee2bb1c7e5966cefce2b21b429c42263cb883588,JPEG,RGB,278,272,[],dataset/train/savari/200850651.jpg
savari/200989560.jpg,dataset/train/savari/200989560.jpg,train,savari,.jpg,15189,0d47cdf93f179339ba1839a7b6698f5132ab769956d4dd0d53e5849f229e23fd,7c6d1907d12a3baccd72707693e0dcc693fe5e0efe54c2ce854a17db3fa2eb2c,JPEG,RGB,276,258,[],dataset/train/savari/200989560.jpg
savari/202058797.jpg,dataset/train/savari/202058797.jpg,train,savari,.jpg,12003,8f621d9101e93884a4078147c9fbb2c9d186d2fdd2e3459699c5cab616588ac1,ef7df965259473ec58d7974f9db682a03b337b4442a866db0056b6ece83337b6,JPEG,RGB,302,253,[],dataset/train/savari/202058797.jpg
savari/202273928.jpg,dataset/train/savari/202273928.jpg,train,savari,.jpg,13123,8cdc386f6c36114e1427fe696d45f7094fbd130b00e5177d670a750c5066f0be,8d52c41cb3d5791d178175e2d87ee0039a5c914f967259ab9ad8832752498cf4,JPEG,RGB,242,262,[],dataset/train/savari/202273928.jpg
savari/203382686.jpg,dataset/train/savari/203382686.jpg,train,savari,.jpg,10642,9fb183411b3a35a75107e175c6b4c9f46aee24be02bda7d0a0f47fb40035a785,f5cb34243554c2d07db8d11dcb117f8c3040ae57d548dd58abeed09fd0bd03dd,JPEG,RGB,247,255,[],dataset/train/savari/203382686.jpg
savari/204027920.jpg,dataset/train/savari/204027920.jpg,train,savari,.jpg,14734,3cb2a5bdbc0b0d4e21f32a1a5f715af80f3b10a6121e4075851827213ab86ecf,2b8abf7239ffb56f4b6e7a6f1511eb88831be40b8f1267200153aa73893557e0,JPEG,RGB,286,245,[],dataset/train/savari/204027920.jpg
savari/205048854.jpg,dataset/train/savari/205048854.jpg,train,savari,.jpg,14244,f1c52b425367a811548722e82a600d6911b60bdf214ff5b6b29206a9da010960,60c43b29132f39c624b303e7397033cc361b32451af0c17629bfd96be6d28c7a,JPEG,RGB,248,276,[],dataset/train/savari/205048854.jpg
savari/205049904.jpg,dataset/train/savari/205049904.jpg,train,savari,.jpg,12690,6a7b9269a80f45177ee11e2b1eb51a9527d745cbbda530084783e429d5da4982,39f1a621644538502543dfabb1208587ec42d555b95602bd11ada11dcace699b,JPEG,RGB,235,261,[],dataset/train/savari/205049904.jpg
savari/205313767.jpg,dataset/train/savari/205313767.jpg,train,savari,.jpg,12948,6ecbf036499918a0955bbbe33ee4c508a21f5e6112a2f513f59acfec6f9e6f13,caec06997e87715a984a9bb95c7a648454c695a14d5c9d34ec53d533b78d19e1,JPEG,RGB,262,251,[],dataset/train/savari/205313767.jpg
savari/205377474.jpg,dataset/train/savari/205377474.jpg,train,savari,.jpg,7035,9552997ac579cd9f5391526e3eea56f3b1d926bac30e332d8f90e95f406ffb59,76efe8416751940d7ec59c09e1ffd751a0962328c47e1e1b64a8f23aeac1113c,JPEG,RGB,222,219,[],dataset/train/savari/205377474.jpg
savari/205495938.jpg,dataset/train/savari/205495938.jpg,train,savari,.jpg,13426,47de06b13be4b9b78f11a2b78b2adef19cf9e2d2a3c9d1fdf623866bfa7157e7,44e87e0c13bd46315f87cff774f0fe86dfedd89ad6fea47c0792c22792455597,JPEG,RGB,253,260,[],dataset/train/savari/205495938.jpg
savari/205865817.jpg,dataset/train/savari/205865817.jpg,train,savari,.jpg,10057,495f6dfc935e642c3cfe95a16a0a5971ee40463186abfae32157e20886e337c1,bee9e3d623bafc491f7004a30902510487cc691e06e5dc58b197c7528c7ecc50,JPEG,RGB,249,251,[],dataset/train/savari/205865817.jpg
savari/206134948.jpg,dataset/train/savari/206134948.jpg,train,savari,.jpg,10258,b7fcea8ee4405c7ce285f13a1eb8bb40624e0db5d958d19915ccaa7eadec4737,58ee3f88165e880a356e384750164e7d2abe601ca2d52825ce0197381afa3cbc,JPEG,RGB,236,230,[],dataset/train/savari/206134948.jpg
savari/206147449.jpg,dataset/train/savari/206147449.jpg,train,savari,.jpg,14005,85d944f9b0ea699ed4a89127701edb960bf08da52c3cfe4113aab8e1fe01b703,9cdcbe04ffecb623674ba41a2496bdace62356677dd51ab2afa2683a07f1474b,JPEG,RGB,292,265,[],dataset/train/savari/206147449.jpg
savari/206190231.jpg,dataset/train/savari/206190231.jpg,train,savari,.jpg,15423,b8e39dbcf6520b261639594c05970b0db4c109b3c108242006021cc40e09ee4f,a199ff49860f26af6d977058cef373bbe1e0b12b00cc7c63eaa7325b71e17115,JPEG,RGB,305,261,[],dataset/train/savari/206190231.jpg
savari/206276702.jpg,dataset/train/savari/206276702.jpg,train,savari,.jpg,8409,6bc23cec1d4d57249c0d11684d180644f95ee05e1c35668c1bc77aa8e6453379,45ab4ab34819f7d5e51f5db8cfe56dbbb816766a6f015b7cb9cb3f052a5a4b30,JPEG,RGB,233,242,[],dataset/train/savari/206276702.jpg
savari/206375505.jpg,dataset/train/savari/206375505.jpg,train,savari,.jpg,13083,66a6c5fab6882693abe31800e00677adfcc298865ae79b9808a0579770d62d8e,0da7816c67005ab1f0a9420b94388dc1405ebe07d06c0be8c8066c1f192abd1b,JPEG,RGB,264,274,[],dataset/train/savari/206375505.jpg
savari/206431037.jpg,dataset/train/savari/206431037.jpg,train,savari,.jpg,11411,87704eca05ea948de6fbbdaf92f33b3a06c8a874345415ad4b2237197d0a5247,8d5d44c332789f82ad2f8a81e961014cf3afd0079ae98aeeff02ecbeb06c6235,JPEG,RGB,253,266,[],dataset/train/savari/206431037.jpg
savari/206456878.jpg,dataset/train/savari/206456878.jpg,train,savari,.jpg,14465,9b825ae28a32285079dbb6bbb6da2f862811c4aa81085430f47559142a267c57,ba18f85292071986b65eec175ca7006cc015a861d432694003770259f90f0342,JPEG,RGB,249,273,[],dataset/train/savari/206456878.jpg
savari/206559296.jpg,dataset/train/savari/206559296.jpg,train,savari,.jpg,13838,6b300c80c29cc5b032b01473a3ef4669e49c789ddb744fc1dd82b06d016e82a9,7fffb2e40f1649a585c0c7966a8f841546355a5ea629369271421822dbe56248,JPEG,RGB,248,308,[],dataset/train/savari/206559296.jpg
savari/206573249.jpg,dataset/train/savari/206573249.jpg,train,savari,.jpg,13697,8c9d96f4a844a1d845b7efad1f07c8c8f25f01aad3266f710d5e27b91f516a47,5668ff2a2c2c67bed90fa9fa40bcfe885b3461d218f9f281f916c6cc44885cc0,JPEG,RGB,242,268,[],dataset/train/savari/206573249.jpg
savari/206606848.jpg,dataset/train/savari/206606848.jpg,train,savari,.jpg,12869,e71b149512416222b716d1f8b22a246c745bd1853b573cf1a5e0c8fed21ba22b,b6386b5b262cba133b1449c91a16e94ff07befecb17bfa79a780664f5fbaeeef,JPEG,RGB,256,246,[],dataset/train/savari/206606848.jpg
savari/206644295.jpg,dataset/train/savari/206644295.jpg,train,savari,.jpg,11350,a04a0f15d6178f4bd47c802e51c86d6d210bd14cb483bff867040a6023facdd3,d12412c4fe1c95645a9c84ab662c5c57f12e896626337cb73884c94e8b0643f6,JPEG,RGB,246,265,[],dataset/train/savari/206644295.jpg
savari/206757757.jpg,dataset/train/savari/206757757.jpg,train,savari,.jpg,10106,e1f2d3b36ca3af80e9d2668b7470d55708ec96f0346af4bfae460dc8557909af,86e55a5fc6e399f616ab07034ffc051be7540cab3f700b77f1329198cbf27d4d,JPEG,RGB,265,244,[],dataset/train/savari/206757757.jpg
savari/207140641.jpg,dataset/train/savari/207140641.jpg,train,savari,.jpg,12768,253b26104754bc216036c1127e8fdbfb6e76e997020c8db4ae8832423b7a387b,e70bfaca638f9a2e24ec27f1f83ac506577c48dbb3a5ebb2deee35a082690de7,JPEG,RGB,243,266,[],dataset/train/savari/207140641.jpg
savari/207481567.jpg,dataset/train/savari/207481567.jpg,train,savari,.jpg,11134,2a994c5c97a81b04747ef4164f3e876477012418dbd533e6746f94c1217e0489,68c9141dfa4349850dd2cda42f254763139ae97f15c326bc2d3cbb7b1c6ea173,JPEG,RGB,243,254,[],dataset/train/savari/207481567.jpg
savari/207857225.jpg,dataset/train/savari/207857225.jpg,train,savari,.jpg,12798,6f2d6fef2fc90596441807d6d70c11c034bab24e1efa7bf04dd598e5d35e9e11,4e85400018b477661244a07d11eab381bea0590a326cea191a0cdb5806ed61bc,JPEG,RGB,245,250,[],dataset/train/savari/207857225.jpg
savari/207964148.jpg,dataset/train/savari/207964148.jpg,train,savari,.jpg,13928,d0216b9de1de0de28765ba7c4aafe7d34d5340b83965f307d0a5fb60af820ba7,0dc302f64f89d22054a87f92623420a5ce4e0713ac2eb93e43e2aab70a92ec53,JPEG,RGB,267,253,[],dataset/train/savari/207964148.jpg
savari/208184846.jpg,dataset/train/savari/208184846.jpg,train,savari,.jpg,8084,bb36b31816da6c1f21363961d9817083e63b4b99476aae680e1542851eb3f964,6940eeef0e8a670caa3c4684ff1c41c3cb2d66f34cf79fa3ea5cd266adf325d4,JPEG,RGB,214,221,[],dataset/train/savari/208184846.jpg
savari/208296185.jpg,dataset/train/savari/208296185.jpg,train,savari,.jpg,12560,e1ec7038c2b1a887090450b28e0781eb76171db2d7218df743a5454b0891c5d2,5fd866dd47a449cf4571fc9786e82e84b2b046d3ce2e5155fccf5c6ee74dc234,JPEG,RGB,250,258,[],dataset/train/savari/208296185.jpg
savari/208336353.jpg,dataset/train/savari/208336353.jpg,train,savari,.jpg,14425,41155963bad20f0d31a21a52dc1ce87d4a378e002d70013c33844eee1de12cbb,77ac778640e305d8f39858470ef1ad7f81b7a6e72d0bd29ba6c9850e306f7849,JPEG,RGB,258,262,[],dataset/train/savari/208336353.jpg
savari/208443200.jpg,dataset/train/savari/208443200.jpg,train,savari,.jpg,9045,f5e942155083b8faf5a8e9b46ccf0231d788e2da8ce5cdb031cc848eb7813b03,8639bd95717a55769d2bbdbc3ed8b815f5a3abf779d2df85366f9a5dc02f68f8,JPEG,RGB,272,258,[],dataset/train/savari/208443200.jpg
savari/208561726.jpg,dataset/train/savari/208561726.jpg,train,savari,.jpg,12751,3854f3c327fa75faff99018d4968065247413268768d47184944922370ef9554,e14f70bff682730553f459611799d40eae4ff73d22f1c7e40392a06d83e6443c,JPEG,RGB,256,272,[],dataset/train/savari/208561726.jpg
savari/208637892.jpg,dataset/train/savari/208637892.jpg,train,savari,.jpg,15165,d14e67f2ed08c9546607d56bf0c8f43c18e0139999086dd5d750ed4184bce90d,c3fba979672762457111369890a7bd5ed1f2d9e78b318595712ae704a7297cee,JPEG,RGB,254,253,[],dataset/train/savari/208637892.jpg
savari/209013092.jpg,dataset/train/savari/209013092.jpg,train,savari,.jpg,13690,1f9c3fbc2fa0b19e7fb3026c931477c4154601c41cb23e2adc72ac197ed66f0c,11240b5c21ba7cc381195ccec84ac4a6754d3ab40079b55db0276616fc0659db,JPEG,RGB,238,269,[],dataset/train/savari/209013092.jpg
savari/209155552.jpg,dataset/train/savari/209155552.jpg,train,savari,.jpg,8228,26452e6c0701da60250212b3061902c49e2e041c63523c87f3285047b077cdc5,c3d1c5437a3111a962255a2e9e57b96b92fcb4e1cc3cd14e42f58c3c9b20a63d,JPEG,RGB,267,290,[],dataset/train/savari/209155552.jpg
savari/209168112.jpg,dataset/train/savari/209168112.jpg,train,savari,.jpg,6247,7c3333937e7f377175ca7abcfd6a6e7a76edcc0e7ea6b4a64140c4472e7344cc,6c8fac02e554f60d756641474a02984650fc4cf04be89f967fe02c33edd4d719,JPEG,RGB,232,232,[],dataset/train/savari/209168112.jpg
savari/209361107.jpg,dataset/train/savari/209361107.jpg,train,savari,.jpg,11864,379dfc468013dce9033677ef517fd5dd8210bc41b131161596d2582b797d5bb5,d97cb5b95d131e42754ff79951ac8b54d2672a0c4184a68ae1b6a5357d2aacf2,JPEG,RGB,207,276,[],dataset/train/savari/209361107.jpg
savari/209427269.jpg,dataset/train/savari/209427269.jpg,train,savari,.jpg,11976,78594ea60e38083eda79ec08f5f55dfe7d58b3cd5510c2e0b21d86de75aa36e4,d82d02c44c22d1162a4578797312b54d13163d0d3d1724c064ad1a21ad836405,JPEG,RGB,247,270,[],dataset/train/savari/209427269.jpg
savari/210015193.jpg,dataset/train/savari/210015193.jpg,train,savari,.jpg,11039,9bfba6537380d04a49694966e49de02cfa431a13a0d59c4812bd4bffb3f127b3,a070c59a19853a723baff69fc09f02b436c73f84cb7d8c4e90b3f08b324ea45b,JPEG,RGB,207,255,[],dataset/train/savari/210015193.jpg
savari/210273275.jpg,dataset/train/savari/210273275.jpg,train,savari,.jpg,14215,d23c2c1c82bffcbaa501b0466f8e5ca4eef290a0f1f041b8d88a03962015ae19,cb50662c7d9e700f4b4acb08744b559e67159086f418db396b00284b3ecd2f42,JPEG,RGB,271,277,[],dataset/train/savari/210273275.jpg
savari/210317139.jpg,dataset/train/savari/210317139.jpg,train,savari,.jpg,13966,bc1aed6a80445426b7779414c099dbadcbe9a482758122fe98c33933fc828945,d5d9a79c1e345954f1b1c10bcdb5be08251265742afb2199acea29f30ae71901,JPEG,RGB,239,253,[],dataset/train/savari/210317139.jpg
savari/210380464.jpg,dataset/train/savari/210380464.jpg,train,savari,.jpg,11460,437fe61f530be1bbe47f5ea1233546c6de50ae8912c2672141fc3ffbbf59cc56,1772c5f6d78cc877d0fb38eabada6de8b06c769465d287fba4109904249827ca,JPEG,RGB,241,264,[],dataset/train/savari/210380464.jpg
savari/210494128.jpg,dataset/train/savari/210494128.jpg,train,savari,.jpg,10095,f08314a3f6d892faed296893fa32efd9ac454de299577b32c2732040bc52e205,7e6f4880d8465b67618bdada20de600efef7fb00f7f522b89db0c40b20fac764,JPEG,RGB,233,257,[],dataset/train/savari/210494128.jpg
savari/210565057.jpg,dataset/train/savari/210565057.jpg,train,savari,.jpg,15032,854d0958539a48a569ff5be722fb1d96d970f365884e64ca4c29329922945478,73d8e88a1a2670c545e6559941011c8db6500229ddc28864d3465f683c21962a,JPEG,RGB,271,246,[],dataset/train/savari/210565057.jpg
savari/210627739.jpg,dataset/train/savari/210627739.jpg,train,savari,.jpg,6678,e308c2a2ee456c2855bcda9026b2089d7e2ad55db2b693b79101a7cc6e1c43aa,fad0a94a05861121fd981b1f58312da229171fe4cde450b1b832ab99ba8bac1b,JPEG,RGB,217,260,[],dataset/train/savari/210627739.jpg
savari/210680167.jpg,dataset/train/savari/210680167.jpg,train,savari,.jpg,15840,f6a93b88b7611fc4ea8e837f00e32d5359b7dc3d8ed050cb80c7bee760a1f600,a0f1ad2b1f4aa947dc0fbddf4c88c279c4d9e56c350fc0ad1f6cf9f18ca6e676,JPEG,RGB,267,260,[],dataset/train/savari/210680167.jpg
savari/211212134.jpg,dataset/train/savari/211212134.jpg,train,savari,.jpg,10378,fe3f4f5a5f53b2b8545f9ffa5ca99a8ebbc7dfd817130795a5ddaf9e834ae6b1,fcf7fb197cb938e81be9fc2b5ceeb9fdae03a836a36a22b8a120ed4878b00b1f,JPEG,RGB,228,259,[],dataset/train/savari/211212134.jpg
savari/211383068.jpg,dataset/train/savari/211383068.jpg,train,savari,.jpg,9715,67ff8212d8fb4108d29c829399e95970e2b6ccf504a911a6d648629e72439822,7100860e10890b69494333a75ca92ef7bd86ad86e6cc7e92d9d1b1dae25749db,JPEG,RGB,219,226,[],dataset/train/savari/211383068.jpg
savari/211781928.jpg,dataset/train/savari/211781928.jpg,train,savari,.jpg,8866,c08abd0383760361e9d031c60fe29e238fda83e52121d0835f6cf2d398012625,20c88c2d17d5e77dbc7dcb343e382c35a2fa4e515073f53878f42f769e1171b8,JPEG,RGB,186,235,[],dataset/train/savari/211781928.jpg
savari/212277145.jpg,dataset/train/savari/212277145.jpg,train,savari,.jpg,8107,4760e3d5dd1b923a710ca0820ee4e0ea8f8770f7394c426dadf26fd046ddcad8,e42610f71042d0d612a646fc178b025ae200f40d44f88597b905a872f273de33,JPEG,RGB,198,253,[],dataset/train/savari/212277145.jpg
savari/212301629.jpg,dataset/train/savari/212301629.jpg,train,savari,.jpg,10810,ed797ea15942e43b21a467a7f8f14bf3c7bcb45fd0b48fd7fd881c98655e50ba,bf9b4d2582d9a00e2394b6da09524d45ac3711a32bfcaa8d4c676c27afd71402,JPEG,RGB,219,288,[],dataset/train/savari/212301629.jpg
savari/212357584.jpg,dataset/train/savari/212357584.jpg,train,savari,.jpg,8664,ba6138a210ac39f5acf173cd77884767e1b2af5f4094b1ab5abc56d97e8e0646,2739182afba0ac42cb87e0979ff6920090c26550103268e302d5b88be3af927e,JPEG,RGB,180,240,[],dataset/train/savari/212357584.jpg
savari/212740634.jpg,dataset/train/savari/212740634.jpg,train,savari,.jpg,9002,a6af782501ebecbac7db04ac618b2935702fa8d369a1953175bfbddce3f9ba47,2cca15055e1a08c6a829ee6e6acd66c689107032efdeca214e0a847bde43ed49,JPEG,RGB,177,240,[],dataset/train/savari/212740634.jpg
savari/213046686.jpg,dataset/train/savari/213046686.jpg,train,savari,.jpg,10793,d2537de205b9ba4408625f53a0f87d48b6b505ac8c158d96ea6b1941c79001fc,01a93b0e43e59803e451accb74edd5d36be02741eef4aab2b834f46a426ff96a,JPEG,RGB,231,274,[],dataset/train/savari/213046686.jpg
savari/213155633.jpg,dataset/train/savari/213155633.jpg,train,savari,.jpg,9370,6d3cf64c8b999b4890bfa8d3623bf7f965621800f028627f57dc86302ef243d7,b3e1e102b34858143f300fcd534b13b95ee7942f75864be7d728fd1fa86660e4,JPEG,RGB,189,252,[],dataset/train/savari/213155633.jpg
savari/214318978.jpg,dataset/train/savari/214318978.jpg,train,savari,.jpg,6371,9870cefe31083865b2bf02ad3027f801e367697783d5527a960d6fbda566e290,a815421ea2094d1c836266f4041c1c0f1127cd5646d74644f938486d88dc58ba,JPEG,RGB,219,276,[],dataset/train/savari/214318978.jpg
savari/214361998.jpg,dataset/train/savari/214361998.jpg,train,savari,.jpg,8182,23c6c425358d488a976223410b6665e7ae48671494cb321d7d1a61f1a10716e6,c506bc6f681db18522a04949c99f1471e61ebae9c02d065ee996b59b575b9555,JPEG,RGB,195,264,[],dataset/train/savari/214361998.jpg
savari/214403682.jpg,dataset/train/savari/214403682.jpg,train,savari,.jpg,9085,ad3d8894cfe41a4fd6bc0ff4bec89c4b76252bfe1d2bcbdc799da510bc71a589,25e046628415d809840f725791e0dd2841b0667245b2d76a12ac2953fd7e1422,JPEG,RGB,198,252,[],dataset/train/savari/214403682.jpg
savari/214749765.jpg,dataset/train/savari/214749765.jpg,train,savari,.jpg,9313,fdb2b47ff179eb644c032efebe06b494bc8bbb640ebc456d859e3091c3868294,aac869e85ff6d887d9c0822258b9f5f842b110a71ddebe0e3a20ffbf727d0eae,JPEG,RGB,198,251,[],dataset/train/savari/214749765.jpg
savari/214761981.jpg,dataset/train/savari/214761981.jpg,train,savari,.jpg,7977,79485c4d9875f0f3f9d64993222587ed70293f731919a3aecbe84db87d2dc3ab,39ad179ad0386be763e3052a2fe6b43b1ba0aa3ad80420f912fac2b02b8d1f5c,JPEG,RGB,274,270,[],dataset/train/savari/214761981.jpg
savari/214818268.jpg,dataset/train/savari/214818268.jpg,train,savari,.jpg,8518,bdeea70ac8536eff74988e6539640ec704419926e954d32a78540a8b97e49813,ecea7484351c62531e95dfd5aadbd3216e37426ce067ca1abe503707e07d618a,JPEG,RGB,189,252,[],dataset/train/savari/214818268.jpg
savari/214835469.jpg,dataset/train/savari/214835469.jpg,train,savari,.jpg,6105,d132fd22086117187619bc0278d31948fbc1364793ba8506a3571e2f97f4ea06,fc44f85c2b1c83861a4c74fedb27941eb8727c6c3a2be91cae81569625224476,JPEG,RGB,150,192,[],dataset/train/savari/214835469.jpg
savari/214848779.jpg,dataset/train/savari/214848779.jpg,train,savari,.jpg,20757,fad1d71ae82be7a228e8b51954c3bc717c57a545137c5d7bb64267f13aec2b58,c704d6f69dd3c6edc5c6dbde0fbbbc0ef1f0ff5fc9e2ff14018016afef795be8,JPEG,RGB,346,435,[],dataset/train/savari/214848779.jpg
savari/215503531.jpg,dataset/train/savari/215503531.jpg,train,savari,.jpg,10952,4373ec931bd27f17f33c05515c56e9ddb7604dfb3ec5a2518d6afea417c5286b,f2f3417ce96ad235ef287fce06e7a6698d417ace90df0662991b4359540b4ab8,JPEG,RGB,198,246,[],dataset/train/savari/215503531.jpg
savari/215575196.jpg,dataset/train/savari/215575196.jpg,train,savari,.jpg,10858,b59c98e2a01dd6da11cb425ee2ead63fdf402b6cec837cf6a8aaf94e0f21be7f,c497bbafed54da3899081d491b59a352337d43ee66a3d1646416255ea6e43e5c,JPEG,RGB,207,261,[],dataset/train/savari/215575196.jpg
savari/215723061.jpg,dataset/train/savari/215723061.jpg,train,savari,.jpg,9986,9630300c88b66c8692ae54f3cfc11931c2c9f38e180c11e7d166499e5059c7b0,fc483ea47e11c441c715e2cc41365599d0b7beecc7cedb935bd778b2d5cc3124,JPEG,RGB,198,247,[],dataset/train/savari/215723061.jpg
savari/215887510.jpg,dataset/train/savari/215887510.jpg,train,savari,.jpg,9114,8ef62129235a80a3dd06e3a39780c8fc64578a215bfd73286b619cf70a9807ba,bc7214f49e08fd09db3edca36118bedccf02fc8db28d5eb5653932ed3e4f3702,JPEG,RGB,189,252,[],dataset/train/savari/215887510.jpg
savari/215933473.jpg,dataset/train/savari/215933473.jpg,train,savari,.jpg,8059,fef990db31667f2a1ff07081e6e1edbf1588652f693562850bee7523bc426999,7c6f844da4ceb55635b572d8a0bda2a0fcf241e05463552d6af7e9da2a1a59e8,JPEG,RGB,246,251,[],dataset/train/savari/215933473.jpg
savari/216014638.jpg,dataset/train/savari/216014638.jpg,train,savari,.jpg,12292,912f99272a443f89f7670b277e6e8cdfa2695e9e768fc4507b75ea445279671a,15cae90a9f192ce9de7c951a2dd2dc1a9bdd84ab4bef49f45bb19bd61f4a2a1e,JPEG,RGB,186,252,[],dataset/train/savari/216014638.jpg
savari/216020950.jpg,dataset/train/savari/216020950.jpg,train,savari,.jpg,9742,ad6a4eabeda0914885d3028c6f76bdc32f4b9aa88b4611e5dd77ced32245c12f,ebb7d5caefc7a0e44e4ca0fb4b5c8cbde1f74cadb0efa4c29db22b156d393f2d,JPEG,RGB,186,252,[],dataset/train/savari/216020950.jpg
savari/216079172.jpg,dataset/train/savari/216079172.jpg,train,savari,.jpg,7590,2a6e26a53eca51f10c7ebdde7bd38e7abe3b7c916a0594d3010665c27e622238,0126e9986db4a34f0bc8192de7e884adf1b05caaa32bd87c24c4e84552430a72,JPEG,RGB,260,316,[],dataset/train/savari/216079172.jpg
savari/216080208.jpg,dataset/train/savari/216080208.jpg,train,savari,.jpg,6057,bd5cda15491dc2eda9a1cc2a08099876029bb1286ee6b3021d6c1eb35fb04ebf,d8da1642f24aeb54329845fee61e6b60f558b08cfddd6e8bc464884f02bed6b6,JPEG,RGB,177,240,[],dataset/train/savari/216080208.jpg
savari/216106609.jpg,dataset/train/savari/216106609.jpg,train,savari,.jpg,8578,7a68501580d02d8ad4d1d800729405089a71c1a8978356c903d522bf56235533,8ccdbbff58025cc2d467cab1fe9ee3473b3ce685dbbd37ccfd6705bdb8803c9a,JPEG,RGB,198,264,[],dataset/train/savari/216106609.jpg
savari/216129393.jpg,dataset/train/savari/216129393.jpg,train,savari,.jpg,10746,52d400d317d18f15d5e5eacb6f6ef7a8a004a66668ae4410a408f2c57eacf59c,3d3abb4384820a4a65acb97c6eb681b6de6e6230d52df1cc73e307528a4bafdc,JPEG,RGB,227,253,[],dataset/train/savari/216129393.jpg
savari/216136331.jpg,dataset/train/savari/216136331.jpg,train,savari,.jpg,7611,45db598b26c6cd969eb6107306c6dd5c7a432bac4a4047c1fdc3a7fb43f607e0,333f336d0f22a2fca02cc92fa150dabd0cdac356dcc8c9cc23ad894758efb21e,JPEG,RGB,171,228,[],dataset/train/savari/216136331.jpg
savari/216192117.jpg,dataset/train/savari/216192117.jpg,train,savari,.jpg,10656,051e7c4a1be420b17b072767e3dd44ae1c2b4803043cacbd4b6c9c9fafdc478c,a367bdecf9eecb17dd154083d5076ed6d798e55ddf708c3a7208b6b3f1267317,JPEG,RGB,198,264,[],dataset/train/savari/216192117.jpg
savari/216216502.jpg,dataset/train/savari/216216502.jpg,train,savari,.jpg,7541,b507f668b03fe469cfc6939377396c309ccb8a9d06cb96f103b4cc97da20a3f0,0d36d93314c74c4c14ab5a4af1fc30cf2004cdc8b33770c9398435a84789d400,JPEG,RGB,186,246,[],dataset/train/savari/216216502.jpg
savari/216218291.jpg,dataset/train/savari/216218291.jpg,train,savari,.jpg,6770,365f8ac4270dbb9f83c331c0dcf185b6e29ca4423981b6fc2ed188b13a8f4b1a,14e11f802fde7e8ec668d3f86500b0b349f24d1ebb693456f850008b395d3f9e,JPEG,RGB,150,204,[],dataset/train/savari/216218291.jpg
savari/216370669.jpg,dataset/train/savari/216370669.jpg,train,savari,.jpg,11329,411a60c9c4c8274700d20bb949493e04e2e7e0939445e89c947c4c48d808c13b,568f791078efd4bfd5edab5bbf06726d4294e6b8fac89d091c5bd60eb5789109,JPEG,RGB,247,277,[],dataset/train/savari/216370669.jpg
savari/216419216.jpg,dataset/train/savari/216419216.jpg,train,savari,.jpg,3494,7bba7d5651213b66037c8b5f1e506479ab38abc6f1fb2bd56c8803e041b2ca48,e4a0920faa33b5b90c9c0c8bf2b723dd9b8d9cfe15f6ef2c54c1691f48a26a32,JPEG,RGB,150,166,[],dataset/train/savari/216419216.jpg
savari/216453356.jpg,dataset/train/savari/216453356.jpg,train,savari,.jpg,7917,1ebbf6cde5d74889c53d8348fe88beb223840dc86a3d27246ffcaa0e761f9b42,d08ac95cfc946d87fcf5de1d15e07f53530768e6263094e403a69c964f5b6db2,JPEG,RGB,171,216,[],dataset/train/savari/216453356.jpg
savari/216662449.jpg,dataset/train/savari/216662449.jpg,train,savari,.jpg,6382,cdd43dea08cd060172e26de4e2428f0dd1088ebc5d4703a2535025403100d4f4,f51253f2dd62b63064e4526ad59c1a089141885ed005a008088c282da1597584,JPEG,RGB,198,252,[],dataset/train/savari/216662449.jpg
savari/216751233.jpg,dataset/train/savari/216751233.jpg,train,savari,.jpg,10837,b23a5ebfa9c62f6605b0ca31806819926e723b22106bcd752d177b0f71595db9,ac9206e3e6fcdf96b7041e0b4880b5aeaea17474d4e648538a0ef8cb679b8e21,JPEG,RGB,207,276,[],dataset/train/savari/216751233.jpg
savari/216755450.jpg,dataset/train/savari/216755450.jpg,train,savari,.jpg,7794,373bd12200864c7550058f16e9eb79ecd902f3407040c7c29d5d2a3beae13344,94b1d26db44056108c69af228695242d081d3113a97cf977db242185bc38ce8c,JPEG,RGB,165,216,[],dataset/train/savari/216755450.jpg
savari/216767398.jpg,dataset/train/savari/216767398.jpg,train,savari,.jpg,19110,e8a85cff4a6957303f0719894ce8284e3684538ac526c516d9152dfa41a5e9f4,27f03c0ca95c5e70fdb78d1dfd0f76182c1373a66cea488e50a7d43feae88319,JPEG,RGB,360,581,[],dataset/train/savari/216767398.jpg
savari/216860877.jpg,dataset/train/savari/216860877.jpg,train,savari,.jpg,6457,408d6dd004f6386917e64cd24a1af4a1a6867d6fa7187ea56bb746cb643a1453,dca4ce73bc3acb7d1496f44cc864e92ab50f4f2ea0bb82eee10bda57901ee47b,JPEG,RGB,210,254,[],dataset/train/savari/216860877.jpg
savari/216882674.jpg,dataset/train/savari/216882674.jpg,train,savari,.jpg,11597,6dce8f65a3c7e6d9fe63808c235f1097559e18bbb64af3a063548434ee5a45b8,c427514970b7ba25ccbb664c52e3966e7acce4bfda5bff2b80f6e313b55d8a35,JPEG,RGB,253,253,[],dataset/train/savari/216882674.jpg
savari/217011281.jpg,dataset/train/savari/217011281.jpg,train,savari,.jpg,7831,3206bbf984cad0d30e21c50121610ea18732bde9e1b07c2bf9093bd72519015e,db6f903434626dfb6db09be2ba3058c3c5936992797eed04c259d948b8cdf8f1,JPEG,RGB,232,270,[],dataset/train/savari/217011281.jpg
savari/217040826.jpg,dataset/train/savari/217040826.jpg,train,savari,.jpg,7264,d6b8b2179e931974f5351c4b7794b15fd7d15c7d9897b538e020128fe5c79fd8,40a3a3b06ec05733e90f13fc18954f56f5525ae595c6ca9113b0435e42f6718f,JPEG,RGB,189,210,[],dataset/train/savari/217040826.jpg
savari/217103048.jpg,dataset/train/savari/217103048.jpg,train,savari,.jpg,8441,5ade371479f5e35d30b1b2c9886f57d1e9918672650369ad5338558bb9515814,46f5b3243de741b62eec01a862573ac7639ebfb3289baa554654fa09103afd60,JPEG,RGB,198,264,[],dataset/train/savari/217103048.jpg
savari/217106962.jpg,dataset/train/savari/217106962.jpg,train,savari,.jpg,5428,4037a453d0d34e1b46ddf81dff55c3e5fce1b68688324de34835729f3f5c769e,f40bae9318fe89f0af1fdf73f4cae2eb0feab5bc5e8c10e7a91e72b80485574d,JPEG,RGB,177,240,[],dataset/train/savari/217106962.jpg
savari/217108489.jpg,dataset/train/savari/217108489.jpg,train,savari,.jpg,7042,8ea9f71521fdee35cff920a79f4a5acd5afa22e5b88133c5e2b7c7cb26b54926,72ea9db85e4f391c3ebf104bdb69eaaded219402eaa87da2935b5e5af39f25e1,JPEG,RGB,198,252,[],dataset/train/savari/217108489.jpg
savari/217164961.jpg,dataset/train/savari/217164961.jpg,train,savari,.jpg,9812,b6dee3499eba2948a8a47ffb1c59ea8c4106d02be4770e05a67692a1d1c4d6b1,ceea4aec7af88e8bd4065ce09336aa770a6409707dcd86833223b4fb79c67e6c,JPEG,RGB,186,252,[],dataset/train/savari/217164961.jpg
savari/217174516.jpg,dataset/train/savari/217174516.jpg,train,savari,.jpg,11351,50fdff54fbf1d2399bb7b292310edf5d28e0833fc2d6a768e44b07d8f47f438a,5e6217018c368d9a32e26af2ecb288386be04e3d40f9cc762fae97a4bc35d3d3,JPEG,RGB,210,276,[],dataset/train/savari/217174516.jpg
savari/217253879.jpg,dataset/train/savari/217253879.jpg,train,savari,.jpg,9991,345415358258add9b9cd90b8c51c463b0c90fb682cd67f9dfa481b80f9fc4f5f,3f50ca7618a3e9af58a96fdc3477db80d1b2d3c9bd8476698d2882607dd63150,JPEG,RGB,180,240,[],dataset/train/savari/217253879.jpg
savari/217301960.jpg,dataset/train/savari/217301960.jpg,train,savari,.jpg,9628,18c34f0c35cb8f365ba6faaee5606b7e8414286ae89617c7e953dc92a3884079,f5694bcae863a5337e945872bd85975abac1b7a28970801aca13eb66eec682c1,JPEG,RGB,210,276,[],dataset/train/savari/217301960.jpg
savari/217371599.jpg,dataset/train/savari/217371599.jpg,train,savari,.jpg,11761,87763b62565023db45bb1292b2168c5a6c86d5d90f9e8dbcf9336552cfd74f36,e3234dfbf9ba5fcb927ca9654fdb3e306a6e952ba8ed617aa4d0573f45d69d40,JPEG,RGB,186,252,[],dataset/train/savari/217371599.jpg
savari/217377450.jpg,dataset/train/savari/217377450.jpg,train,savari,.jpg,5479,ced133bc46c825bf1737bbeb8dce68df42033b91c30a9eef33757da6db8adc2a,ee45e58137a0cf3dbe4520920314065817efbfc718b9924b868745bb59a99911,JPEG,RGB,186,252,[],dataset/train/savari/217377450.jpg
savari/217387431.jpg,dataset/train/savari/217387431.jpg,train,savari,.jpg,10092,2256911bcbebd179b95ad3eac4c6d980cd25ed7806a0f7963b250204afc9fd11,7a545604b5d630c3ff134e7b8de5c009653dafc1cd9cdb09fd447d082afb6d9c,JPEG,RGB,189,252,[],dataset/train/savari/217387431.jpg
savari/217408734.jpg,dataset/train/savari/217408734.jpg,train,savari,.jpg,5851,e98ca357b3b619f0c6e5a3f3b0c7ce6a64787271894e7aa75768458dfb3bb4f2,6f0ad1df7c75aced19bedd13e98787e635808522080a44a4ddec6b074132932d,JPEG,RGB,177,228,[],dataset/train/savari/217408734.jpg
savari/217430133.jpg,dataset/train/savari/217430133.jpg,train,savari,.jpg,10141,f04528e1f33d691737a240efcfd04cc9a5dc6a6abb38c530e6363ba71b8b2772,c7c64fc3b5eeea22685c88c822793684e381b8bbbc9b6f0f0a7178677b851f6e,JPEG,RGB,189,252,[],dataset/train/savari/217430133.jpg
savari/217448062.jpg,dataset/train/savari/217448062.jpg,train,savari,.jpg,7148,5f6cd55b785beb9662284158a6195857953f6f88b49986c047ce36a3c4f7a4db,beb6c66793b2b9d21adbe8e6ff74a420ccf4f184d8a75e5cfd899662a8685117,JPEG,RGB,156,204,[],dataset/train/savari/217448062.jpg
savari/217510361.jpg,dataset/train/savari/217510361.jpg,train,savari,.jpg,8910,679e5c48f9bb9ca9770294b3705c310071b407e9c4ebfbd8b160c0d6e4ba4968,c5e22c09532b9dace0f97abc2a02e7147564bdab38d707b8d34a9bca2c95009a,JPEG,RGB,210,261,[],dataset/train/savari/217510361.jpg
savari/217528722.jpg,dataset/train/savari/217528722.jpg,train,savari,.jpg,6312,1d744393131a0fe97e5cb80231e7557cbe215c0eb5fe237a07facae3ac7c621a,f02cca3213d917ac812ca902c4821fbbcbca6d17533b8b0586be632534624219,JPEG,RGB,189,252,[],dataset/train/savari/217528722.jpg
savari/217561081.jpg,dataset/train/savari/217561081.jpg,train,savari,.jpg,7577,835668b49ce9c1ad00e19c3326a3069195a7e293ebf610adb77b9210769de233,aeece4a0c2bce5ff9aa76beb94a749f96fbf37c30c0df0f037fc08ce9b35f1f9,JPEG,RGB,243,243,[],dataset/train/savari/217561081.jpg
savari/217665283.jpg,dataset/train/savari/217665283.jpg,train,savari,.jpg,11452,1c3d0f900a99f6010fe56232ec009d50e2942af60dada68db312de272e737452,3712166e1452938124f4758c669b81099ce7ac207fd5e8aadcd380f3b20fed07,JPEG,RGB,186,252,[],dataset/train/savari/217665283.jpg
savari/217678723.jpg,dataset/train/savari/217678723.jpg,train,savari,.jpg,10289,25112b11e062c04aa78320de3cf7badb59caedab8f3d4573c6d601106e22aa5e,0e29dd4d00b1c98db21866e3efbc13b462e5229f620e132a5c022ad7f762a7da,JPEG,RGB,195,252,[],dataset/train/savari/217678723.jpg
savari/217712581.jpg,dataset/train/savari/217712581.jpg,train,savari,.jpg,7865,13ab11fa8c3bfa817f02acf73e5718df72d4bc61fd2bc000ea075075564ee1ca,6e727dae025f472862cc53d753f80984396ae809dfbedb4d035298d71631de05,JPEG,RGB,177,240,[],dataset/train/savari/217712581.jpg
savari/217737871.jpg,dataset/train/savari/217737871.jpg,train,savari,.jpg,5989,860e701e31db6993821422a421c3dd96cc73ca4dd2915eac27e98809f4b4864b,5140288b83daef33ebe037be36215136be8e71e420c9382219a4eac8aa66b6c4,JPEG,RGB,150,184,[],dataset/train/savari/217737871.jpg
savari/217746881.jpg,dataset/train/savari/217746881.jpg,train,savari,.jpg,9309,5e26cc92e8dc2855987e4369a911b031ef6993cd6c222577a1c46a295978b0fa,c778f02b1fb78321b2dab6753f0acce014741a9b8a212ac5649dc8fa5e0c8e3b,JPEG,RGB,186,252,[],dataset/train/savari/217746881.jpg
savari/217768353.jpg,dataset/train/savari/217768353.jpg,train,savari,.jpg,5592,57fb68448375a2a5e1535a3fdf20a0c5aac06b458c4bb8b4562ad5bc9cca1b97,497042d13672a7922da633d9fffa21d3f46e9165061a27308309c410f074b809,JPEG,RGB,198,276,[],dataset/train/savari/217768353.jpg
savari/217841511.jpg,dataset/train/savari/217841511.jpg,train,savari,.jpg,6266,22c1968fe5980c4193f6ac44e003dddb2aa28791f43e13b100f98b42a32de4c3,089cefc7d99be5bc705d129564d9aee566857c5ff6bef9edc9e4f3e5583aa02c,JPEG,RGB,189,233,[],dataset/train/savari/217841511.jpg
savari/217852671.jpg,dataset/train/savari/217852671.jpg,train,savari,.jpg,4226,8f90651036158332e58b596db2e4ee179b8d4907bb6724187b94d22a32dd6c80,8b48ee3f530e9cc6a3dd8e1d34efd25707fa0b58237632a33c9fada4365939ae,JPEG,RGB,144,192,[],dataset/train/savari/217852671.jpg
savari/217918556.jpg,dataset/train/savari/217918556.jpg,train,savari,.jpg,8728,48b287c7fb42c62f266f0fef28bb7c93b1eda85c254dc1e5da92de29c8d1c069,81dd3fe30c67c61e547709b4a5586a8060b3e729e4301f626266748bcd78e636,JPEG,RGB,207,276,[],dataset/train/savari/217918556.jpg
savari/217945404.jpg,dataset/train/savari/217945404.jpg,train,savari,.jpg,29786,42b5e978e7ab7eb28317aa3700b57a4fb4fa29529dc034154823b975fcf4b18a,4221dba35bdbe04c5228908bfe9e88fa6e47e94de4cc10bf327f99c226fddfdf,JPEG,RGB,476,828,[],dataset/train/savari/217945404.jpg
savari/218077655.jpg,dataset/train/savari/218077655.jpg,train,savari,.jpg,12080,9253d80cc308b3b896749d12a7a8eba9ab873b0ee085f96217f377c51212119a,a77638dcdc78ab14c49b5d79d8ce7e4429a7bdd2f9ff2c9a80273f748514db50,JPEG,RGB,234,273,[],dataset/train/savari/218077655.jpg
savari/218163369.jpg,dataset/train/savari/218163369.jpg,train,savari,.jpg,8694,68d4bbdd607b5cd09f5b446f72e90700271b038dee45206dccdd68d01080727e,ac1a8053c684b9331bedce17ac82d00a1ec5a4ae949bf93e2cfb62314f889462,JPEG,RGB,186,252,[],dataset/train/savari/218163369.jpg
savari/218212988.jpg,dataset/train/savari/218212988.jpg,train,savari,.jpg,6393,c0d4dadfa0ba4e1b476baaab5120ea94362a6bd5c785c46ff78dcd5aab961fe1,67b65b31f78a06af4a4467f9ae589a6b8afeca9564e2689c02954c485d87d794,JPEG,RGB,220,264,[],dataset/train/savari/218212988.jpg
savari/218327694.jpg,dataset/train/savari/218327694.jpg,train,savari,.jpg,7989,0877481903758f5f1ad01e1df987b51f20e13783e3e242c854d8e415acb4c978,9036da35e38ae829e7f9050be4424420fb0056cc442afb8e3af4ad16baf79c1d,JPEG,RGB,210,276,[],dataset/train/savari/218327694.jpg
savari/218363990.jpg,dataset/train/savari/218363990.jpg,train,savari,.jpg,9583,b717414bc57dfa202218323bc141b67b5eb5eeda0a1528633cea9e469ba5c17c,b41124a5b79e45ad4c57c823273de3fb576894e74575af5cb494f9cd4da8c815,JPEG,RGB,180,240,[],dataset/train/savari/218363990.jpg
savari/218429844.jpg,dataset/train/savari/218429844.jpg,train,savari,.jpg,7980,0613ef42a48831c593b3b0efad0d7ad3c0b3031993101f9ca623f838072282b3,1846b3124ff02dbc96ff52b909f705c2e86550f513e0b9622a8a7d8d143b8123,JPEG,RGB,239,259,[],dataset/train/savari/218429844.jpg
savari/218467171.jpg,dataset/train/savari/218467171.jpg,train,savari,.jpg,12570,be80ffc5d607efe8508e6cb56a9b2454eaef1d869997758e97eb9e1eaccafc41,c4e08f26ca79a76d7da20355e73e64774a7c88f81492a80bf76dafee52dcee47,JPEG,RGB,198,264,[],dataset/train/savari/218467171.jpg
savari/218484994.jpg,dataset/train/savari/218484994.jpg,train,savari,.jpg,12345,2f3c2a6998c625202fa5835ff30e9147e56ad2b7ab015b478e893d6d3fe4826d,071d8ab698444059afd9e06d02b034d733561b8bb79c2ff76f9ab13b540f1d0a,JPEG,RGB,234,266,[],dataset/train/savari/218484994.jpg
savari/218522644.jpg,dataset/train/savari/218522644.jpg,train,savari,.jpg,10226,33cb7c95d481ca731d9495dacb394755f45a747aa07105dcfbbabe4b8c1878fd,38214324abd010c1932b4b02c79ac90b4484d2a98c7382ca2745203071c2bb1b,JPEG,RGB,207,276,[],dataset/train/savari/218522644.jpg
savari/218577056.jpg,dataset/train/savari/218577056.jpg,train,savari,.jpg,5064,f7c8becccdaa25ee221526895f24f4510aaf87a46a91e4cfd2291eb176ff606c,b7fab86ee272cec0f2cd1b044c91e0acc22edacd76509e3b1b744bdf3b67fb51,JPEG,RGB,168,228,[],dataset/train/savari/218577056.jpg
savari/218689207.jpg,dataset/train/savari/218689207.jpg,train,savari,.jpg,7518,2c2b50acaa036fd9a7f32840fb8354134acb1f9e18afb87fd487c558eaa380cf,eade4dcf513c1b5a8087aacf636ae2a27396f0a0024df1a75bc35d2d7243226a,JPEG,RGB,165,204,[],dataset/train/savari/218689207.jpg
savari/218701858.jpg,dataset/train/savari/218701858.jpg,train,savari,.jpg,12463,582a8f23e3cd75df69961925ab51466be53af1cf481a2959f7cad56b56641f73,9153820462369a6d5e29ceb35ac1971f3356b6e240bbf79bf8cc3804bab77b39,JPEG,RGB,222,265,[],dataset/train/savari/218701858.jpg
savari/218713286.jpg,dataset/train/savari/218713286.jpg,train,savari,.jpg,8880,36f62890febb76df8ed18a02ad0520201d5dfb3de4a69e89c0660f912b7719fb,8ee1c61824422c509bb9ba5ee13790a3d42f7d2ae30023510c347a662a8f9698,JPEG,RGB,207,243,[],dataset/train/savari/218713286.jpg
savari/218769351.jpg,dataset/train/savari/218769351.jpg,train,savari,.jpg,6122,0b36ddd0d4596639a2dcba64b50adffbd44c2b2182a25fb0b254b007f9834c03,ca432fc4ab29a49e00363b5eec259606224eca9e50ec40d2fa208f390dfcc88a,JPEG,RGB,135,180,[],dataset/train/savari/218769351.jpg
savari/218777011.jpg,dataset/train/savari/218777011.jpg,train,savari,.jpg,11925,cc17d33d9f74eeb7999147a730e5d97a894e00a43a737b8e0ce6eca56db153fb,d426298191042ebc369801c349a28f1305cd5232970a04b3d3363f49b76d6e2b,JPEG,RGB,219,246,[],dataset/train/savari/218777011.jpg
savari/218777657.jpg,dataset/train/savari/218777657.jpg,train,savari,.jpg,5834,96fc91bd71824b5f6ba8fc06c6c10f466a98b1a1de8eacaa28a1b2b702f73dfd,805518e361257376add7a31511e6b31697df6f36d2c847d9f96688dc9a572429,JPEG,RGB,177,240,[],dataset/train/savari/218777657.jpg
savari/218778142.jpg,dataset/train/savari/218778142.jpg,train,savari,.jpg,23672,e39d064f9552c6df6f4f3f2e3ff82aa8701fdbaeb31c1917e5db33ed5fb0ace8,c95b73816449b66269e10c4d5fb31075e40de70b8a4f9e1c5d7018716584f871,JPEG,RGB,355,652,[],dataset/train/savari/218778142.jpg
savari/218814576.jpg,dataset/train/savari/218814576.jpg,train,savari,.jpg,10171,867353618530591566017fb6120ae7a61e7843459d12326c1ec2e1614034bbfc,babe2e96319e779cfe1c3cb78979ce1a66ebd093b1273ac56ba9914000e31298,JPEG,RGB,189,252,[],dataset/train/savari/218814576.jpg
savari/218913098.jpg,dataset/train/savari/218913098.jpg,train,savari,.jpg,10775,fac05de3ec0ccb100f41b2567467a99e491827ab085f1d078c65be6c085d4c09,cb07953d316e46156574ec98a394be7ea8d3e8d7ae723260fcbc10dad0ce54da,JPEG,RGB,186,252,[],dataset/train/savari/218913098.jpg
savari/218954447.jpg,dataset/train/savari/218954447.jpg,train,savari,.jpg,13025,5034be0f27f25622befcde4ad5a50d1566379f42099a18e89200eb9d8814d34b,1d8c98a0b317910641f4d2e24383adcd7f95c92d25211faf20e75208e5b557b5,JPEG,RGB,207,273,[],dataset/train/savari/218954447.jpg
savari/218986062.jpg,dataset/train/savari/218986062.jpg,train,savari,.jpg,10103,dfbadcd38d6a5a14a7136e9b164e4e4cdc31af954e165f4698a87b3bcab9daac,5df6b098fb54c83170056590dc86b328dfbb097e3a4eade119de7f80cdac6bb9,JPEG,RGB,180,240,[],dataset/train/savari/218986062.jpg
savari/219072151.jpg,dataset/train/savari/219072151.jpg,train,savari,.jpg,3449,e6a85b5620fad7b67c33898b0e5f7ebfe49324ea7270d86210dadb9bcc018833,7e8a9e1159c09ca98a87926f3ebde9275a8adddfee46f178188c75041941574b,JPEG,RGB,137,185,[],dataset/train/savari/219072151.jpg
savari/219093208.jpg,dataset/train/savari/219093208.jpg,train,savari,.jpg,7115,a3e0f0ad523c6b1e927ec0e9923104c247c16afa315844b8927ea996818386e2,ad869feb2c27a1b729b24477a31babdf446dd17531fb1b7de2663b7a420a306a,JPEG,RGB,164,185,[],dataset/train/savari/219093208.jpg
taxi/196935725.jpg,dataset/train/taxi/196935725.jpg,train,taxi,.jpg,8287,d301f0804eb7a20c0a34654442883408a4a74c9cf60b5e28fee3e326e076b97e,d7d00031c10f8261f7396e0464bedb1f0663a9e3349d541e3ef8c40fb951c878,JPEG,RGB,252,269,[],dataset/train/taxi/196935725.jpg
taxi/197011132.jpg,dataset/train/taxi/197011132.jpg,train,taxi,.jpg,12726,08196d9fcc606487fc4f03caeb3d417025bb28eac590f585c9b1b635eb3ada45,4238238a0ac50dff7b0c2b7d9cfe1a4e072c728afd162f80300f3cefe9fcfdfb,JPEG,RGB,262,296,[],dataset/train/taxi/197011132.jpg
taxi/197362638.jpg,dataset/train/taxi/197362638.jpg,train,taxi,.jpg,11921,1342774c1c9305283f680f3f278bf6f9dde0cdd2412cfe1d4645e3264020ae4f,3370825ca9194f56ff87af069112912708a9eeed7663182b063af670f09ecbb9,JPEG,RGB,245,231,[],dataset/train/taxi/197362638.jpg
taxi/197838399.jpg,dataset/train/taxi/197838399.jpg,train,taxi,.jpg,11722,73ea0b7f1be5f966b358a986cd9e4b2e5b82d6d585f2834506ab5f25519282dd,77685ff355b5880cc9c78f0b899bd5baa903eb38882430cf673c9273712b4982,JPEG,RGB,229,235,[],dataset/train/taxi/197838399.jpg
taxi/198048598.jpg,dataset/train/taxi/198048598.jpg,train,taxi,.jpg,12456,7d083cb8ca3be5577ed81fd1fad8df555d60c7b0e93cb824ffd406335520abf3,ec87cb99d23232421fed4e4fbb444b9800338756e375476886c3e652dbf20c2a,JPEG,RGB,303,263,[],dataset/train/taxi/198048598.jpg
taxi/198214415.jpg,dataset/train/taxi/198214415.jpg,train,taxi,.jpg,12387,0a2a0db7e67363e2c3fe6047be1a7c7bfdd12bd31c4af4a7874ff0abb0fe637d,6a90b2e997659ef6b14e609432fb8889fe3184750c132ece8014a38641656437,JPEG,RGB,267,237,[],dataset/train/taxi/198214415.jpg
taxi/199044255.jpg,dataset/train/taxi/199044255.jpg,train,taxi,.jpg,16631,27b45ff2b63e675fae635b6de4bb76f0523153a71ddc295d576bfc7e23e09ec2,12b102d8a55311c68ca5b54511ba176dfef4979e36169cc8716ef2117a2ab9ca,JPEG,RGB,275,274,[],dataset/train/taxi/199044255.jpg
taxi/199209656.jpg,dataset/train/taxi/199209656.jpg,train,taxi,.jpg,16645,2ee0bb2d4e292aa40f8dfeab4444f811048a7d97fcbdad0bb6109102dae027d8,29656c96976f0bb5238d8413e301e852fd470af47e6dc5fd307c441b4830211b,JPEG,RGB,342,332,[],dataset/train/taxi/199209656.jpg
taxi/199661592.jpg,dataset/train/taxi/199661592.jpg,train,taxi,.jpg,12101,33fa119d92610b3623b82418b1eaf08ad4bb81b97d54457e36311ab8e3f280a7,e39b5d7e25babb6cddbcd2cd42f77a6e4316f4ca5d6a5273f11252727dda66e5,JPEG,RGB,241,241,[],dataset/train/taxi/199661592.jpg
taxi/199704344.jpg,dataset/train/taxi/199704344.jpg,train,taxi,.jpg,12510,7a9c90f09521206fdda0a688911dad02f70a81f6aa5f173f6406c0739f75ee59,e2de263fc78d62e27341a9fad819d23ba84fb6286ab533693a453ae0878f04c2,JPEG,RGB,246,264,[],dataset/train/taxi/199704344.jpg
taxi/200016494.jpg,dataset/train/taxi/200016494.jpg,train,taxi,.jpg,10060,8ca3212e3214806f7b136ac983b9fe50f1e46baaad7a706c910795f8ecb11c02,515c2ad14fa2eb1877d8eecb6917563a19438e371c60b9c3e6a13601d64920c5,JPEG,RGB,247,247,[],dataset/train/taxi/200016494.jpg
taxi/200326261.jpg,dataset/train/taxi/200326261.jpg,train,taxi,.jpg,16836,4ba5ec57353516c54b96b0efe72e4f5a092da5045a0ada551b01e8d9fd6b293a,b74f6254487f0132b9fc41124fc7db841f31e3478d2d84dc67b055488c6f57e9,JPEG,RGB,283,275,[],dataset/train/taxi/200326261.jpg
taxi/206264188.jpg,dataset/train/taxi/206264188.jpg,train,taxi,.jpg,18583,853c32befb9f77fd58872b090cf0554b902476e29169920d8ac51969224291dd,7e233e2a4135f2a42df0b350b15d0326e72e69bd61608ebd43221ec12fdf67a6,JPEG,RGB,302,336,[],dataset/train/taxi/206264188.jpg
taxi/211808559.jpg,dataset/train/taxi/211808559.jpg,train,taxi,.jpg,6221,c731e46cd6970d39eafe0f5e9bffc8c52be38acb449b00b2f186bd50a820e035,1ca06f4bf645bcf3b8cfe68c9bbc1379bc4c297a3a9957324882c14c5b9e721c,JPEG,RGB,150,192,[],dataset/train/taxi/211808559.jpg
taxi/211861167.jpg,dataset/train/taxi/211861167.jpg,train,taxi,.jpg,9445,18ad8bcdd11cdcbc47370d98b0390a556a78d4c539602d1751ccf7975676a0bd,75f1a293045a9fad9f7de29647b479c1c7184b4fa19918ca49f84a3a5f25af9d,JPEG,RGB,207,255,[],dataset/train/taxi/211861167.jpg
taxi/212080463.jpg,dataset/train/taxi/212080463.jpg,train,taxi,.jpg,5036,a7b4f541ff67d3092c613d37300ae4566dbf3559a5f1c566bef917b8af8b9de0,78d953bdc0e3122dec585af4f508996dab1e8776a1bbec215662e0d764e9d84b,JPEG,RGB,177,221,[],dataset/train/taxi/212080463.jpg
taxi/212110018.jpg,dataset/train/taxi/212110018.jpg,train,taxi,.jpg,11416,e03ac3a2ab9cd7517f6849e87138f0ae8aabbcda72bdb92e210ddd39cb259b72,0a17b82a74183271c363c4bca72e2e08bfc8829ce0bc52ed4320f8e0e47ce6aa,JPEG,RGB,186,252,[],dataset/train/taxi/212110018.jpg
taxi/212216436.jpg,dataset/train/taxi/212216436.jpg,train,taxi,.jpg,9653,cf6ca41ddfdabf95e266a470411cffb9439f0e655dcde840474f45cfdd6528d0,e4cbdcc6b4dfbb8417c439caed50de8c1948880f1d99a32d4be654c0b51a469e,JPEG,RGB,186,252,[],dataset/train/taxi/212216436.jpg
taxi/212460719.jpg,dataset/train/taxi/212460719.jpg,train,taxi,.jpg,6160,63c796b6209528fd5020037b5489bfb3dcf8a37dcb836e174b2f2f2b0588a919,8b206864f1623d086c61f8a0a39d3fda2a594b454e29147b41408cfcba1bbca5,JPEG,RGB,177,240,[],dataset/train/taxi/212460719.jpg
taxi/212556511.jpg,dataset/train/taxi/212556511.jpg,train,taxi,.jpg,8294,1b944f87a72410b37e00d462b0beedf1bbf4b20d215df6c326e1797ecfe45b1c,e9ff815f49bbecc937e0d318561c3f83804af1290c29af1ba3616c6401a81e8b,JPEG,RGB,165,216,[],dataset/train/taxi/212556511.jpg
taxi/212609713.jpg,dataset/train/taxi/212609713.jpg,train,taxi,.jpg,9613,1ef8531b194cf0c73f52ba1057876065e02dc4b0d190cf6512f4ab6b766bf11a,b62c289b229345c8566a7867a3772a43a0afc807fc0d586962f06125fee81e40,JPEG,RGB,171,228,[],dataset/train/taxi/212609713.jpg
taxi/212732215.jpg,dataset/train/taxi/212732215.jpg,train,taxi,.jpg,8344,027d6baed707aae3d3874e6cc044237375eccc60305472f5c92522a2934c6bf4,1999a38143692552e775d1cefcd76ab4813e20d69b92d0c1c599b44457ef978b,JPEG,RGB,180,240,[],dataset/train/taxi/212732215.jpg
taxi/212778844.jpg,dataset/train/taxi/212778844.jpg,train,taxi,.jpg,5718,161dd7d3cac65ae3ca0339fcf4bf61a637d8e5a790f876b26fb695e01b8f8dec,c20bd8d7ba479357a79bcfbfcdcda95beb20e0beb9ed1b222ca3e84105114c1d,JPEG,RGB,150,192,[],dataset/train/taxi/212778844.jpg
taxi/213061361.jpg,dataset/train/taxi/213061361.jpg,train,taxi,.jpg,9107,fbb13c8e92eecfd490035bd1bb994e9d3f60da9a21c0e95f03a37aff2ed5b915,ec8e805afaaea3b2b75bb6f370ef9dfdfbe209fdf4ae4ad19345f603bf32d4a8,JPEG,RGB,180,240,[],dataset/train/taxi/213061361.jpg
taxi/213300692.jpg,dataset/train/taxi/213300692.jpg,train,taxi,.jpg,7298,7ba69ca9cf83fcee38397e61e8b102a09e3d94c39b54eaa26f53f03991d0c01a,fda1ad2a52c9e310a0e6e760f46a9b46c5db6498008d8ded59d6888b421958d3,JPEG,RGB,150,192,[],dataset/train/taxi/213300692.jpg
taxi/213302210.jpg,dataset/train/taxi/213302210.jpg,train,taxi,.jpg,11159,1dc83c20468f2f99cecbdaec1811728fca3df63c35f86c6e212c0ee48c69746f,cecf0695b9c26d845242d1486a9d1dfbf39865fe389f0b66be20b8e58d6983f1,JPEG,RGB,207,266,[],dataset/train/taxi/213302210.jpg
taxi/213603022.jpg,dataset/train/taxi/213603022.jpg,train,taxi,.jpg,10704,bd04d7565f14d98d3aa533783154b7855b841c9eb30193d877b987d169eda217,55c25a38489d9356273a49160dc58c0c939dacbf50a27342c8d55fed632e8734,JPEG,RGB,189,252,[],dataset/train/taxi/213603022.jpg
taxi/214712572.jpg,dataset/train/taxi/214712572.jpg,train,taxi,.jpg,9798,31fc22663ec6875719ead9bbd2b46feacb1a34f2fb365ab07ee87a7a2d2a277a,0d3d166943a4697cdc529d49fac8541fb0ad0530ed1b4879a35d041b31527b20,JPEG,RGB,186,252,[],dataset/train/taxi/214712572.jpg
taxi/214805594.jpg,dataset/train/taxi/214805594.jpg,train,taxi,.jpg,10295,1e5f5654b322b8a2ef9d9c18e52fcaf11978b4608ac5f74fc449e0f4d3fc8445,496358c955481081329e9b57e0861e27c2e727a3a4c0cac47b15809897d2bd11,JPEG,RGB,210,276,[],dataset/train/taxi/214805594.jpg
taxi/214833819.jpg,dataset/train/taxi/214833819.jpg,train,taxi,.jpg,7181,0b24a316fee6f9559e0c9e4d205494987dd0602305e0a301411fdc88a1ff8f2e,f5c7f95557681dd4f3c8751c40178225acbc74f88fbf3cf366b0bd41a45dcae4,JPEG,RGB,165,216,[],dataset/train/taxi/214833819.jpg
taxi/215049694.jpg,dataset/train/taxi/215049694.jpg,train,taxi,.jpg,47043,fdc9ef1acc8cf756c1c9fa688023b1a5040d93e14ef8849ad54548a445acad37,0571a36fef2c29758ca920a5b48d5ae5a8539825de355736478c8f76a29c98b5,JPEG,RGB,478,820,[],dataset/train/taxi/215049694.jpg
taxi/215089910.jpg,dataset/train/taxi/215089910.jpg,train,taxi,.jpg,10583,6c8306d33b436a052712f0709543375affb3322f0d4fe67cd3ec599789c801f1,00ed5e317be542a407dddad5569c4b6a843bbdc3aa73915f6a4ff6ff0f60834e,JPEG,RGB,177,228,[],dataset/train/taxi/215089910.jpg
taxi/215165181.jpg,dataset/train/taxi/215165181.jpg,train,taxi,.jpg,9546,aba2f9133918f37f1c2296ce9c193164ef9111c21dbdbaf725c1ece418029e60,d5488d85fa9a296be49225e7564a1c1153e210042eded74dd8332b02ece66b59,JPEG,RGB,195,264,[],dataset/train/taxi/215165181.jpg
taxi/215626542.jpg,dataset/train/taxi/215626542.jpg,train,taxi,.jpg,8740,c2a037861edbc11be55a8fbe5f41aec996a9948cc0a7079c6990c149ec5844d8,2ed7b0a0f49b97fa9d2813466c0e44eea0dca1b0c620e697254ad5194ee02b92,JPEG,RGB,162,216,[],dataset/train/taxi/215626542.jpg
taxi/215670318.jpg,dataset/train/taxi/215670318.jpg,train,taxi,.jpg,6557,058a126bee3a0af52df182bfb50123d12ce54b2e21c4e7cfe10d95c73326d31a,9098a280d3fe23fc077cc0691edfa5b56eee2deea63d13e02c37a865e7198e98,JPEG,RGB,207,276,[],dataset/train/taxi/215670318.jpg
taxi/215710435.jpg,dataset/train/taxi/215710435.jpg,train,taxi,.jpg,8807,f193a04b3d64dd37408bdcd62ca02cfcc7066339508a381b717d9b5061c7edf9,4a5b43166f798c42a254b28c8860c9ed362e178701db8db2b42329d5aa091d20,JPEG,RGB,177,240,[],dataset/train/taxi/215710435.jpg
taxi/215773124.jpg,dataset/train/taxi/215773124.jpg,train,taxi,.jpg,11064,8fded22fd00088e2e5a815c0a41041f41a460b40084b11a2cd763195c122e544,e040efe8c696e56c4abf778a41d7964869f1ddbdffe0a19c3902c00d1be6b6da,JPEG,RGB,186,252,[],dataset/train/taxi/215773124.jpg
taxi/215804635.jpg,dataset/train/taxi/215804635.jpg,train,taxi,.jpg,9683,5d445439dea6835ca96f8e7cdcdf4d12f5da52a1c260cc2774f43ade8afb0372,1f16c4fbc63c830baca52dd1524fa2ad91e4295027b0596509b8e4c37a9306ff,JPEG,RGB,177,240,[],dataset/train/taxi/215804635.jpg
taxi/215822416.jpg,dataset/train/taxi/215822416.jpg,train,taxi,.jpg,11310,3af6ecabf8218a4691ba470b0a448e9261f730fe0fb4f966ce909c5d4087fb83,22626aaf81f3b2053f458bd83dad7ae1141bcf1cd09f9703ffaa76125ca74ff7,JPEG,RGB,195,264,[],dataset/train/taxi/215822416.jpg
taxi/215828804.jpg,dataset/train/taxi/215828804.jpg,train,taxi,.jpg,10352,3147eb87280861b28486c2c513824e9f37b8c3871a95d780f14a36fe6604c993,ad827f8d180a1279f72fdc116807bb65d53529d5d5252a93bfac04673422bcc2,JPEG,RGB,186,252,[],dataset/train/taxi/215828804.jpg
taxi/215833228.jpg,dataset/train/taxi/215833228.jpg,train,taxi,.jpg,10721,59dda805a2d8b044672489fe359a0bbfd1c6b10fafd1709e5714a25e10140759,d05445e525e2f8cfc99859995b8bb3d63b0a191d6ee4a3775396ccb585d61e79,JPEG,RGB,198,264,[],dataset/train/taxi/215833228.jpg
taxi/215840117.jpg,dataset/train/taxi/215840117.jpg,train,taxi,.jpg,8324,bec4fc59810a455f914da0d183d7ed0fd056c7c683172dc1485fd8c8da14a2f2,263a915ab5faf3a364988f5de6c7b9b740c592d216c330dc9a4f205f4335fb9b,JPEG,RGB,286,255,[],dataset/train/taxi/215840117.jpg
taxi/215854075.jpg,dataset/train/taxi/215854075.jpg,train,taxi,.jpg,10339,f57b2b6033e9a9fe1546064a8bc46f24e588a9240531180ba623d17cbe93bd9e,11bb95a4228d31f68e3b57d345de0d40fa93a68b77859e2bff658fb21d914dca,JPEG,RGB,189,252,[],dataset/train/taxi/215854075.jpg
taxi/215878168.jpg,dataset/train/taxi/215878168.jpg,train,taxi,.jpg,11338,79df3df0ce87b04e74875999a4bf7cc990ab35a5d0c4854854b2eb1124600869,76fc3a88ac69ae5e91bded14a5afa402ac52bb2e3a2afca95b7ecdc015dd824b,JPEG,RGB,210,264,[],dataset/train/taxi/215878168.jpg
taxi/216029720.jpg,dataset/train/taxi/216029720.jpg,train,taxi,.jpg,7130,cf48aef4c0baf59b72d87e99adc566627e1b68378daf275a59b7b579c6e163f0,c6d8f15791462e41c5421598bb1bd43ebece55ddf3d2097759fb1aba412baac4,JPEG,RGB,186,221,[],dataset/train/taxi/216029720.jpg
taxi/216047371.jpg,dataset/train/taxi/216047371.jpg,train,taxi,.jpg,17541,3b170fae42d4ed062af37cfb8bb1cb2bb6c6019031607bd37be9f7be159a4618,0aaad0b18867ee3f6bbaaa47375d5c2aad663ffa6bfa91057709640e80272bb7,JPEG,RGB,356,555,[],dataset/train/taxi/216047371.jpg
taxi/216060007.jpg,dataset/train/taxi/216060007.jpg,train,taxi,.jpg,10299,70c22ff50965f895b067f7ec6f8e303aafb767e5956c30aedc76c2d1d23f5ce5,ae069ac28127bed82bd604ecd5a993c96821979e331ffd03e4da543cc909446d,JPEG,RGB,276,406,[],dataset/train/taxi/216060007.jpg
taxi/216125436.jpg,dataset/train/taxi/216125436.jpg,train,taxi,.jpg,11687,f808c5f3f5353b1a317e9a89d18c1e9483f3661ed28a1be0751352770ec8c2e9,3fb1a89ac81bcb14a5483363ad60896a3b22d2942dff9920bb49444033baa8e2,JPEG,RGB,210,276,[],dataset/train/taxi/216125436.jpg
taxi/216190755.jpg,dataset/train/taxi/216190755.jpg,train,taxi,.jpg,8413,8e18c46958c7bc110c2bd558c2963af8c716edbaaa3f01f3d4b70ba345de3713,a78efd34b284a2ea283ea0b4de9abcc3c2548a79a26e311f7bbd4d0dd5f2d520,JPEG,RGB,198,221,[],dataset/train/taxi/216190755.jpg
taxi/216209734.jpg,dataset/train/taxi/216209734.jpg,train,taxi,.jpg,13176,545f83b5a828dc9a10e12ee4cac11aa21518c211548954465f73ade9843e0a11,79ab915719438e61bfb19fb85a3e366f72813746f21b57e2d6f1f63bcbbab85b,JPEG,RGB,210,276,[],dataset/train/taxi/216209734.jpg
taxi/216210740.jpg,dataset/train/taxi/216210740.jpg,train,taxi,.jpg,12293,27ce8384463500f8e200fafdb2dfba79f2cbca775ff0f7a8b5d349a13ece646d,2156dc64a8f150cba455258a6d2992fc9141a636bf13815e688951704c33e2a1,JPEG,RGB,239,273,[],dataset/train/taxi/216210740.jpg
taxi/216241992.jpg,dataset/train/taxi/216241992.jpg,train,taxi,.jpg,5880,2786552348e2661a04eb046c2811c29400d03c5ff6287ea8c67dd7b556cc4e8a,4221d562844bd6b4b4d70abe16c1f7368ea22b83073b812a0bb3a53613bf8a76,JPEG,RGB,198,264,[],dataset/train/taxi/216241992.jpg
taxi/216266678.jpg,dataset/train/taxi/216266678.jpg,train,taxi,.jpg,6138,89ddea5364cb93ca6b066a9c268c18be3ed1cbf4be078a38fd02d78e3f44e142,2d83b123200e9e5ade6cbc2d2d34d81780d4b2ec2bf758049ee81bc321521fa2,JPEG,RGB,180,240,[],dataset/train/taxi/216266678.jpg
taxi/216324691.jpg,dataset/train/taxi/216324691.jpg,train,taxi,.jpg,23724,a26982f8a047afa091aaf7b4c4d0b63f2dbcfc5176044c549786213d1f3e0803,29931193600ba93cdf879e114d927969124f63477e2f2a3a56eadb3b4e899236,JPEG,RGB,374,519,[],dataset/train/taxi/216324691.jpg
taxi/216465138.jpg,dataset/train/taxi/216465138.jpg,train,taxi,.jpg,25352,c870ddf94004d02b2d936732af3fe75de6862d35aa652009ae70bf5256404c2c,e34d968e656a1d3ceae9413610078ca192691d8ea3db5d2c8d55186de608c474,JPEG,RGB,398,555,[],dataset/train/taxi/216465138.jpg
taxi/216497125.jpg,dataset/train/taxi/216497125.jpg,train,taxi,.jpg,9924,f89f81a8b3b94394bc477871497e50e22f7c617b44fbccc9a026c3450c3a5730,c65e28724a4b228dc7aaaab9b7d2d22c63d15caa8b2fd52a40e8c37de65ab229,JPEG,RGB,198,264,[],dataset/train/taxi/216497125.jpg
taxi/216563328.jpg,dataset/train/taxi/216563328.jpg,train,taxi,.jpg,24586,b05f3ffa56f5d2b68765e2528bb32e4db981e100b7eee935b49c81e5c3f4ae10,8555048b0338d65b2bfa3f2e1836dba0361f7b9d1c103b70175eb8a6114a157e,JPEG,RGB,409,591,[],dataset/train/taxi/216563328.jpg
taxi/216616795.jpg,dataset/train/taxi/216616795.jpg,train,taxi,.jpg,6461,b47af45c755be303fc3c507aca431be543b49ac16adf56d0e3846dd85945dd0c,5b5dd5ae5ff10a54da0328d2aec0c251b6d251ec2c3bc5e719bd298c7fe0e39a,JPEG,RGB,156,204,[],dataset/train/taxi/216616795.jpg
taxi/216640530.jpg,dataset/train/taxi/216640530.jpg,train,taxi,.jpg,5527,7a09b3b3e814eaa92dbeb0a36a25bc48aa197ab32378125f6ed11b443c28332b,4736620d098e0f3bab0d86ea43437788b85c5222e66c29a41a8b89d0b8f4afe3,JPEG,RGB,198,246,[],dataset/train/taxi/216640530.jpg
taxi/216649147.jpg,dataset/train/taxi/216649147.jpg,train,taxi,.jpg,6889,db446d2e75c968aaae09e4aebfa9be2dafa2dc539f1ec7888a1ebff0b4c88730,da9840fcd72c2aa668554198438e813a096c1fd10f072a644b6c7cfba3eb00f4,JPEG,RGB,240,264,[],dataset/train/taxi/216649147.jpg
taxi/216659419.jpg,dataset/train/taxi/216659419.jpg,train,taxi,.jpg,4646,ea75db47c8662b01207c9b6fead4bfa169457ecfc6ee126135d89960a7f41c8b,5cfaee45473ade2e4db3fad1c6f36dfcceb72ba5cfb7c88fcd1a8bc1f6126518,JPEG,RGB,177,188,[],dataset/train/taxi/216659419.jpg
taxi/216684150.jpg,dataset/train/taxi/216684150.jpg,train,taxi,.jpg,11178,1b193b80992e6eeeaa93ae06495b9198f1c4e51a7a4ca2e088fb14d5e343ef05,4009dbc08631095e9f0551838786ca65a020eb98ad8300075e7c0a0fadb8c820,JPEG,RGB,240,255,[],dataset/train/taxi/216684150.jpg
taxi/216753720.jpg,dataset/train/taxi/216753720.jpg,train,taxi,.jpg,11083,b3becdf92012b280c755d10715e90721ac19270a05ed6a48451a72b495a820c5,269955b4dd8e399b924910b78f63e72201f9f7eb9f53488f9a23a39c89617e31,JPEG,RGB,189,252,[],dataset/train/taxi/216753720.jpg
taxi/216780403.jpg,dataset/train/taxi/216780403.jpg,train,taxi,.jpg,5284,6fd299cbcbb2621193d708f07aff4719522704367099886770d39679e23b50cd,a70eeed46814b0b1f78c16ba174b923327e98e3c0d06498c432757b5adb3225e,JPEG,RGB,186,244,[],dataset/train/taxi/216780403.jpg
taxi/216804552.jpg,dataset/train/taxi/216804552.jpg,train,taxi,.jpg,5057,a63695aebe1473e752160dbc4378020b570a900c58e6dfcdf189e223b3921f33,dc6f8eb5b015bb1bea6b4aea837ee6204d824ad59ea815792188ec3fdb75370f,JPEG,RGB,171,228,[],dataset/train/taxi/216804552.jpg
taxi/216848358.jpg,dataset/train/taxi/216848358.jpg,train,taxi,.jpg,12673,5e2215cde5d3990e103d425151d044eaf5cc18034f8fc947425f38f4b2c92bfa,0a27b975b21b211318654743272f51a135fd0a7c58b591880cebf98e17757e50,JPEG,RGB,210,276,[],dataset/train/taxi/216848358.jpg
taxi/216860191.jpg,dataset/train/taxi/216860191.jpg,train,taxi,.jpg,14259,a5633b795832abdd1fb5dc03eccff8a24ff87027261d2803666b4a84e25aec0c,0a03e2f83f284a1d4eb79d897b77f4caa24539ee62f268d7adffe059d26d30f8,JPEG,RGB,293,469,[],dataset/train/taxi/216860191.jpg
taxi/216875057.jpg,dataset/train/taxi/216875057.jpg,train,taxi,.jpg,7197,c45a393d84a16f08bb78f17a27ab1d67d15fbd6bca43f0a7a1f2487c223fa5e1,8358aebee0cc419c4fe6d33c69f434993dc9b8a1bdd6b79112064242837d902c,JPEG,RGB,247,299,[],dataset/train/taxi/216875057.jpg
taxi/216878759.jpg,dataset/train/taxi/216878759.jpg,train,taxi,.jpg,10409,65a283f2700af07b1b6d854f030a13e576eee83d887e5d954b175e1232bbb5d2,16e3198467becdaffde1f5ffcf914274935a6fef218c64dab129dafe5874c107,JPEG,RGB,189,252,[],dataset/train/taxi/216878759.jpg
taxi/216893661.jpg,dataset/train/taxi/216893661.jpg,train,taxi,.jpg,10403,72f0cd040b618b920c9b39c80de31c90bf881e3231b26e0e89e5dae5cd9db62b,0c5867f0a84a0fd8a6eb95b4bf851e5dc804c8252ea020d8f2aacca96be9b146,JPEG,RGB,189,246,[],dataset/train/taxi/216893661.jpg
taxi/216929149.jpg,dataset/train/taxi/216929149.jpg,train,taxi,.jpg,8672,63447c3832c66bf10fcb22177812b3646e63a55e5257fafd9438bcb20e70f8cc,557bb76874c9b93fa45a78a989de534eef31237c615179bb6c782f43fa0c41ab,JPEG,RGB,177,228,[],dataset/train/taxi/216929149.jpg
taxi/217041267.jpg,dataset/train/taxi/217041267.jpg,train,taxi,.jpg,10183,7bbfd2179a4694e9786d44b29af62c20c7dccfab5500f8dd0dc8d8b3e408cca3,37931418f8b2106001a61bccbcc8ad9f82830a7de97a55a23b4c1d4184b711cb,JPEG,RGB,210,257,[],dataset/train/taxi/217041267.jpg
taxi/217088721.jpg,dataset/train/taxi/217088721.jpg,train,taxi,.jpg,5495,ba2a9df19280ea081c28c5356640fd5e1b404f517c56ab1b06919d3c4eb7c0f4,507a5c1f534c3f5f4a8097178e627b78001bc79d7017508f88fc852a198327b7,JPEG,RGB,168,228,[],dataset/train/taxi/217088721.jpg
taxi/217107971.jpg,dataset/train/taxi/217107971.jpg,train,taxi,.jpg,9517,51efb99e795773faab0801adf4cd143ad58ae4d781483ca80d9edb540f5ea78d,c3db318e2a71974b896eadcaaeafd082954e71dc1f0c6598df5b7f4b86ce7748,JPEG,RGB,177,240,[],dataset/train/taxi/217107971.jpg
taxi/217144560.jpg,dataset/train/taxi/217144560.jpg,train,taxi,.jpg,11718,986f62ae76001e7ddd4319e3ecfb4399895c868e71fff49d5f9eb80125a597a1,4ac63f61d594d816527334d354f46369c96e512c5e5fd1969ffd2af5c1efef63,JPEG,RGB,252,243,[],dataset/train/taxi/217144560.jpg
taxi/217233737.jpg,dataset/train/taxi/217233737.jpg,train,taxi,.jpg,10840,db03432f931e50d442ccd7bb85a55c3d030cde4577318cda7822858dce8f8be2,41116a8bb766418e05e967e0419a7c59c436345ccdad0c0d22a0208e2f753fde,JPEG,RGB,186,240,[],dataset/train/taxi/217233737.jpg
taxi/217243222.jpg,dataset/train/taxi/217243222.jpg,train,taxi,.jpg,9001,1952dc08883e1617b942644946f8413ef8a91a2ca3161d2bdb567ff88e7bb5fa,31aa7157ec2829088cbb82d5b6f97059e4fbda77d36469d8efa811e986a3f914,JPEG,RGB,180,236,[],dataset/train/taxi/217243222.jpg
taxi/217247964.jpg,dataset/train/taxi/217247964.jpg,train,taxi,.jpg,16319,056b855847ee0e38503f7e09bff4245a1fa56ae5c5110ce87e815efbc4b680cb,76065b7c99677ca11afbc03a7804d105b842fe0219085abe749d87e84460061c,JPEG,RGB,333,599,[],dataset/train/taxi/217247964.jpg
taxi/217255043.jpg,dataset/train/taxi/217255043.jpg,train,taxi,.jpg,9569,88d71953ab882eb9f46ee51ff8c3032fb0c2889f972c23116c01dcdb20d51e7c,829458f2d90005265fca6a426e983d521cdc78739669a4d3514f2943773bc80d,JPEG,RGB,186,252,[],dataset/train/taxi/217255043.jpg
taxi/217264329.jpg,dataset/train/taxi/217264329.jpg,train,taxi,.jpg,5372,5e81e0342581f7de53abec4def80190527dde40816f351f4d5cef82668af3423,faf66d47981a9aa9abb7c39d90f8b1b305457ea11b90946d77fcce4a44dc166d,JPEG,RGB,198,232,[],dataset/train/taxi/217264329.jpg
taxi/217286174.jpg,dataset/train/taxi/217286174.jpg,train,taxi,.jpg,9048,4960d9202a53cf18266d04fcf8297c1dfd8199ec3da990cbc824ac32b32a76a2,2ee799f09025733a65d1f4520352d5c084205f48a226230da0c495926b643e7e,JPEG,RGB,198,264,[],dataset/train/taxi/217286174.jpg
taxi/217369619.jpg,dataset/train/taxi/217369619.jpg,train,taxi,.jpg,11986,56353c4c92bdaec266a40ea0b5d8c62051ffafe6efa1040028bf40f6f67a0072,80e8130174b722fd6be4e1f612c6f5c5b6c665b6cf71c8442a4418e046e9d947,JPEG,RGB,189,252,[],dataset/train/taxi/217369619.jpg
taxi/217418779.jpg,dataset/train/taxi/217418779.jpg,train,taxi,.jpg,5135,dbdc4ec0fcb94470397ab7d722a0765a677ca1c6c890c4e89628062200041023,62d5768c04ff55b624be35fddee9d003312796d2c42b3f0cc2944ecd3044624d,JPEG,RGB,177,240,[],dataset/train/taxi/217418779.jpg
taxi/217447082.jpg,dataset/train/taxi/217447082.jpg,train,taxi,.jpg,9942,19d940c16e4460c2eea4559d40b2e21031fdee87367e15da9a336df1a4569bb8,4d7e603720d441699a0d1116914279dddbda41aa7039fd8cd39188c07bac4ffd,JPEG,RGB,171,216,[],dataset/train/taxi/217447082.jpg
taxi/217470423.jpg,dataset/train/taxi/217470423.jpg,train,taxi,.jpg,7418,4ccd8d24dcda7a233ba46d60c0993e80a50061ca74b2de7edd2074741ca55224,e51200b939fb4445204be854c901f4535e08e09135266a79dd2e7576b407b6a7,JPEG,RGB,180,240,[],dataset/train/taxi/217470423.jpg
taxi/217484586.jpg,dataset/train/taxi/217484586.jpg,train,taxi,.jpg,10086,63c0a3e37d8f0f13c9146f4614acc8728c1a30eaa94da3da79cc8070bc5050c7,ae2ce0e5061ffef112b12c577715571a905a27803839a1ae1e88e691a106ff2d,JPEG,RGB,189,252,[],dataset/train/taxi/217484586.jpg
taxi/217502539.jpg,dataset/train/taxi/217502539.jpg,train,taxi,.jpg,9790,00a0952c5d2f5c3bdb07be82db9fdca5acab9334bc683f53544e5c86d513a491,63c7a79526da32dc313f2589b15830d5677386038d2d37a167f9e6a8a4c2c909,JPEG,RGB,177,228,[],dataset/train/taxi/217502539.jpg
taxi/217567828.jpg,dataset/train/taxi/217567828.jpg,train,taxi,.jpg,9561,367f8b02932c7aa8dffb1bdf285e67678c0aabba315b73a4d61879d478e74230,71ed5261bdb13b5a8f8235b2354ad79fe9d13fff348f3f0648b3528360ceef9d,JPEG,RGB,177,240,[],dataset/train/taxi/217567828.jpg
taxi/217726063.jpg,dataset/train/taxi/217726063.jpg,train,taxi,.jpg,7564,c92218a380c5a85cd3b27f5d556527be834e92ca3c045c9b23f0c6a9c9dd9f68,8ba2484068c01d24c0314c550ede02dad8e1585637b881073adfffda75fb0331,JPEG,RGB,298,291,[],dataset/train/taxi/217726063.jpg
taxi/217766035.jpg,dataset/train/taxi/217766035.jpg,train,taxi,.jpg,7645,3d03650f129055ff03756695975189e0d03fc31c9dac9baed4c8886c33d66eef,ea36e52b959ce03d53f98a714a38e2922687a84c3b86fbe049778483cee5a896,JPEG,RGB,162,216,[],dataset/train/taxi/217766035.jpg
taxi/217787108.jpg,dataset/train/taxi/217787108.jpg,train,taxi,.jpg,10180,5ea5469d49a56dfbc5f83512757bb4dd91db3fb365ab1e4818e1692487277fcd,11623d57c9f1698dc430f697801cdfd9489326e2d3f2d8c0930f40db052d6cb1,JPEG,RGB,210,266,[],dataset/train/taxi/217787108.jpg
taxi/217834801.jpg,dataset/train/taxi/217834801.jpg,train,taxi,.jpg,5757,f1c10927339c199d6a847c922c82bef771e078a041ec6c4ea3e62f9165324398,6410c81442ce8b4c4d13e10147489cf8d451427d9da25f75dc2421ddd39f94ad,JPEG,RGB,186,252,[],dataset/train/taxi/217834801.jpg
taxi/217898024.jpg,dataset/train/taxi/217898024.jpg,train,taxi,.jpg,11319,ae9ce9ce0544c05cf1582c5362024c0956227b53fc1400376ca6b728c8229fa2,b574c3d439dc2ab357c21447d152d97667337ba98cac51928a8a652c35fc1665,JPEG,RGB,189,252,[],dataset/train/taxi/217898024.jpg
taxi/217909207.jpg,dataset/train/taxi/217909207.jpg,train,taxi,.jpg,30066,11067672eefe8c67956d80bcbddd060d1133665f150f813cf17d7fbeb5f033c4,2ada09779e5b0555df5f7169b6427cb7f29329b9e4316935561cca121e2d7fd0,JPEG,RGB,455,832,[],dataset/train/taxi/217909207.jpg
taxi/217932617.jpg,dataset/train/taxi/217932617.jpg,train,taxi,.jpg,9503,8705c263ff463ef3d03dd0a568e96b71ffba1d40865617d24b7dac745fdd5605,b4f06cb14bf78d9865d582062d378ed3d24c2b3d9451ec883c669b19192e57d3,JPEG,RGB,186,249,[],dataset/train/taxi/217932617.jpg
taxi/217951846.jpg,dataset/train/taxi/217951846.jpg,train,taxi,.jpg,10225,b143b2098fc51370325351707f1bad090b4e3c59903ad4cc31fbad0f86d8ec5a,7a1e81ce545f556a15ad623c78773d49ae6aa8dd6b93838d0f5e8959389f2924,JPEG,RGB,189,252,[],dataset/train/taxi/217951846.jpg
taxi/217967703.jpg,dataset/train/taxi/217967703.jpg,train,taxi,.jpg,8805,d3863f34ee115cf956cba2ba95d77fc57c0cd126efa276a00f9d13b2b02d55e0,02a0231f269008df0d411dd36c2eb880bd4477f809e44963b3ce8959cf6ae0fd,JPEG,RGB,177,240,[],dataset/train/taxi/217967703.jpg
taxi/217977521.jpg,dataset/train/taxi/217977521.jpg,train,taxi,.jpg,10421,f1709da8a2628dd22a9055351ccea2cd98956a721cf70b5655002ce9e0260096,cf07dd13d3c99a4bd5228ba429a132242adaefb2801040c3abfc1eca94e86070,JPEG,RGB,207,271,[],dataset/train/taxi/217977521.jpg
taxi/218009858.jpg,dataset/train/taxi/218009858.jpg,train,taxi,.jpg,9091,e861fa902120e4f685e055291413d0d772dbc546ee8bf6b2b7171fa99bb4f960,ade71254ef08e39339ecb44d3bd2998925f544bf0d6e6e8bfc42610ce46ad9ef,JPEG,RGB,189,252,[],dataset/train/taxi/218009858.jpg
taxi/218028690.jpg,dataset/train/taxi/218028690.jpg,train,taxi,.jpg,10747,db80538fc57f618ef84a3f678bc4851b2b56b1cdc6ec8b42e545d5c8ca660b07,f8a0a1401c15697bdee2102187c2ad0a1e20a79d1cea98d20ce92e69dd5f1655,JPEG,RGB,186,252,[],dataset/train/taxi/218028690.jpg
taxi/218033613.jpg,dataset/train/taxi/218033613.jpg,train,taxi,.jpg,13565,5a6f5cb156cfff1ed9a42c91c65f36c1ec3decb839ae78980eb147e292113e7c,f795bf557d84dee01daa1884f4a6d623c890dffc48ae6e6caebdc106d8b453c6,JPEG,RGB,242,261,[],dataset/train/taxi/218033613.jpg
taxi/218058543.jpg,dataset/train/taxi/218058543.jpg,train,taxi,.jpg,11472,fe2ab62ac2ee25fdac913934b44dc5873c4136c1e32f1676eac9068f7ac7356e,9bfd7dec6d39faa0a6e25bf46e4a3600d3833a8d0655fa7c7abaaeb7c844afcd,JPEG,RGB,185,255,[],dataset/train/taxi/218058543.jpg
taxi/218124538.jpg,dataset/train/taxi/218124538.jpg,train,taxi,.jpg,8990,735908711c8e18a9763e0d1d6dd2ef84d91f629ec37f876d86a1841f509fa30f,9fefa72dcb1b37d89d3689ec75aac314269029c1868934f51cf77093ce24cca6,JPEG,RGB,189,252,[],dataset/train/taxi/218124538.jpg
taxi/218136743.jpg,dataset/train/taxi/218136743.jpg,train,taxi,.jpg,5582,fcb878166e367855ffa7c7a4c2320d6a4798e07b23cbfa7d465bf7d6a1e966ca,f916be0db045f559994a9d04126c44c28a191b982d8da28ac3364e36f8e063ba,JPEG,RGB,177,240,[],dataset/train/taxi/218136743.jpg
taxi/218147453.jpg,dataset/train/taxi/218147453.jpg,train,taxi,.jpg,9635,ba21c03ccbfc86a7033424ba16c12b53d4eda7310f6df94c759b2cd59ad84cfd,97b88c621455c11eb2d3aeb608a36d208850c1636962216f96e73c2d2e24b1ca,JPEG,RGB,207,276,[],dataset/train/taxi/218147453.jpg
taxi/218150166.jpg,dataset/train/taxi/218150166.jpg,train,taxi,.jpg,9961,a4ff5dc6095c3b5ecb37c79100296e5c4d3c4dee7e78a65deb976c096aaa3bae,79b81e148d04b0f9c2e33d3a20d517800c6bf7fc5d6fe78a598517fb7515c6fd,JPEG,RGB,198,264,[],dataset/train/taxi/218150166.jpg
taxi/218155625.jpg,dataset/train/taxi/218155625.jpg,train,taxi,.jpg,24150,bc20864a0532ea09f343e0cdd87fd556044c4a85ae99a1c139dff6f87d1a71a8,f091e7c8a72453f5c78fb8224fb6b1136208d10ea4fd7555317776d0994f92a2,JPEG,RGB,360,569,[],dataset/train/taxi/218155625.jpg
taxi/218156501.jpg,dataset/train/taxi/218156501.jpg,train,taxi,.jpg,22506,02c69f67329e4c437ec7311084877af99e22f77c3bf71a44d1e5d556160b982d,2c4c7ed57ccf08ba485709f8d79dda9747aea526405f2ed19cc8866315310887,JPEG,RGB,395,664,[],dataset/train/taxi/218156501.jpg
taxi/218164022.jpg,dataset/train/taxi/218164022.jpg,train,taxi,.jpg,18337,54ea56bf4aad06e988d2183d2af4ddf70252a0ce24e2d5e814073796a5607d8d,3251666c49b31da518acf44aa36a296d5be316f9660087d3ab8a848c2269f9b1,JPEG,RGB,354,583,[],dataset/train/taxi/218164022.jpg
taxi/218235081.jpg,dataset/train/taxi/218235081.jpg,train,taxi,.jpg,9299,b8ca9b6a58abb7f2cc31da262114f1fccb4581c6fa1ce74767d6e068f9ae2a20,bc9e077da15c45d816a58681461a07c30967560a363cba422d183f6b0e826212,JPEG,RGB,210,264,[],dataset/train/taxi/218235081.jpg
taxi/218256574.jpg,dataset/train/taxi/218256574.jpg,train,taxi,.jpg,8290,eec7557795a09cf7c5a37181d01ad164634c24a1fb349a34369640f64ec3a337,158d0bc63b390111d28547bd54c891eb0218e18dcb473c4c35fbe55e69681dfc,JPEG,RGB,171,228,[],dataset/train/taxi/218256574.jpg
taxi/218257216.jpg,dataset/train/taxi/218257216.jpg,train,taxi,.jpg,19774,1363eaf1ef302afd7512c2e27d0a48424467ece8c14e96a580a7eb0f6e3c90a9,f0ed4af3cb1f46becf889a6da66fe0e32930d431de5e3911f97544a6ba84fc48,JPEG,RGB,348,508,[],dataset/train/taxi/218257216.jpg
taxi/218268791.jpg,dataset/train/taxi/218268791.jpg,train,taxi,.jpg,8759,619b7f778140d58b47caf93a9b6b976e2bdbd9bff2917d8d8ff4e237e38ea2dc,4230af818cec2fb17199885897d26f32d729f9d4920acdb05d6d9ab4ca71f1b8,JPEG,RGB,168,228,[],dataset/train/taxi/218268791.jpg
taxi/218318751.jpg,dataset/train/taxi/218318751.jpg,train,taxi,.jpg,13166,83c2531c6903f4a3968ce401d85a2d61c590b36d2d7881c614ca89eb7e8c83f6,83e69cf9a54520d761bb25c309ff49b09582db768bea50cc810e514d22ed16f5,JPEG,RGB,322,469,[],dataset/train/taxi/218318751.jpg
taxi/218342807.jpg,dataset/train/taxi/218342807.jpg,train,taxi,.jpg,9314,a8638a94f0f4c832c4339c149c54b1ea899d1b6b497d9d78cc861acd0176beb4,ad19adf9b2831e382405544501eedbb344df3dd8bb8bda5ba23bfc393e073478,JPEG,RGB,207,256,[],dataset/train/taxi/218342807.jpg
taxi/218414701.jpg,dataset/train/taxi/218414701.jpg,train,taxi,.jpg,16986,9df48a4f014d34b9cb7dde1fb1dd989e0691a412e6b57925802fc9ea7b5e35c3,2a157168f1bc31a359a57214080f3ebe14598ed66670e12c40b4d380e032ac5f,JPEG,RGB,277,257,[],dataset/train/taxi/218414701.jpg
taxi/218520736.jpg,dataset/train/taxi/218520736.jpg,train,taxi,.jpg,8858,4f7cc476a59ccd0bb670f8efe8706daa61350dd2b7a0e1e80b5a70b360f80856,d21baeb433bc8f8a5a1308f51319b140416d92613964fe4c8d3a9980fade3311,JPEG,RGB,180,240,[],dataset/train/taxi/218520736.jpg
taxi/218566564.jpg,dataset/train/taxi/218566564.jpg,train,taxi,.jpg,25066,02971cfde316ea4080b95081cecfb5fd599f83a3a8a473ecb3da865f7b4dea9d,d292f443ca84c4763b5a9ab0db1c0c86c5dc3145867ef80ff5303b62b3d70651,JPEG,RGB,365,591,[],dataset/train/taxi/218566564.jpg
taxi/218586145.jpg,dataset/train/taxi/218586145.jpg,train,taxi,.jpg,9997,b8db2ce240df25c1dbd80543826d4b4da94ea2ea24ccfb726457d257ae4cc967,9ae8446f9080245e4700a48716d16d74c902fc440b161f5597c559089d4feb75,JPEG,RGB,180,240,[],dataset/train/taxi/218586145.jpg
taxi/218609374.jpg,dataset/train/taxi/218609374.jpg,train,taxi,.jpg,10932,63280f0c70b225384f4187b28ecf50d7ed39c7a44c580ccb9998bd00710f5f76,56d647ed35872d3058de10e61f3fedb3a622ecec8def98dae233d3ef912a788c,JPEG,RGB,186,252,[],dataset/train/taxi/218609374.jpg
taxi/218623451.jpg,dataset/train/taxi/218623451.jpg,train,taxi,.jpg,8857,535445d6e0d70d29db3d79ace252b415c42da7d558c03167f3a7aa94c7dc207e,56058bbe74f522ad211afc9d5972417fd3b72b283ce26f038844ffa9e1801d3b,JPEG,RGB,195,246,[],dataset/train/taxi/218623451.jpg
taxi/218648571.jpg,dataset/train/taxi/218648571.jpg,train,taxi,.jpg,9692,3a0f36e46482952634653ee0440202af3ada901599a42a78b759eb76471f4c35,fcfaef0f9c2450db184cfa3c21294721882c98021993fac94a0be2e29e5fac87,JPEG,RGB,180,240,[],dataset/train/taxi/218648571.jpg
taxi/218655409.jpg,dataset/train/taxi/218655409.jpg,train,taxi,.jpg,4877,d658e386209c722668eab47e3d9a46f6b3a62ce25c6ed694b740060b52d2d44f,b5f31a3deb86c6db3ab5677a7775f95a63ebc003773c1bd3f7880525f33eeb9e,JPEG,RGB,177,240,[],dataset/train/taxi/218655409.jpg
taxi/218681190.jpg,dataset/train/taxi/218681190.jpg,train,taxi,.jpg,10251,0413c11c3a893ad6adbd9d67be885dee86c7c3072330be11a779da5fe9948a6d,fdf01865bf94571825fd3e3bee6aed79b1aec03b37fa7a70db1f123195969002,JPEG,RGB,195,264,[],dataset/train/taxi/218681190.jpg
taxi/218685986.jpg,dataset/train/taxi/218685986.jpg,train,taxi,.jpg,6799,94ab027b715d038e026cde473934cda06e1cc14633dc6663ed17f3e0c1059450,acc88891459af59845c01d7dc7d92ccbc579522e880d8d443ac42f6ced7b31d8,JPEG,RGB,198,260,[],dataset/train/taxi/218685986.jpg
taxi/218713530.jpg,dataset/train/taxi/218713530.jpg,train,taxi,.jpg,24704,dd6d778c6e9b4c3c930daab8a98d90ba50bb7577ff7b45f2c43cb5dd6c3abf10,46f22628e2d0afeab22394eaab4e5565cc9d9be4dad71ddd43bca85de79f69f6,JPEG,RGB,414,638,[],dataset/train/taxi/218713530.jpg
taxi/218720521.jpg,dataset/train/taxi/218720521.jpg,train,taxi,.jpg,5815,4d7e02357ac6cac4b8e8c6d2a960cadb0855fd996f6b3b86327c36497e7773fd,f243a7297cbf5526bb3bf8306910186f057e6c8448f5d24348070b06d3abd675,JPEG,RGB,180,240,[],dataset/train/taxi/218720521.jpg
taxi/218748243.jpg,dataset/train/taxi/218748243.jpg,train,taxi,.jpg,9743,18930d96130f252c457b07197af61576b3400d0491d6455e748db1088dcf322c,a3914bda0ca9e14c3bed9a161e82e325252e38cf4f21f9a103ab15716c86f54b,JPEG,RGB,189,252,[],dataset/train/taxi/218748243.jpg
taxi/218757953.jpg,dataset/train/taxi/218757953.jpg,train,taxi,.jpg,6842,5a603677fd2b5b0d11e60a00b7a8f1e879c7f56709df3feb9487d57cbd5dd0bb,84cabb7a3b6f1b382014f2c0fa20984116863634166bb9857da00150fea1ecd2,JPEG,RGB,156,204,[],dataset/train/taxi/218757953.jpg
taxi/218835592.jpg,dataset/train/taxi/218835592.jpg,train,taxi,.jpg,5389,c3b1450b9042b3cdc85c988958951afe20bb5fd701d85ae8a81728bfcd9c0c9d,64c4ef3d01dd978ae1903336f3c63995ac00f3e25637bc522d41e923a574b33b,JPEG,RGB,120,156,[],dataset/train/taxi/218835592.jpg
taxi/218879405.jpg,dataset/train/taxi/218879405.jpg,train,taxi,.jpg,10903,e92a01c85c91278aa823fd3de2cda131c849ddec41266220177d732144e35070,e7767d97b6cdb95c4f62f163db5854b75c2f16ea1ba0995557ff47822488e17a,JPEG,RGB,167,252,[],dataset/train/taxi/218879405.jpg
taxi/218892466.jpg,dataset/train/taxi/218892466.jpg,train,taxi,.jpg,22648,4e387da0b188d0b84f40a1c79f71063b2e74c0227a5fcd4e7c2c15b00773ff47,635eef7341507d0669975decee54e7e5798e865531b0871742882298b4f053c4,JPEG,RGB,366,627,[],dataset/train/taxi/218892466.jpg
taxi/218935254.jpg,dataset/train/taxi/218935254.jpg,train,taxi,.jpg,10882,6f38bac258620c23b53753b79fa0942b56321f495f2ba2848dd457c4501c0127,f7733275b953070c572f6a424de131b9a9a1a54357ea8a8c0af75b02bb30ba76,JPEG,RGB,195,264,[],dataset/train/taxi/218935254.jpg
taxi/218937266.jpg,dataset/train/taxi/218937266.jpg,train,taxi,.jpg,9634,f8dc8c8013ce88131970ec69e621f5a2f9444d9217002977ba8a344453a5b21c,36981ca45cdaa575183f7b3e0904016af2cda21bcc466c23f9b2d0e06f17edf9,JPEG,RGB,189,237,[],dataset/train/taxi/218937266.jpg
taxi/218948357.jpg,dataset/train/taxi/218948357.jpg,train,taxi,.jpg,9252,a3008e68344ded00704c91e565a3a59c5027f744b9f3ff4ed1c9ce5a67561c8b,280a34a3962b4c749d917481c24e63a19efa71b9f6a8931cc9e79612d0d2c39a,JPEG,RGB,189,241,[],dataset/train/taxi/218948357.jpg
taxi/219091412.jpg,dataset/train/taxi/219091412.jpg,train,taxi,.jpg,8928,1f9166039563e4e7f8975c2210d35f8199096d2fe32320d4e3735c8c35e7857a,2679fd503f159790d7ea511125678f8aa5a498b0238525de0700d42fe4e4f86f,JPEG,RGB,177,228,[],dataset/train/taxi/219091412.jpg
taxi/219092271.jpg,dataset/train/taxi/219092271.jpg,train,taxi,.jpg,7727,4e1dfcfa99d5ce2f7ff349ffa0cd8f940b26423159cb48817f2f64d6981d64e2,3be96d92c86f55fa778ae2fb99f14e6f2d5b0b1dd787ca18c24f458d5dabdc7f,JPEG,RGB,189,244,[],dataset/train/taxi/219092271.jpg
vanet/194285934.jpg,dataset/train/vanet/194285934.jpg,train,vanet,.jpg,13339,4bb8a42ebc8e3d55269c54882daa92cfc29cffcffdfbbbbb342637073a20b191,79f49577bd4af3014fb15cce646b655f4e4fcb7e5218a616eeb3c05ab8787a5b,JPEG,RGB,271,266,[],dataset/train/vanet/194285934.jpg
vanet/194840733.jpg,dataset/train/vanet/194840733.jpg,train,vanet,.jpg,19238,0be05d3a8d9e6bfdf8e9b020ad45271e54b45d72557dd36901a47977cf103034,f653694ead46eb4fe1b22cb511d220358e5274d34568748f7a85b42769654f40,JPEG,RGB,295,318,[],dataset/train/vanet/194840733.jpg
vanet/194853070.jpg,dataset/train/vanet/194853070.jpg,train,vanet,.jpg,15981,dece20e435b2a020dfd6ba5a48066178a4fcd664102f1c1c18c00e611141b34b,3ae5a941f8e9b8fb77cbb94bacf3e3157a5056c926499328305a9cf768c55604,JPEG,RGB,296,305,[],dataset/train/vanet/194853070.jpg
vanet/195080365.jpg,dataset/train/vanet/195080365.jpg,train,vanet,.jpg,17750,361c4312cb3f1314aaeec96acf89e91c80ce598348c1b61e76c571cd01c8a8da,5876e8065b958cca9f3cbe0179f46df01c6c94b4bdbb1a7fa5ec1cfbf5f182b4,JPEG,RGB,303,333,[],dataset/train/vanet/195080365.jpg
vanet/195478008.jpg,dataset/train/vanet/195478008.jpg,train,vanet,.jpg,22438,89a0b210be7dc0aed6fe32da0208b06a10bf920f25829fc8c62853c76a1b39e4,8fa46d720b7c7b2fb41b2a0981b225e6a92e3b1c7d0c25108a5a7725141e3431,JPEG,RGB,345,344,[],dataset/train/vanet/195478008.jpg
vanet/195575409.jpg,dataset/train/vanet/195575409.jpg,train,vanet,.jpg,13152,4eb9fcdd20971998df139711e59aa637bb6aa85df7f6afa62cfc50aaa56d6213,e4e6abd84b22432da0dee57bdf51a7289cb168fd701a157c2b804b4663864e89,JPEG,RGB,277,309,[],dataset/train/vanet/195575409.jpg
vanet/195673270.jpg,dataset/train/vanet/195673270.jpg,train,vanet,.jpg,14048,07c122527bf6c4067725283f2fbb5c9d1187971322f3bd3dbf56ad15a9fbc68a,3a383df98024390bfa207e75c79913c837d4776e8006277bcf83f8fa4293a019,JPEG,RGB,277,322,[],dataset/train/vanet/195673270.jpg
vanet/195728454.jpg,dataset/train/vanet/195728454.jpg,train,vanet,.jpg,23278,6b7b1a5565e36e48ad8064c605c4d075e42049f8a8849c732850432ff232fb20,bf416132001ca381be7ea716a3b97589c68d983195b55eb75e762e1cfcb76e63,JPEG,RGB,310,324,[],dataset/train/vanet/195728454.jpg
vanet/195737410.jpg,dataset/train/vanet/195737410.jpg,train,vanet,.jpg,17881,97999bc7b3e620267e81d8604a7af66e3591ce22625acc72d2601c29c46094d1,c3e852430b9d32e3180be6a44ea16dd68053fd85ac2b85cd6ac8e1f33967cc76,JPEG,RGB,314,367,[],dataset/train/vanet/195737410.jpg
vanet/195988970.jpg,dataset/train/vanet/195988970.jpg,train,vanet,.jpg,14857,9040236a8b3db619defa4b8a68de4e348c1ceb404802402fc58031fcd1a6a42d,b6ecf5a5209b13aa0d2e28b8ad2e7f0cc10579aa7763d26887513603afc88a5e,JPEG,RGB,319,255,[],dataset/train/vanet/195988970.jpg
vanet/196305661.jpg,dataset/train/vanet/196305661.jpg,train,vanet,.jpg,9818,813c75fbbbb869ce671fe778e6b340b61b85ffd278ab1f25a085436ff5435fca,292425435aca01078fc82879ca06ee02f6b654632766f03635b7309f53fdd6d3,JPEG,RGB,243,235,[],dataset/train/vanet/196305661.jpg
vanet/196322593.jpg,dataset/train/vanet/196322593.jpg,train,vanet,.jpg,15544,972931420db62c0c93a6a4867a162e9143af899a3784bd12755a6c3460929fc3,6a5600140fdbc1201a3ea022bacce5c49b342f43090ae4543f02f762bbafd557,JPEG,RGB,296,270,[],dataset/train/vanet/196322593.jpg
vanet/196587192.jpg,dataset/train/vanet/196587192.jpg,train,vanet,.jpg,13907,8546774e53df3dac7d6e964200e85b2825fa3e991d5dda1e63b849e6796431dd,87db95d8020bc76594d899823d54915d9529edc9d508720ffa8b4bea5f104270,JPEG,RGB,287,264,[],dataset/train/vanet/196587192.jpg
vanet/197011245.jpg,dataset/train/vanet/197011245.jpg,train,vanet,.jpg,11801,9ee0c7f109f4c7d81bb52da6d127e62098c937fc91c8fc2c69f44408ab0f5f57,e819596d5dea730fefe0b71743b203ec2973b0ea93057ae667868119f2b55e68,JPEG,RGB,273,237,[],dataset/train/vanet/197011245.jpg
vanet/197030864.jpg,dataset/train/vanet/197030864.jpg,train,vanet,.jpg,24325,2bae3b75c6eb6e07b2a0adb9a9f3d6f7bf8e248ce9e937c6da3a753c6beb37e0,bb1b7b53056ccb077d404ce1d15b1d0e74bfa57b80f3a8fb1116efefb2921a57,JPEG,RGB,311,402,[],dataset/train/vanet/197030864.jpg
vanet/197253666.jpg,dataset/train/vanet/197253666.jpg,train,vanet,.jpg,11123,1e36a75975bf20d23faafd81200a2076761f749b0195f1eaa81087305a07a7c4,d4f594d792e9df47d2c7125b65aa8b34c930be3fea824d97406a98b54cf153b3,JPEG,RGB,255,234,[],dataset/train/vanet/197253666.jpg
vanet/197410959.jpg,dataset/train/vanet/197410959.jpg,train,vanet,.jpg,12880,a8b53f3fbdf606158ea4af986ca12b8083fde3f57c0e616ab4bed8718c32dd5c,ec4d8b101ec86ec70ab137e810c284ace98f1e0bf085b94f19a2fce35e071f83,JPEG,RGB,241,300,[],dataset/train/vanet/197410959.jpg
vanet/197495997.jpg,dataset/train/vanet/197495997.jpg,train,vanet,.jpg,15518,add8ed1ad12c1276e4fe79ef87d97c21f65465f8eb9a9f77587c2f4f9cb3b764,a2e20e8b863f13f935dd9853a0dd5ed66a53dd49b91445d2c766707669ab805d,JPEG,RGB,255,311,[],dataset/train/vanet/197495997.jpg
vanet/197551635.jpg,dataset/train/vanet/197551635.jpg,train,vanet,.jpg,5540,27b703b59d91808d07c25205c01f48110836bf3032e3e878fd4981c054f9fe4d,8b9a5b126f233bc49ea8742f5d6c8ed6d04d3e96daf9cbe24458969b3854382e,JPEG,RGB,268,215,[],dataset/train/vanet/197551635.jpg
vanet/197560785.jpg,dataset/train/vanet/197560785.jpg,train,vanet,.jpg,14027,bd6928a0ab64c89d82161e699bce2a332879c4ae69b2fdfc5ac5a5e1ef2b0f6a,816bdbd47f05eca63560298ede4e0c14f8c55b5597005a125ee3b0acb6411b1b,JPEG,RGB,272,277,[],dataset/train/vanet/197560785.jpg
vanet/197642949.jpg,dataset/train/vanet/197642949.jpg,train,vanet,.jpg,15308,49c8e33e76ffde1538d35ecd1eb2dd501b90de056d13f289731e88d9a7161c3b,acc8d3c5bed7a25a45ed4ea41983cbfc257a87ce2d3df4ed98830113edab4617,JPEG,RGB,295,227,[],dataset/train/vanet/197642949.jpg
vanet/197678284.jpg,dataset/train/vanet/197678284.jpg,train,vanet,.jpg,13855,072d4cc4b91ac0bc753464dd41e9ef8a645cff02d5af7748d24ff90760c0f7d8,32b37629d4d2a8f10da4b6cc25c2899c6aec6f0e6ac1372ec693b814e1635f10,JPEG,RGB,239,328,[],dataset/train/vanet/197678284.jpg
vanet/197702697.jpg,dataset/train/vanet/197702697.jpg,train,vanet,.jpg,7491,e150e37e3ca3d07acb520212a78529d6451d20b1cd24abfdc1f27feb57d60307,a6839963245d31205b52b98cf35727d190b631bc10d3b9a09e5184b8a71a3b94,JPEG,RGB,280,228,[],dataset/train/vanet/197702697.jpg
vanet/197762795.jpg,dataset/train/vanet/197762795.jpg,train,vanet,.jpg,9782,fc529d22e97082431ef9aea047abaf0a7c5aff5a01a7a2e9842563b2e373335b,a10ddb08e67a5e29ddc4175b50721f0a16df10cd648f9e6eab9cf86188e2f72f,JPEG,RGB,248,244,[],dataset/train/vanet/197762795.jpg
vanet/197838737.jpg,dataset/train/vanet/197838737.jpg,train,vanet,.jpg,10177,5bb9299c4b68470d8aca40391a4880fc2e500c6fb64db16b2efd5b3e1cad66a6,eca523d08317d36c988786bf1ee12f099e5bece4afd6940a984565e0acfa79b0,JPEG,RGB,236,273,[],dataset/train/vanet/197838737.jpg
vanet/197852665.jpg,dataset/train/vanet/197852665.jpg,train,vanet,.jpg,15588,d70124a6f3f3b8f5c5b03320a42cc0dfabef8a3ab89b31022ad98d6323ee0652,e33ccaa8ac406b7190a84a85219a435bd4a719e6386b00d54af2b8b289fb8b8a,JPEG,RGB,281,320,[],dataset/train/vanet/197852665.jpg
vanet/197880860.jpg,dataset/train/vanet/197880860.jpg,train,vanet,.jpg,14905,e8a5fb0403edbd4b117bdcc48b06432ba59dd06e8c2ad6ed56a90f38d37821b8,551743525550a85aef4069fb2d1cdbeb1b40f08ef3b815e2bd4ba9bfac1b4dcd,JPEG,RGB,284,319,[],dataset/train/vanet/197880860.jpg
vanet/197959333.jpg,dataset/train/vanet/197959333.jpg,train,vanet,.jpg,18802,d39e747a8f99835bf515ef305e601776960d98be6966a5b1d2e57dd184e37bb4,d26f4621902f976ae510b5e2f23248944f3740ae2d7396e64868f12ad87c5310,JPEG,RGB,321,313,[],dataset/train/vanet/197959333.jpg
vanet/198055205.jpg,dataset/train/vanet/198055205.jpg,train,vanet,.jpg,11904,8f3d1bf6996765dd638f923291e154ef7f847b727b7f5b66eaaa495b12ad8ee6,2c2087fb328d8a5cdbf6c6d7fcf7b33782711e354aa0034b6b4907d341f5b447,JPEG,RGB,261,276,[],dataset/train/vanet/198055205.jpg
vanet/198195169.jpg,dataset/train/vanet/198195169.jpg,train,vanet,.jpg,17846,1e9ab17768c7f797b940f8a844bd1b6df1e72ce22686a4d7c54e0cafedee409b,e99cad5a09f770ce808cd59384c2fdd95e4e718758c1a16fefeecae20dfc3408,JPEG,RGB,309,310,[],dataset/train/vanet/198195169.jpg
vanet/198251219.jpg,dataset/train/vanet/198251219.jpg,train,vanet,.jpg,19779,ac41098ab6d5cffaa82d486199110f0910efd19a9a768ec9f9e7196ca2a1182e,474a4b43bfcb2b4fe185e93b8690f6b24be5f3bfa0877d4eafe7d040b3545b79,JPEG,RGB,300,336,[],dataset/train/vanet/198251219.jpg
vanet/198363928.jpg,dataset/train/vanet/198363928.jpg,train,vanet,.jpg,15291,2a8be4634508f603e36f0f91662d7ff84f4617611e77846f9991e658fc22558f,9feca13828d78b9ebcef1a1190abbfb67a4c31bae4b1742610c0030dd4a3f840,JPEG,RGB,314,303,[],dataset/train/vanet/198363928.jpg
vanet/198415918.jpg,dataset/train/vanet/198415918.jpg,train,vanet,.jpg,8466,1f99eb98850ff00cd147423f44b74ec184cf4a74ab2ec2d2d3a4a5b422045e4b,ce1482c10527233c082dcb6276b5d6880e7b186c0169d68cc8fdd55e94c22178,JPEG,RGB,211,208,[],dataset/train/vanet/198415918.jpg
vanet/198488181.jpg,dataset/train/vanet/198488181.jpg,train,vanet,.jpg,18476,a8b22ece9c0e14fb7b61955c70c63f118bf3be83059aa5fe0713a8d9792951b8,7073d1deebb395431233a2568d90c452a2b732df29bbede71232a821b1e0ea10,JPEG,RGB,377,348,[],dataset/train/vanet/198488181.jpg
vanet/198504276.jpg,dataset/train/vanet/198504276.jpg,train,vanet,.jpg,13842,4ba3bb16f42fce5f6b0d939e58be5738af1606ae19380e5b9f4f4581a5828d2c,b663eaa0ac07a6604afc5ed840d0bd920594d8e251a3ee61f8bd9f6982b1abf0,JPEG,RGB,253,316,[],dataset/train/vanet/198504276.jpg
vanet/198521244.jpg,dataset/train/vanet/198521244.jpg,train,vanet,.jpg,11494,ed70f14acce803c8820313ed363eccd438c2c09007798fd3bc4858c08031c7d9,45713be541cc7a7a20f7af7a778a2bde3ca6c919382e07dae120c7054350bf91,JPEG,RGB,285,327,[],dataset/train/vanet/198521244.jpg
vanet/198628181.jpg,dataset/train/vanet/198628181.jpg,train,vanet,.jpg,14044,7315980a1abeaa6fd8946c9fd025fd8d3fd8de051e85204aa99e2b3900bb162b,ac0cd2840b73a34aeafb88f238ec4c6ee8133bec0434f4de8336c14de1a5465d,JPEG,RGB,312,263,[],dataset/train/vanet/198628181.jpg
vanet/198661396.jpg,dataset/train/vanet/198661396.jpg,train,vanet,.jpg,13001,10bbbac5056ec48712c7b65ec6aaf4294d03580f03743512e528ee708b4ee8a5,ef8211a36bad1f3cdd569469df0d311c45e8e311c13bb5ac04e22db79f8859ef,JPEG,RGB,283,257,[],dataset/train/vanet/198661396.jpg
vanet/198879422.jpg,dataset/train/vanet/198879422.jpg,train,vanet,.jpg,16403,8ba5629a37d76cdd18fcefd7527553af90ba22477ace0628e227cab53d9c91d6,6155447add2186e28e8493ee8413e18453a10b981246eddb76083c5e993becfc,JPEG,RGB,280,261,[],dataset/train/vanet/198879422.jpg
vanet/199401055.jpg,dataset/train/vanet/199401055.jpg,train,vanet,.jpg,11835,d5870cc72a63f0513e96827c7bb246759a4533bc8d1e6b038a1b6ec5e868c5ca,1be23c9fc7a95c26b4248f9b59abfb3e2a2b68e919aa85936d30798b3c77d588,JPEG,RGB,283,312,[],dataset/train/vanet/199401055.jpg
vanet/199411077.jpg,dataset/train/vanet/199411077.jpg,train,vanet,.jpg,15512,dd3c89ba14a133c5f7155c432b27b7ed8945e3085135c5705e0e5b8508707ca9,6bbe48e0977a2f6d2d484f968d2da87cae5117a833171c796c3578fbac264695,JPEG,RGB,265,258,[],dataset/train/vanet/199411077.jpg
vanet/199759650.jpg,dataset/train/vanet/199759650.jpg,train,vanet,.jpg,18991,b1aea2e543ec955447d27deb822887a58f1dfafe7aa966e2dbdaa1b94eb418cc,20485f25bf3439338e6161d8d93216e350b845b5eff91238b97b94ec08634f71,JPEG,RGB,289,338,[],dataset/train/vanet/199759650.jpg
vanet/200024004.jpg,dataset/train/vanet/200024004.jpg,train,vanet,.jpg,13769,653f4222059c9f51cfda8b9bd72be876660b213d22cd28fa430b61ad4dd6dd25,1a0adb657420d11b50e9d208358f24ae2681722fadc78dfbe3ddbf02cfb7352f,JPEG,RGB,259,286,[],dataset/train/vanet/200024004.jpg
vanet/200533750.jpg,dataset/train/vanet/200533750.jpg,train,vanet,.jpg,19005,0ea7fefa96467c2e59809c8d4cae80987b86e987660821787e46158bbd5b38b4,037053afe5925dbe7c1c10791e482cd858dc65bbc7f156dbb8d0b77a421fb598,JPEG,RGB,290,357,[],dataset/train/vanet/200533750.jpg
vanet/200792774.jpg,dataset/train/vanet/200792774.jpg,train,vanet,.jpg,20532,cd67a268e3be1ae75e491b8c7722759fd66b3d8c8c645f17ee74acd2cdbc651b,57c59be6d81389a07fa5c0c7afa52f43d0e892e0a9807e9a96679b4b6ad01d4a,JPEG,RGB,296,331,[],dataset/train/vanet/200792774.jpg
vanet/200802999.jpg,dataset/train/vanet/200802999.jpg,train,vanet,.jpg,20159,f149b1a4494e497787f111e84a9424507574517db1e23e58356f1fe0c79e826f,48ddc1aeab4d0cd5832d90d82a02661cc153d0b41e59a2a390611d20927afdbc,JPEG,RGB,300,360,[],dataset/train/vanet/200802999.jpg
vanet/200823882.jpg,dataset/train/vanet/200823882.jpg,train,vanet,.jpg,16575,4c857fb029f4ff8b6f0e1abb53fb5d26d40f0f3c09e0cf5aaf62a6dae7a2ff72,132a7c799f444382c3fd14537f365ea3e18534c8282945455c60e4ae258f89ab,JPEG,RGB,303,331,[],dataset/train/vanet/200823882.jpg
vanet/201094953.jpg,dataset/train/vanet/201094953.jpg,train,vanet,.jpg,18076,bb25ff7d77f7456698194eb58265758724925690ccb2307123930333d7eb3b67,962ffaac192967f92c604889b5533fefae450f8f452666c9ef4f6d182c6717b2,JPEG,RGB,290,278,[],dataset/train/vanet/201094953.jpg
vanet/201652374.jpg,dataset/train/vanet/201652374.jpg,train,vanet,.jpg,17838,ab8346c48ff4329623599ef3b41e4e5651a5859c2fe114ed1d632baac0a86909,2a9dc934ed512c3bd2538ecd31cd14d62677c9c52767648adda5613cba6e1ce3,JPEG,RGB,252,328,[],dataset/train/vanet/201652374.jpg
vanet/201998076.jpg,dataset/train/vanet/201998076.jpg,train,vanet,.jpg,15526,e3eb53dbebe8ea5db5e2d8f63c157842fed5c6e2e3b7cbff2955659f4ec89c61,69ea4f8693211714e1eb6975810b3847fd9abc606458fcd9807bc9ead50f1cc7,JPEG,RGB,306,321,[],dataset/train/vanet/201998076.jpg
vanet/202667629.jpg,dataset/train/vanet/202667629.jpg,train,vanet,.jpg,20336,f1de3a09e472b59774cb17c9ca4e4611346a4e0d47b161a8a6f82dca423dedc5,9a7db696bb2b658dd000197c4e81e772f6eea332fb81d94abd0cd62ed0ecde75,JPEG,RGB,316,322,[],dataset/train/vanet/202667629.jpg
vanet/202856843.jpg,dataset/train/vanet/202856843.jpg,train,vanet,.jpg,14637,3ebe54cae8904c600cb6991ad1bab0ce37937cb141718a7c15453e6a014c2ddc,2824211334b5d3eb790f81521f7cc37238278bdec929563791afc0ac386b7c54,JPEG,RGB,246,293,[],dataset/train/vanet/202856843.jpg
vanet/203270338.jpg,dataset/train/vanet/203270338.jpg,train,vanet,.jpg,14593,9d4d2ec0644e0942a494e2779ae0653d58b192e23feec4f97688a9da9afbd3c7,d562178120b1809d9988f671be48959ae5f3a237d49e15a098f0b4eb9b6705f2,JPEG,RGB,277,287,[],dataset/train/vanet/203270338.jpg
vanet/203362157.jpg,dataset/train/vanet/203362157.jpg,train,vanet,.jpg,13129,64d5649ec732cef3936b0bca641dc62afef0fb9e83a9dc5a67e3ef965b035441,e8c0387478feda0411bd7c6f63b4dde793686ea2fb488bfd9a8f528e040ad5bf,JPEG,RGB,232,287,[],dataset/train/vanet/203362157.jpg
vanet/203454250.jpg,dataset/train/vanet/203454250.jpg,train,vanet,.jpg,15248,c334fd828446e5380e69d313e9dab7a9afe80480bd11a75ac2bb54a72cc6b6ca,925951ea8bb683e6840f986bd31fc072f6838ac0e2511835b43f6e8953ebc6c4,JPEG,RGB,247,316,[],dataset/train/vanet/203454250.jpg
vanet/203938980.jpg,dataset/train/vanet/203938980.jpg,train,vanet,.jpg,17795,72a2ad2ea7ca11aeb4b880c128ac3f8e1e325c61873dd87fd66872dfe06c15bd,250d5c5e633a6f2850856c15ae8feaaf9b4c974ae6e3f1147ae337bf3f64b574,JPEG,RGB,294,328,[],dataset/train/vanet/203938980.jpg
vanet/204405545.jpg,dataset/train/vanet/204405545.jpg,train,vanet,.jpg,16512,3e19d4013e7734d0b4cd7d777012d6181c44842c87dc21d896c2f8bcfcfac935,1eecd1cfbf2166a864e204f7fbfd0163296bf6372278e7ba84464a5b1207aee8,JPEG,RGB,279,322,[],dataset/train/vanet/204405545.jpg
vanet/204859983.jpg,dataset/train/vanet/204859983.jpg,train,vanet,.jpg,17675,b1b518d922798910b6d15af7778812a6baad138497fcb8795fd54904a34610ef,914d1ce68620a44c55aa9b596c2fc99ce228b53f60d1caca5cbeab2f9b2e3ff6,JPEG,RGB,295,329,[],dataset/train/vanet/204859983.jpg
vanet/205262878.jpg,dataset/train/vanet/205262878.jpg,train,vanet,.jpg,11209,d53197b3bfcba7706dfed0cc895682a077933c2e8a886f194046bc8a8bec9424,35b269dad613a1557de9576185a2ed28356a0b0f9d36ee9b7631ad0e3dec1632,JPEG,RGB,269,232,[],dataset/train/vanet/205262878.jpg
vanet/205492654.jpg,dataset/train/vanet/205492654.jpg,train,vanet,.jpg,10957,548fab097e3f6f112f6d5bb701729880b1f5da948a15cc1199482dda7419e811,6a08bb1fe1917688d4494b6554ae249f6a8339e84095d4d308adbf6baddb9f33,JPEG,RGB,229,213,[],dataset/train/vanet/205492654.jpg
vanet/205788026.jpg,dataset/train/vanet/205788026.jpg,train,vanet,.jpg,9969,176b5d67653db5dfee1d1b47c84a3f1ed129f0ed8006e41b94ee1dd43004a585,13fec19ecc4d3ba97a51d5a055e23ea26f4455422bf1c1b6b161bc9c0ec18c50,JPEG,RGB,215,276,[],dataset/train/vanet/205788026.jpg
vanet/205896670.jpg,dataset/train/vanet/205896670.jpg,train,vanet,.jpg,8532,8b24b13efd5571e50490658f2b22c949eac27bc8a21e646595bf0d5aca64b80f,d95485313342c1cecc7d364c63e26a330f664d647e30b4c93af8d30111ec540e,JPEG,RGB,252,303,[],dataset/train/vanet/205896670.jpg
vanet/206000639.jpg,dataset/train/vanet/206000639.jpg,train,vanet,.jpg,20034,6952689858f41f740936bfda715e9f1262ba331d8677699e67c587e9a8fc7e68,715bbc342e086968dcb804bc4737c2b2487ea9bf64f45d6888a65fe35ec1ebb5,JPEG,RGB,322,361,[],dataset/train/vanet/206000639.jpg
vanet/206095693.jpg,dataset/train/vanet/206095693.jpg,train,vanet,.jpg,21135,a4acfaea0ded386cf50fc5a533592a962d400ac6dea71335a93d1e8b56d07c9a,4d03d1792ca1ae6f91d2115aed09fc674574af43babae1e86600c4eb634f8c9f,JPEG,RGB,356,310,[],dataset/train/vanet/206095693.jpg
vanet/206133475.jpg,dataset/train/vanet/206133475.jpg,train,vanet,.jpg,15154,f4627a56b664b42810664b98dacc638efbe4c280e8cebdf2ed887074bbfcf3b1,5f272826a4eda492f56c3450c8382666ae97c91a96724ef18f5add4e845b1d88,JPEG,RGB,291,263,[],dataset/train/vanet/206133475.jpg
vanet/206134330.jpg,dataset/train/vanet/206134330.jpg,train,vanet,.jpg,21388,7642ed12b9872360448d336e735696cb01faeede8fdebda40b82173ef70d8949,ce5b413da6c64f120456e7ece6fd51412f51b0478b6481b8eadbae0156f996e8,JPEG,RGB,285,372,[],dataset/train/vanet/206134330.jpg
vanet/206157146.jpg,dataset/train/vanet/206157146.jpg,train,vanet,.jpg,13682,b200ef2f2d31b46ce94dd924f449795abb4ae42b41660a13878ffe3ad96aa702,5800e2a621dafd21b1361342693d9e4067bb5d86ae1277c618960cfe294b8fa8,JPEG,RGB,247,315,[],dataset/train/vanet/206157146.jpg
vanet/206357127.jpg,dataset/train/vanet/206357127.jpg,train,vanet,.jpg,10964,84bb065f91a7a3222a1fc0bbe021f40916ce1689541fcb545654deb64b2f4a44,8024827ea742c8e837721879a25f1174a64862afb99a695c8e93c13e623799f2,JPEG,RGB,231,310,[],dataset/train/vanet/206357127.jpg
vanet/207057519.jpg,dataset/train/vanet/207057519.jpg,train,vanet,.jpg,18009,c5e590221aa719c518ef41458c3484e3a22570281326a4f78bb41516ee99036e,b815da6b6f4ecf4bdb5822400cee07f3bd9fbcf0670c60cbb5ee32fc5d4cf2de,JPEG,RGB,253,309,[],dataset/train/vanet/207057519.jpg
vanet/207074343.jpg,dataset/train/vanet/207074343.jpg,train,vanet,.jpg,13005,3ad89e08733ebd1ed11b7a08a48aded0a603def9fbd229a56d8ca8c9856ea0a9,e3e0f72bc2ef998318461b8b6a86dd8547406cb3d7848d25372fb663541fcd79,JPEG,RGB,213,247,[],dataset/train/vanet/207074343.jpg
vanet/207078479.jpg,dataset/train/vanet/207078479.jpg,train,vanet,.jpg,10940,39a9f9844fffcdeb297dd9911b7b868230d54800c90442773cace0157acb88c5,79f05643355a77ba3737b8dcd067cce0a8b46c6f5aef54a10a557c5853b7b564,JPEG,RGB,227,280,[],dataset/train/vanet/207078479.jpg
vanet/207089258.jpg,dataset/train/vanet/207089258.jpg,train,vanet,.jpg,8014,41db7492a28a3dc4dff4df7a2bbe026f9c9ebff568ffa3abb17e13e4ce2f9b18,c4c49b3b0d125f4e0b98c07055a8f612d9553a96a011f46fda1322a9ec6fc194,JPEG,RGB,206,221,[],dataset/train/vanet/207089258.jpg
vanet/207200870.jpg,dataset/train/vanet/207200870.jpg,train,vanet,.jpg,15758,b4d5050202369eb522d960feb03a6b11321b4122e63db7e15b2692209a7ab2dd,7835181e6b10bd821fc77ad3cc460c8e36b156b33bc18e5bf2e78dfe579c0b03,JPEG,RGB,256,343,[],dataset/train/vanet/207200870.jpg
vanet/207379908.jpg,dataset/train/vanet/207379908.jpg,train,vanet,.jpg,17054,f763dc5d5723440033bedbcf358b9b50b9e8f51fa78c6020809fd837e2bd55e9,a97cfd7f6313bfc9e2f9c054298bc66018d4354547443ed5983c9b9e9dd8167e,JPEG,RGB,262,327,[],dataset/train/vanet/207379908.jpg
vanet/207412597.jpg,dataset/train/vanet/207412597.jpg,train,vanet,.jpg,13876,f1d2359733bfcf659eb74f25771efc01aa1957bca7e33d5b551f67e92681a679,6f98dbcb530f507053c180a7c39e62020974092bd83b1845d25fbe3fea53f784,JPEG,RGB,243,321,[],dataset/train/vanet/207412597.jpg
vanet/207588795.jpg,dataset/train/vanet/207588795.jpg,train,vanet,.jpg,13976,5c8c91791f617904e60d91374f22b3eda856877adee710062b4b9b243c777561,46915b4691f19423ed6931483a136183351042aabebe17cbff661788a382546c,JPEG,RGB,258,328,[],dataset/train/vanet/207588795.jpg
vanet/207595119.jpg,dataset/train/vanet/207595119.jpg,train,vanet,.jpg,15600,c66d7f36d5083faf86f3a6b0f383265a5f5547075c2a4bb422fad37976709e3d,93b88fe53dc3ffa9f00109e22df418564067a8433a5145453e612aad567d9010,JPEG,RGB,273,284,[],dataset/train/vanet/207595119.jpg
vanet/207758538.jpg,dataset/train/vanet/207758538.jpg,train,vanet,.jpg,10867,1b8d22a09084a9bcd3b8d8f3d78194e957720a61e01c0ce116526dc6a67e4878,55264b7676557ba21b238ac15761c8103661ad0a5efbb8aba84de29a49fadfbf,JPEG,RGB,248,300,[],dataset/train/vanet/207758538.jpg
vanet/207772050.jpg,dataset/train/vanet/207772050.jpg,train,vanet,.jpg,12119,68618ba002bea4c3a2038c8aec46e28556daf02cefac32df685ee69367c94634,605819c62561d67c32c309a65bec0fbfbfc922c4f53642e61e5531812fa6460a,JPEG,RGB,242,298,[],dataset/train/vanet/207772050.jpg
vanet/207803201.jpg,dataset/train/vanet/207803201.jpg,train,vanet,.jpg,8740,fbfbed506198dd88e2a65887517c4cb66104f33064db3068e9ddae7b2a4bcfe8,40e8d9ea943ecdcb10ff4581fa5b65c4e14b3e24b315dcfa0045c40527d95591,JPEG,RGB,261,308,[],dataset/train/vanet/207803201.jpg
vanet/207849483.jpg,dataset/train/vanet/207849483.jpg,train,vanet,.jpg,13322,28b30eb6fbd80e6f07f1de50bc41ee6847cadc1d424c7c11ec33150904be692f,f746881c10550f2a5ecc286131d3e88d954579e9dcc977d7c690f74781341fc8,JPEG,RGB,229,285,[],dataset/train/vanet/207849483.jpg
vanet/207850008.jpg,dataset/train/vanet/207850008.jpg,train,vanet,.jpg,15262,c3e2513d808fc1e092202418a43ae3cbd6917f024c713d66d83d1aea5c93bf21,26e7ff224be43784f038f85a17dcaa6eaadf85d94362b29bac4b0d917218515c,JPEG,RGB,244,369,[],dataset/train/vanet/207850008.jpg
vanet/207857872.jpg,dataset/train/vanet/207857872.jpg,train,vanet,.jpg,14134,cd5c342c7acfb4aab020e85063709f56598be82b535757236b56199ebb007846,3a6552002a6d229773d5884362a615e0d05ba256c6bd79f506a9d630ace0bde0,JPEG,RGB,263,311,[],dataset/train/vanet/207857872.jpg
vanet/207864719.jpg,dataset/train/vanet/207864719.jpg,train,vanet,.jpg,15303,44ee22fdf37693d3959723f4d26437758d5496e289c5374a40a4c3f5de5a4033,eda065137d441484bf4f85582c9e1477bcbc0725a67ac2045ece2027d2e33f1a,JPEG,RGB,252,320,[],dataset/train/vanet/207864719.jpg
vanet/208014246.jpg,dataset/train/vanet/208014246.jpg,train,vanet,.jpg,17924,782a72f8766d73f5d3cd5a2442d0007bc376dc668e1adb580a4ce0697cb97fcf,275e7eb95c662ab193927ce62c0989cfc19d465a5441cd7c22550a931ffef37c,JPEG,RGB,245,321,[],dataset/train/vanet/208014246.jpg
vanet/208195180.jpg,dataset/train/vanet/208195180.jpg,train,vanet,.jpg,15217,88dc03d36ce95fdc3135530ee41ba264c4c7277da2367e9687e5c9ba6c1087ad,659888a4c7242882a7314cd640ee5690ebb3d2606517b5b9fd0ee56c791295dd,JPEG,RGB,237,328,[],dataset/train/vanet/208195180.jpg
vanet/208237798.jpg,dataset/train/vanet/208237798.jpg,train,vanet,.jpg,10657,54e6de71b2e1474704570068ec67a8c5d26986db103cede5f59dff6b005e10ac,26491396169b088d785d1ac7b8c34f7415843291843bfb49aaccfe0a5bd81214,JPEG,RGB,254,209,[],dataset/train/vanet/208237798.jpg
vanet/208328663.jpg,dataset/train/vanet/208328663.jpg,train,vanet,.jpg,14745,62c1f3b1f225aa6b5297130e078114bd5fb9695bbacd5def286096f4a1ee352d,48a0a3122f5eea400af86958a91d07aefb1fe0f2daaa595107eaa7b629edcc35,JPEG,RGB,250,315,[],dataset/train/vanet/208328663.jpg
vanet/208431179.jpg,dataset/train/vanet/208431179.jpg,train,vanet,.jpg,17707,bd3ebaffd41a362453fed6dee11f984d571d800dc54b5ee058b60d8bd432d83e,0eb9beaca7adf91e5d1f8f399e388b443b9134f26d8328c87bffd025428d5a0b,JPEG,RGB,241,332,[],dataset/train/vanet/208431179.jpg
vanet/208570612.jpg,dataset/train/vanet/208570612.jpg,train,vanet,.jpg,7440,43797013da31a419b329fdb3009f14972c51689adc00a6d2208f060ee95f4a59,1b2b3eabe0bf7d148a5e68ad0db1402c0e7319d013345ccfc6c7f0422822a4eb,JPEG,RGB,241,301,[],dataset/train/vanet/208570612.jpg
vanet/208582339.jpg,dataset/train/vanet/208582339.jpg,train,vanet,.jpg,12629,934cd63453c3339039db282bf6392a7145d3ed1256567fef0f0d72a7a0be85d6,f7286b1a1193182580ee907e1799a3c23ac4788493b2fd7324639fc027d6324d,JPEG,RGB,237,306,[],dataset/train/vanet/208582339.jpg
vanet/208586813.jpg,dataset/train/vanet/208586813.jpg,train,vanet,.jpg,15131,c31ee179e31305623f3ab7514f89879ef4f93f1b0585edde13eb0bc025af31cf,89d62234225f8a76e0078f5f2bab5a3ae922667bfbf215510dbbc7f958171ae7,JPEG,RGB,242,317,[],dataset/train/vanet/208586813.jpg
vanet/208671162.jpg,dataset/train/vanet/208671162.jpg,train,vanet,.jpg,15229,fbfd99da79c525e8432c03ac66c5999cc676f586daca421e1766290f74de03f7,65dc06888428f48b10a17f19ed8162d4a0901739a6b583f46cd31d763236a9fd,JPEG,RGB,268,320,[],dataset/train/vanet/208671162.jpg
vanet/208678784.jpg,dataset/train/vanet/208678784.jpg,train,vanet,.jpg,25318,bc70863b87128c9c675549e752640870a751b85d0c23dc4297dbdd8472b78e4d,de06d62354e733c974f54feb9b4505740a5b18f7d487098f2422c3915b60e097,JPEG,RGB,297,374,[],dataset/train/vanet/208678784.jpg
vanet/208758342.jpg,dataset/train/vanet/208758342.jpg,train,vanet,.jpg,9731,324501cf504b9f5a63f23c0aad3a3c2d579de80c89aa95588bab710f0042c5ea,95221183d6db7322fa270a88eeaae15434b213d4bb5f3fde3e58ba0170ec5599,JPEG,RGB,258,331,[],dataset/train/vanet/208758342.jpg
vanet/209233623.jpg,dataset/train/vanet/209233623.jpg,train,vanet,.jpg,7876,399995e709346b2c8219b3bef2f0d42e1c575fc0bda7b4560631a829269e5cca,94d6d190aab645b216c6f5d0e32dbba0fa913c6ad26d7fce77f92d0459a2ee54,JPEG,RGB,257,315,[],dataset/train/vanet/209233623.jpg
vanet/209303406.jpg,dataset/train/vanet/209303406.jpg,train,vanet,.jpg,13293,7857a4177741a02d33c0233b2582f9a644ebf06f9535c70d93dabe19edb88831,daa1c6192299a16a1eb2b7a4dc67e659615920994cc6636f48fef56febfce4d9,JPEG,RGB,190,276,[],dataset/train/vanet/209303406.jpg
vanet/209780947.jpg,dataset/train/vanet/209780947.jpg,train,vanet,.jpg,6271,858af96cbf5274de446f31565fb889f32927f94c6b8a9bfb57ca3aeb9d590bc4,01b2e83189572ebfec3a1e0f646155189d56c2d3db9f4a39bc19129904e7d92c,JPEG,RGB,150,192,[],dataset/train/vanet/209780947.jpg
vanet/209893847.jpg,dataset/train/vanet/209893847.jpg,train,vanet,.jpg,11752,dec57836efab2ed4b08e28babe64e62844b150e70d049be12d7ef0d37d3152a6,174fcb889df36e059c1c6e096c6cc29add7978c530938d6faceef8279a0d746b,JPEG,RGB,210,276,[],dataset/train/vanet/209893847.jpg
vanet/209913836.jpg,dataset/train/vanet/209913836.jpg,train,vanet,.jpg,9321,96cb195848dc2e4a27b2e60a299e1df1a51a4ff8f62f9435822fbf09e5484046,1baa94b16d17f696b84282a025888d579370e4b6f514f287bb6d821bc543a4a4,JPEG,RGB,198,264,[],dataset/train/vanet/209913836.jpg
vanet/209943473.jpg,dataset/train/vanet/209943473.jpg,train,vanet,.jpg,11163,d6c256ce16677e2c73170dc78000a8e3500c357bc2c45dae69b87d2add1386b9,32188bed6273f11e282d5a80a550a1b7f5503a4059919266bc641145a8a0e8d9,JPEG,RGB,177,240,[],dataset/train/vanet/209943473.jpg
vanet/210576543.jpg,dataset/train/vanet/210576543.jpg,train,vanet,.jpg,16735,9b065b811a535c204b87a1b5e31f4f599a0e5cbbe8da4157d943fd9f97239f2b,899253d37e829c0749337ad2271ba2843eb8e2959a3eb729df26f56265281c00,JPEG,RGB,277,312,[],dataset/train/vanet/210576543.jpg
vanet/210603202.jpg,dataset/train/vanet/210603202.jpg,train,vanet,.jpg,9951,bc00f56831119c9fab861dabe762b8d9ec5f561b6bb5d4ffd9ab5889e960092d,fc5ee75cfc128b9c9c140cbafdaba592c87498892f377c08e19b6e7b73b01b1b,JPEG,RGB,207,251,[],dataset/train/vanet/210603202.jpg
vanet/211397697.jpg,dataset/train/vanet/211397697.jpg,train,vanet,.jpg,10550,2fc1de8dedcbb6a5b3b0f40e4b8603ecde106b914670f1d8bfc94aa90a05c23f,506e49df882b9d03c55fa49f6146301901d372e88b512c74cf897d59ddfec0fe,JPEG,RGB,213,242,[],dataset/train/vanet/211397697.jpg
vanet/211681485.jpg,dataset/train/vanet/211681485.jpg,train,vanet,.jpg,11298,961d49c01744dbe7518ba8e79af2d13a93874dfe01fedf038b35f64bf8dbd346,6a6234809c1044de129ffcf07c9584a5298646d5ffc876f15eb267aa568c4cbf,JPEG,RGB,207,261,[],dataset/train/vanet/211681485.jpg
vanet/211683675.jpg,dataset/train/vanet/211683675.jpg,train,vanet,.jpg,11724,66e147845015e34f8c69916927695d2f9c0cd903536d9103d4a145b94868bd5f,479c39c81ba1b88a2beafbae401dfe1cfd443b58ec5b7700bd88c38efea0966f,JPEG,RGB,210,276,[],dataset/train/vanet/211683675.jpg
vanet/211979013.jpg,dataset/train/vanet/211979013.jpg,train,vanet,.jpg,6149,ab24236e52799781cf207e29787d2aa79927ee5aea4206aa9d61c1d9dede7007,1b12c0f18db27577ed00a1b7c880b216eafe4bde46238251a11dae12b813d262,JPEG,RGB,195,264,[],dataset/train/vanet/211979013.jpg
vanet/212107731.jpg,dataset/train/vanet/212107731.jpg,train,vanet,.jpg,9783,16143c1d4707144e3ed99c438d36bde82d2cbeb8cef9c96f8b6db4b90acd3b24,da8ccc1612563c2f6d0b69018146a4585d64868402112c04fa182492e9b3d934,JPEG,RGB,180,228,[],dataset/train/vanet/212107731.jpg
vanet/212131849.jpg,dataset/train/vanet/212131849.jpg,train,vanet,.jpg,5799,4cbf9aaadf2b22f39e43f6e1efa60d752b7cf50bcf8e7838cf729607ae881576,d6d47fcf485328e1de59a1fb2e5b9789da8baf7cfd6209b2d0adc4586013fd20,JPEG,RGB,207,276,[],dataset/train/vanet/212131849.jpg
vanet/212188576.jpg,dataset/train/vanet/212188576.jpg,train,vanet,.jpg,5957,dccb28d03df19b80260cc6ce92e15a71e605c5a099b83ae23c9218fc26750193,f06259e863604aab232234e91be3b01becbcf5692888a5cc074147b4a9e45176,JPEG,RGB,207,265,[],dataset/train/vanet/212188576.jpg
vanet/212199241.jpg,dataset/train/vanet/212199241.jpg,train,vanet,.jpg,6350,d543ac1a485a5b690ce92a3c956779ce6000abe3b52736dca3598f3dd41f19cb,4658ae7433aa39c8d025a5350c6647333b126a0451d0bb1498fa42cca6f8be92,JPEG,RGB,189,240,[],dataset/train/vanet/212199241.jpg
vanet/212205108.jpg,dataset/train/vanet/212205108.jpg,train,vanet,.jpg,10633,3df4e4c1b7602463f0ccd36ebcddb22f1b3536180b01e8bbda8653f90120be87,e50ae1588e49f1449edcc7c39a82124cd7b7e9b222faca62b87bbae874e23857,JPEG,RGB,195,264,[],dataset/train/vanet/212205108.jpg
vanet/212275461.jpg,dataset/train/vanet/212275461.jpg,train,vanet,.jpg,9104,93000c2fd78a56c7c98bffaa7e27f1bf2993d012e998902515f56eaebc1a33ad,85032562f3fd1ea27e4c719e923744fb5a09930c32ba9c0fa8aab8c22d21f7e9,JPEG,RGB,186,240,[],dataset/train/vanet/212275461.jpg
vanet/212400936.jpg,dataset/train/vanet/212400936.jpg,train,vanet,.jpg,4454,94729a1c8c8399de067d44be9ffc5ad0dd59742ea38cde1be5f6e62021907c9c,80d149a253234fdb199fc2bed117ed55a9553066bf625528ed5b2cbc8ba6fe29,JPEG,RGB,177,227,[],dataset/train/vanet/212400936.jpg
vanet/212486564.jpg,dataset/train/vanet/212486564.jpg,train,vanet,.jpg,9795,8e6eb0c7edc945ef6ff11063fe5dc742890a508d25e0b5c1a623d8e20c868dda,cafd49f0af20fdc338f29243b2c23e627d57f2301886415fb14be8a249c6d83c,JPEG,RGB,207,257,[],dataset/train/vanet/212486564.jpg
vanet/212662044.jpg,dataset/train/vanet/212662044.jpg,train,vanet,.jpg,8427,538b01ac64b3f51b96f63e912ebd76befc4940360f1c05c0e92e94b5a0f22084,25562a01b70ace3e39eaef8b9a2f09c209bd3598bb89d17c63fc7eae6052f051,JPEG,RGB,198,264,[],dataset/train/vanet/212662044.jpg
vanet/212916547.jpg,dataset/train/vanet/212916547.jpg,train,vanet,.jpg,9298,aac0e4f553e398d4a8f407a6fb1fe35f179652c19b56b261030ce28a040b2c25,137ee21a68271f9e212773d30d829e381b1b994644e8b0b8ea426c8ad7e6ea0f,JPEG,RGB,180,240,[],dataset/train/vanet/212916547.jpg
vanet/213306634.jpg,dataset/train/vanet/213306634.jpg,train,vanet,.jpg,17069,0afb952128f750b119a0e7dd7f68853e2ceae5f20217cfdd3551d465fff28683,bcb14c11b9fe12e7ddff5f766243909d51a2a4e69d7c69e6136326e0544b78fb,JPEG,RGB,241,326,[],dataset/train/vanet/213306634.jpg
vanet/213349964.jpg,dataset/train/vanet/213349964.jpg,train,vanet,.jpg,10615,a875ee68e0a297bea023b3b3455fa7099f37d8f5009a0359ba0cbc26c9d2a9b3,7ac477aa800d1ebffa4c86eead94c8640cd32bf0488a40b07360e9d4547f14f9,JPEG,RGB,189,241,[],dataset/train/vanet/213349964.jpg
vanet/213393744.jpg,dataset/train/vanet/213393744.jpg,train,vanet,.jpg,4604,386aa0096afc51803e718486d6acf54121652aa285c23e19695ad73a1d31f835,89bff5993cd1ee9de36b9164d7adcc38be7b855f1260f79763906d6c64e59ccc,JPEG,RGB,177,240,[],dataset/train/vanet/213393744.jpg
vanet/213632816.jpg,dataset/train/vanet/213632816.jpg,train,vanet,.jpg,10706,8737807ba6689c5eb111c274e3e5dbd51de45910fcb8411a90aedab3e5f867b1,8697981d38e9790a4db3eb07ffa3b0593977fb4a1e0bf37eddbb436d16e9939d,JPEG,RGB,198,264,[],dataset/train/vanet/213632816.jpg
vanet/213775881.jpg,dataset/train/vanet/213775881.jpg,train,vanet,.jpg,8749,43907cc4f52221c46fd3822aeb0eb644aa870b37f67442d990d1bcb38fdc19f4,36bee0335880507b9327562b78d027c7ad03ce004736ce80fdcaed642b64392d,JPEG,RGB,186,252,[],dataset/train/vanet/213775881.jpg
vanet/213788075.jpg,dataset/train/vanet/213788075.jpg,train,vanet,.jpg,12806,77210ffab38012828036acab0aabf35ab75640d38d6689b059f7f043cac52a27,b184e5be7faf1a2450f7fe24222ebfbe13b80bcf8868c7d40f4ad8f931a11f62,JPEG,RGB,201,264,[],dataset/train/vanet/213788075.jpg
vanet/214020375.jpg,dataset/train/vanet/214020375.jpg,train,vanet,.jpg,11460,481f42fe7639ba6b1a503ad8781409bc789e0ed8adc512b66e6c405bd770a2fe,e0376d9438d1f47cfcad2e1de01773c50b05205975a8efd277d1122ce9af7648,JPEG,RGB,186,252,[],dataset/train/vanet/214020375.jpg
vanet/214500693.jpg,dataset/train/vanet/214500693.jpg,train,vanet,.jpg,9729,31538cb81a4f79cc3c648c3c20ebeae630a7b58869308219551d683b5b3a5bb1,8576ab6d87180a871c4a6bfb9b3853a0ee2ffbf2cf1c8e61a7f8e2f34ac37f52,JPEG,RGB,207,268,[],dataset/train/vanet/214500693.jpg
vanet/214572271.jpg,dataset/train/vanet/214572271.jpg,train,vanet,.jpg,15827,1aed90ed7f2e02b95a086c90292623ce03177ea985447f25aeaa373e8b81302f,ce815506a4f26b4f2aa5e2ea89dc35b425a05e0834e9570b797a9e5798e7f9ad,JPEG,RGB,253,366,[],dataset/train/vanet/214572271.jpg
vanet/214596732.jpg,dataset/train/vanet/214596732.jpg,train,vanet,.jpg,10656,1ed7832e648c8cee63b501c47d9e19ceb4427e1da60f0dd89849e1d2336f4f7c,b8ec2856de70ed64ea41a52a0334b0b1c476b32ba6a0b08a1d54016fca5397ca,JPEG,RGB,210,276,[],dataset/train/vanet/214596732.jpg
vanet/214726285.jpg,dataset/train/vanet/214726285.jpg,train,vanet,.jpg,8099,3c3e5367ca5367ee04f5f2ea83d5112a68ff62258dc96c227508a35128c54507,82e470a14a9b8684a959df277dc93bf69ace49c1dac90818146243152a05aab3,JPEG,RGB,186,252,[],dataset/train/vanet/214726285.jpg
vanet/214782972.jpg,dataset/train/vanet/214782972.jpg,train,vanet,.jpg,6412,99ac71c7c11ba57e66726152b5f8503f2da71d86dc521e1ff7ebd2e58e09af7d,6d6f96234b86be9e08fd78d42b918ff70f3c4fb02c639a4c486dc227c4ab6054,JPEG,RGB,150,204,[],dataset/train/vanet/214782972.jpg
vanet/214785158.jpg,dataset/train/vanet/214785158.jpg,train,vanet,.jpg,10530,1d4b61cd147878e159d306228df6cbac1477275300315ffd98fdda05b2065aee,2f7d3e6dbcd0f084ff0977f27ead55cb50351756fbf773f45e30f82bcb80c92e,JPEG,RGB,177,228,[],dataset/train/vanet/214785158.jpg
vanet/214838660.jpg,dataset/train/vanet/214838660.jpg,train,vanet,.jpg,14537,afbeeeec96e3541c94d27360d59e58823428b89c2129c3803ef2e5d85286fbbb,f6afea6c685c6de2c79319c1657b2a68cc41fe019fc4934528ad4568e04f0a34,JPEG,RGB,256,312,[],dataset/train/vanet/214838660.jpg
vanet/214844236.jpg,dataset/train/vanet/214844236.jpg,train,vanet,.jpg,8607,90916da4f0a7a65ea4c298d2a309b66d426e4a70867c5f3a5258f180c6b7f382,e933e0b8f56759cc83081e916c541ddb3ed512ad9b1643bf713b272b7ce2a9d2,JPEG,RGB,156,204,[],dataset/train/vanet/214844236.jpg
vanet/215055953.jpg,dataset/train/vanet/215055953.jpg,train,vanet,.jpg,10622,b2f8f8f077cde88f60e55a5df8826e4337cf1ab95c4f813bb41185f35dbbd35e,2595a42f29c0eb23c8acd1948a5fa8821efdb302800103a445a76fc8c93b3781,JPEG,RGB,189,240,[],dataset/train/vanet/215055953.jpg
vanet/215607701.jpg,dataset/train/vanet/215607701.jpg,train,vanet,.jpg,9482,ffe511c91b48068eb85d2834d369e3fe440fe1a50d77c2715604eb2163689a23,fde32dc16e4d524c3074a124514f51bb7574d20e9a1ef650a70dfc5e6cb7eaca,JPEG,RGB,189,252,[],dataset/train/vanet/215607701.jpg
vanet/215692075.jpg,dataset/train/vanet/215692075.jpg,train,vanet,.jpg,9119,62285042f9d1a9c16d4405ea9d6048aea2eae877e6508cac4c30016a78cb7a5d,abcaf2d78ca0c3eb5a60c60b605254922a44375b90d6f43507676cd877780acd,JPEG,RGB,180,240,[],dataset/train/vanet/215692075.jpg
vanet/215695188.jpg,dataset/train/vanet/215695188.jpg,train,vanet,.jpg,13142,6fe125d6a6bd4f83d7a2728bf4e28c789cb82c18a5c02bec54a8a75340aeb63a,ab23a1528142415c0eae9ad5a62f3abf398056ce49a22e67d7726f3789a1425d,JPEG,RGB,198,264,[],dataset/train/vanet/215695188.jpg
vanet/215738096.jpg,dataset/train/vanet/215738096.jpg,train,vanet,.jpg,15428,3102b3375f665428cfd5bddb3b63258d0035d71b314ac6f79c6e652cf702a442,ddd2cad9d4afcb17ca71d152e5307efdf296b8463ca79ef06ed584916a94e4b8,JPEG,RGB,251,295,[],dataset/train/vanet/215738096.jpg
vanet/215821681.jpg,dataset/train/vanet/215821681.jpg,train,vanet,.jpg,11361,6a7256c5c4aad9de4148457fcaeb433020bcc272f8de5dd53a22c921955033cf,678a555278c8767e1b9ec93f17ee0033becabfe60dbb00ce3388791f9190061f,JPEG,RGB,189,252,[],dataset/train/vanet/215821681.jpg
vanet/215996114.jpg,dataset/train/vanet/215996114.jpg,train,vanet,.jpg,5514,3e31bcb9cae660f37f6948a9c45b8d27d0fa96b98ce7abb44556e78b037311ce,0c947adeb516e1621e837631a97cc248c13ea36a1787f3896396a37d12f93e24,JPEG,RGB,186,252,[],dataset/train/vanet/215996114.jpg
vanet/216011516.jpg,dataset/train/vanet/216011516.jpg,train,vanet,.jpg,11038,11ca822229adbdee9a39877162a2741ad6faad1f7447d19b61b612fd93cd7f7e,e8178f453372c23a5a6a8dcbb7e7fde80ded0d77c5d7a4892134b577030504a0,JPEG,RGB,180,228,[],dataset/train/vanet/216011516.jpg
vanet/216034128.jpg,dataset/train/vanet/216034128.jpg,train,vanet,.jpg,9654,5ff367829974f118743505fa63bc6ea1873a87776708f73065e73a1077418f95,02e98cbf44a430362156db5944c2a0d74582a7cd400a0be14eb5cac00054658c,JPEG,RGB,186,234,[],dataset/train/vanet/216034128.jpg
vanet/216085337.jpg,dataset/train/vanet/216085337.jpg,train,vanet,.jpg,10828,bc10a91e5df3a5d15c90d028b5fd6aef4dbbb13bee8505317bb0d8ba8dea7dd0,335b61f010698f7e355c2c94a490907d4ed467a954cc9ce987c6dd185b382a73,JPEG,RGB,207,262,[],dataset/train/vanet/216085337.jpg
vanet/216107182.jpg,dataset/train/vanet/216107182.jpg,train,vanet,.jpg,7980,092f9a24cb3e35f526006dad59b60aa34eaa426d6e936ac25bf3f7b71b2ae38e,a6d541f47d415d90a3851db657dcbce19110779a2e8f5f1598019ad7ef778828,JPEG,RGB,156,204,[],dataset/train/vanet/216107182.jpg
vanet/216245889.jpg,dataset/train/vanet/216245889.jpg,train,vanet,.jpg,18455,af1bdddfa7c493c145064f82d48ec72354e74c41b1b29b1e79b1c25d49dc0635,a127d374c7bb2e789a47f296282ceba8e4807f920ff3995f7559333153aefa86,JPEG,RGB,293,327,[],dataset/train/vanet/216245889.jpg
vanet/216279064.jpg,dataset/train/vanet/216279064.jpg,train,vanet,.jpg,10651,afd44902d6a62f2a3d93d4886889bf0bbb2ac5644ab4d2e1d0116bb2278d27ab,bddfa3c6f45d31a88199ade769082c4e34f2828a3efd01433f786b1dccfd4f35,JPEG,RGB,198,264,[],dataset/train/vanet/216279064.jpg
vanet/216352099.jpg,dataset/train/vanet/216352099.jpg,train,vanet,.jpg,6127,cf789610bd7a4c85d7bd84c906042663f014977f84af66b07ade41539b68771b,438aba1cfa3de11277ebef4185dc1bb976c72d5b30841944ba6b1cd500ab8c2a,JPEG,RGB,189,252,[],dataset/train/vanet/216352099.jpg
vanet/216417392.jpg,dataset/train/vanet/216417392.jpg,train,vanet,.jpg,12463,5ee1936ff923333fc1e76b1ec6b7da7a395aa6108a4d55b72c96931728b844b1,9c328c6dc1208b38d76803bb3b27cb0d1ce133bfdd0e3d57dbac712cd7f89154,JPEG,RGB,210,276,[],dataset/train/vanet/216417392.jpg
vanet/216558081.jpg,dataset/train/vanet/216558081.jpg,train,vanet,.jpg,8749,aa906c368ecd69c8e5e922079d84b8b7cc59805a57a29d3ee7a3708412f4346c,16c41ea848f41d0518282552e81775e2481ae54341374d0a7cf643416cadbe56,JPEG,RGB,171,228,[],dataset/train/vanet/216558081.jpg
vanet/216727686.jpg,dataset/train/vanet/216727686.jpg,train,vanet,.jpg,8732,1293abb85afa67e7a907261c826e1a42bfd71fe36b64e03ac0b142adb88e1095,7507ef2e8e2154b6fbf0cc2528d10373b7eaf26d893bebf49996a24c7e4636b9,JPEG,RGB,290,307,[],dataset/train/vanet/216727686.jpg
vanet/216752426.jpg,dataset/train/vanet/216752426.jpg,train,vanet,.jpg,12528,0556330ddebece2c3d388a37304553c1b0f3ce69717ea5ebecee55b3c3f695bf,38c0c90dd7203c1b034391db3f75eae1558f1fa2fc7af2e139fd49a85c07e5f5,JPEG,RGB,207,276,[],dataset/train/vanet/216752426.jpg
vanet/216972735.jpg,dataset/train/vanet/216972735.jpg,train,vanet,.jpg,6357,9622230ae65373c82645be4aff12d36100686b6def9a9af60c67f38930fa4e18,4657e8039ba7057db43588335b3b372982cfadd09915509838155d7e0a6fab4a,JPEG,RGB,135,180,[],dataset/train/vanet/216972735.jpg
vanet/217090683.jpg,dataset/train/vanet/217090683.jpg,train,vanet,.jpg,7569,65c3f1655ac4ea7fa00997c944cce377edcecd4f99b800fb113d0a89d87d5a46,873d25cfca9a146b5b50a34eecb0891e189562ac876ca93a7fded3eb233ee4cd,JPEG,RGB,255,309,[],dataset/train/vanet/217090683.jpg
vanet/217150802.jpg,dataset/train/vanet/217150802.jpg,train,vanet,.jpg,10290,4abc2a165c38cc23dc267d2ad0dbae35cc29aeb578480fd5619a79b00274120e,d42bc9df32d95a4a55872db648111c6271b6cd6f044d49c9e7ab3a6e55a85c1e,JPEG,RGB,210,264,[],dataset/train/vanet/217150802.jpg
vanet/217192410.jpg,dataset/train/vanet/217192410.jpg,train,vanet,.jpg,5310,3565c05b22508b3cc8d0cc0cf886aa2311b7211166c24e88e1d76f3bd6024057,73428819c7a5351e922504f48506781d93adfd45f9fcee8b9e9fdaea25cca47e,JPEG,RGB,177,228,[],dataset/train/vanet/217192410.jpg
vanet/217207555.jpg,dataset/train/vanet/217207555.jpg,train,vanet,.jpg,8001,f1860eb2c0738ed82b401db3173d9aa21c1e5f8bb2b049a985a12634603f7bda,b5dafb4b7ed692d8549e5a7db7782afb8de654c0d7a4cf2e94c40a971fb10c8b,JPEG,RGB,180,240,[],dataset/train/vanet/217207555.jpg
vanet/217551389.jpg,dataset/train/vanet/217551389.jpg,train,vanet,.jpg,11964,9368e05c73d2fb6b9e0ddc59ab6d724f12faa0959c909d3f50c731fe5d0445ed,87f639cceecef3b7256153276a8438b8c243ca5424341ec34d7d1aa13195262a,JPEG,RGB,207,288,[],dataset/train/vanet/217551389.jpg
vanet/217554061.jpg,dataset/train/vanet/217554061.jpg,train,vanet,.jpg,6426,c26510e94860b0deb74eded2395c3b0363d18a193ea8f98844d766d4d401b470,a42e00c075054d9b6e73f914cca18410e00f027ce6816c8bd0673b42f1a85b0c,JPEG,RGB,207,276,[],dataset/train/vanet/217554061.jpg
vanet/217558673.jpg,dataset/train/vanet/217558673.jpg,train,vanet,.jpg,9920,0cf0afed40e37de1a10032045264dc67f13310767bd2b5f39bd2a6d711254864,c9e86c808b3d39c57f280ca8e22d6df2f3cb757f19f38cf05bdd63fa2b421136,JPEG,RGB,189,240,[],dataset/train/vanet/217558673.jpg
vanet/217624535.jpg,dataset/train/vanet/217624535.jpg,train,vanet,.jpg,5325,ad06114f4adcd43c6f381d3e47c8d0280cccfb1f6271634d846ee1686e5ecb94,4f0a11e30f4c0ff3864d62f68a4e383a1d29386789cbbd6aaa8b56c023c072f5,JPEG,RGB,198,243,[],dataset/train/vanet/217624535.jpg
vanet/217670439.jpg,dataset/train/vanet/217670439.jpg,train,vanet,.jpg,12138,32778c3c9bfe7e8293282877d73e292e5363d18b3a0ad126c370e73ebf319a36,3fe8ddb7f8f687b8b71cd86cd034f362237d24440a4e269697af7b8d015e40a0,JPEG,RGB,207,265,[],dataset/train/vanet/217670439.jpg
vanet/217698430.jpg,dataset/train/vanet/217698430.jpg,train,vanet,.jpg,16439,03dd0a834d9a9297eaa7f2ac534aef96af1b5b049316941f51dec49f0d3af204,d0d439e38498f50d6f1f0d4cd352b7733ee594f764a4d6d7dc92d44227564b7b,JPEG,RGB,285,319,[],dataset/train/vanet/217698430.jpg
vanet/217784730.jpg,dataset/train/vanet/217784730.jpg,train,vanet,.jpg,11543,7d472bf52667c0f65dd2a52475fd5392c11d799cc2408194b245aa347d6dc743,ee59967f9f65d4b5196ef10d864b850d1baa954ca5a6de091d6c6ef7262e158a,JPEG,RGB,186,252,[],dataset/train/vanet/217784730.jpg
vanet/217951013.jpg,dataset/train/vanet/217951013.jpg,train,vanet,.jpg,6094,e1c64f0749633c6abfafd904ba848f451c20ba8d64e3278e674f123831110d57,f64e12a714819c812851756f3865e10ff87f99fd8416bdb0cad473f751006e6a,JPEG,RGB,177,240,[],dataset/train/vanet/217951013.jpg
vanet/217970196.jpg,dataset/train/vanet/217970196.jpg,train,vanet,.jpg,9189,b888f9fd28d67577a7c603fd5edebee4f679067df663b63498a952784ea08135,947005ec85b9d8c39b45fce7d50d59e4758b503fac0373ef87652c92c8e84ad7,JPEG,RGB,210,232,[],dataset/train/vanet/217970196.jpg
vanet/217977559.jpg,dataset/train/vanet/217977559.jpg,train,vanet,.jpg,9228,40f6d11205b0dea63befdf401d8968963548a5f1489e5d0c028e63d5d0360283,e182a59ef18bc43acacd4b65640539bdeeebfd754a996331dbeda646e642452e,JPEG,RGB,177,228,[],dataset/train/vanet/217977559.jpg
vanet/217990722.jpg,dataset/train/vanet/217990722.jpg,train,vanet,.jpg,30637,c3f8729ce2f3a80bc875bb2db71e564e5763bdbf417968c236b599e10cc6a494,da2061df853f10a187416f290f9c0ceed971353abdb6d0d62ea5d2d5b8ed9b23,JPEG,RGB,476,938,[],dataset/train/vanet/217990722.jpg
vanet/218059558.jpg,dataset/train/vanet/218059558.jpg,train,vanet,.jpg,12280,013dc115d8f70535cd381fb12ba9e02123726b161ea5a24eeb0dfea0ebf67f8a,b14e3cabe69d8c156b433418e2f46c003c49bc36c61584b2cc29c5cfa024f335,JPEG,RGB,195,264,[],dataset/train/vanet/218059558.jpg
vanet/218061222.jpg,dataset/train/vanet/218061222.jpg,train,vanet,.jpg,11225,27ef0b293a739e20ffd54ddba9991b2a84027c9a81aaae1200f6267b74d073f8,0100a3bfa23b9e78924b5a41c71fd538a2b79e31b66c46b399355b81c4cf3016,JPEG,RGB,207,276,[],dataset/train/vanet/218061222.jpg
vanet/218080336.jpg,dataset/train/vanet/218080336.jpg,train,vanet,.jpg,11090,9f3e0e1a5bb8eaed1c3fb086081844926a2b58bec4767f1c8bcfaa5dcac2a571,e2eef4687fd8db143e65c87ebeaae571dccd03aa4389bbaa57e435308dd3bd25,JPEG,RGB,198,264,[],dataset/train/vanet/218080336.jpg
vanet/218080868.jpg,dataset/train/vanet/218080868.jpg,train,vanet,.jpg,4670,580f7cd1dd02ed0d2f2bb4ea125c0c5b2ec3b9238f3b033adfa40a471e4bea6b,7ef7b420b6355fbc47434dc5feeca5496ed65605ce779e04b9ad76e324c20688,JPEG,RGB,180,240,[],dataset/train/vanet/218080868.jpg
vanet/218187967.jpg,dataset/train/vanet/218187967.jpg,train,vanet,.jpg,8696,2156d411dd910af8444c8ea0f5f4caaafe17988a4b8f4f0593591dfaa140d90f,4afcfdd060e91b8a206df85f72a5a76666f24bd44e434a9ea4ecba91d592bcb0,JPEG,RGB,189,252,[],dataset/train/vanet/218187967.jpg
vanet/218206335.jpg,dataset/train/vanet/218206335.jpg,train,vanet,.jpg,7234,7cbc604adee7ee1dd48f197b096c3055e36d90ce448450e22fd0183b4cbdc5e9,0c5b6c8f18074c6f6c3322fadcd5a7c9e91a56558af4b0a969ca69b0dc3d22e4,JPEG,RGB,139,216,[],dataset/train/vanet/218206335.jpg
vanet/218311235.jpg,dataset/train/vanet/218311235.jpg,train,vanet,.jpg,11358,c948f68c4b6dba153d5cec822ff81f106fe9f076d5d663e60f4e3d2017072118,e1c9ee684700c0ab7ed2779b444799b357b4b7a5b7a441ac03e9c665db490dca,JPEG,RGB,189,252,[],dataset/train/vanet/218311235.jpg
vanet/218352401.jpg,dataset/train/vanet/218352401.jpg,train,vanet,.jpg,9355,154045d12779b42b91dd8f9b8aa9a4fc7da52f1c3fa79618b984ca68c807c905,c3ff96e85cdff092062411f7504dbd830d5932f00d789beac03769b649445c5a,JPEG,RGB,186,252,[],dataset/train/vanet/218352401.jpg
vanet/218438512.jpg,dataset/train/vanet/218438512.jpg,train,vanet,.jpg,12052,8c86fc43da1b4550c5bef56466863d2a7878de1bd23765bff1c10ac4f17c9902,a2d9eebbe7823b63d27091fd32cbfa3e6cc4952e3412204179431db864d20ddc,JPEG,RGB,207,276,[],dataset/train/vanet/218438512.jpg
vanet/218481035.jpg,dataset/train/vanet/218481035.jpg,train,vanet,.jpg,9211,39b8315ec4617bc6dc3815ada7b5505fbf3d316510ae9ca27f44b477da679f1a,5caa08db2552505de4bddbf725b2e72b9644405f326dbb7fee18694c059d4aa6,JPEG,RGB,177,228,[],dataset/train/vanet/218481035.jpg
vanet/218514544.jpg,dataset/train/vanet/218514544.jpg,train,vanet,.jpg,11842,9b67e75f04428f6496ba21fd696a291bd93933c0b843a322fe9b636e751c89aa,414c6aa440801cddb5eaafc63882f90e8b7e513442625020466752e51cd6a765,JPEG,RGB,198,264,[],dataset/train/vanet/218514544.jpg
vanet/218579053.jpg,dataset/train/vanet/218579053.jpg,train,vanet,.jpg,19760,1493471813329e4ffb9939e7b66b5146b6d80d1e2a4842b6abfe75bbfa3b2962,099afbe4b9cca74f8f05b0c82f939a8a186e40f8360c30fd056b8dda6d585d6d,JPEG,RGB,247,374,[],dataset/train/vanet/218579053.jpg
vanet/218594379.jpg,dataset/train/vanet/218594379.jpg,train,vanet,.jpg,10448,2254002c47ac0ec76669b1b967f185d8a4f352c90c4851a0d02da78d94295085,20cc214f95ca703dad85bc1edf8fd0a00b8efd0936c3fa3fae362b57c25f52ec,JPEG,RGB,186,252,[],dataset/train/vanet/218594379.jpg
vanet/218667942.jpg,dataset/train/vanet/218667942.jpg,train,vanet,.jpg,6279,d3c42541ff667b5c1ec95f7be114610b0043b8f315dcf0c1476e7890dfe5e988,562dce03c3fc33eee6cefbaaf450b38a89b27672e26810daf9e07bffe665bae1,JPEG,RGB,198,257,[],dataset/train/vanet/218667942.jpg
vanet/218706427.jpg,dataset/train/vanet/218706427.jpg,train,vanet,.jpg,8001,3ae02a6baccd2bd4c3098b9e4936f9b991f6a13cb44f8c7c95247262274a98dd,64e38ad706b2abf68a826d6608fa1fa60973ea5e7955e4c64ed9b6a8bc306305,JPEG,RGB,198,251,[],dataset/train/vanet/218706427.jpg
vanet/218753316.jpg,dataset/train/vanet/218753316.jpg,train,vanet,.jpg,9784,03279ef244e8720af41aa33d9b6a59196d73d5f5f934b5d4eaa37d00b0e02adc,580f2b1279e818d9ba2fa05dc97b0032df1f720d06ad308ecca4d059ada13250,JPEG,RGB,207,276,[],dataset/train/vanet/218753316.jpg
vanet/218886563.jpg,dataset/train/vanet/218886563.jpg,train,vanet,.jpg,9868,993094543f045e8834dcfab1bcb4b9dce1cb3211e070a64fc5f563aa6c61f652,8ba87cedeae7d3156636d2b59a4df0f0b7400594539a2d070d21151b34f9f30a,JPEG,RGB,189,241,[],dataset/train/vanet/218886563.jpg
vanet/218939246.jpg,dataset/train/vanet/218939246.jpg,train,vanet,.jpg,8815,4799a6ea48f3d1cab8fc43b8e03b3698a77961d2ab18874a2c226f9d72ffc07b,bbe416bc2265a98b96a89f3435fa072b5e7a46a9e38bc9dbba40b0aee71d3acf,JPEG,RGB,177,240,[],dataset/train/vanet/218939246.jpg
vanet/218939947.jpg,dataset/train/vanet/218939947.jpg,train,vanet,.jpg,7089,276874fc4c2f831bdc50b1291d2de382a4a861632dbf11c45234c50576efaca3,2a3920dd1d96cc8c6e41b205797f42ce0f7bdf792a6b35102c5cb30959e40a22,JPEG,RGB,195,264,[],dataset/train/vanet/218939947.jpg
vanet/218970336.jpg,dataset/train/vanet/218970336.jpg,train,vanet,.jpg,17402,cfb45d5ee82c2b295963f652a6de8aa8708118046221141f306e0331f2670cd6,075fbb6dbc8f0e0be739c5e76e35010bed4ae7380cd2b06c2f508fc411880264,JPEG,RGB,282,337,[],dataset/train/vanet/218970336.jpg
vanet/219016956.jpg,dataset/train/vanet/219016956.jpg,train,vanet,.jpg,6840,89fd7551e997119a7d9f8ab8f467649f07630b8edf2d533141d472a36ffdf2ba,5256d67c6e223e091a2cce3e78c11ede512b160e1720974f63d0680faf245467,JPEG,RGB,186,252,[],dataset/train/vanet/219016956.jpg
vanet/219083209.jpg,dataset/train/vanet/219083209.jpg,train,vanet,.jpg,8159,7b18150ce3fbf9cf2d729e67dcbd8fac44e9281e31a69df768c2c0c85de4292c,91c7badf7329223554992c34a4c455feec35aef86a459076d698c99eb348dc29,JPEG,RGB,162,216,[],dataset/train/vanet/219083209.jpg
vanet/219111121.jpg,dataset/train/vanet/219111121.jpg,train,vanet,.jpg,8798,d3b063f46a243068fd175b215fcd69bb0488af79fd4a19a99f1453d350eb3169,dd9e3d3106c0e729a6000f6727b47901fb941df25474e3cc2846b7acaf63e3e0,JPEG,RGB,190,330,[],dataset/train/vanet/219111121.jpg
vanet/219117401.jpg,dataset/train/vanet/219117401.jpg,train,vanet,.jpg,5656,1300c733151e862813586d89a2bdf821a1ccb5ff8d3d75a35e7640a67cc1844b,a1cfca5eb442c36571c319135adacfee4ad5b8e05dd92ec792ff8589e79a4fbe,JPEG,RGB,153,237,[],dataset/train/vanet/219117401.jpg
ambulance/197398569.jpg,dataset/test/ambulance/197398569.jpg,test,ambulance,.jpg,17015,46a98c425ef30663f5f9d0249c9b29008863ab05ff079418f29f18a8386603b8,398e7a67e4f311a348f729741a0caef2294857966309308864df14d1a711275c,JPEG,RGB,300,307,[],dataset/test/ambulance/197398569.jpg
ambulance/198860064.jpg,dataset/test/ambulance/198860064.jpg,test,ambulance,.jpg,20873,b33fe2dc8c102b07209b2b88908a7ec30133c141fc920672b9c579986f1b7ef2,34393279b7cf522184439031b908edf3dbe15c43c1efeb1271a4ba15156d2038,JPEG,RGB,273,335,[],dataset/test/ambulance/198860064.jpg
ambulance/200396165.jpg,dataset/test/ambulance/200396165.jpg,test,ambulance,.jpg,20552,b55e6c5de5131c2fa6e558a407cc66360bb63b10db93d585512fc82a2502a34f,9c400aefa4eb5fa035b5c43f462fcd851fb8b1f681705f9dbf21776df95d235f,JPEG,RGB,271,373,[],dataset/test/ambulance/200396165.jpg
ambulance/205374292.jpg,dataset/test/ambulance/205374292.jpg,test,ambulance,.jpg,18602,683b936a55bbb103f254c2758411bfc39781b2af0a5276cdc4fe7ffbbd0da201,ca6fb3e1ddb80994213780c89fa7598e26608156be98fbfe776c55018d586e71,JPEG,RGB,278,323,[],dataset/test/ambulance/205374292.jpg
ambulance/206980891.jpg,dataset/test/ambulance/206980891.jpg,test,ambulance,.jpg,18997,420255160c1413a3f91eef859d02e0e4f529101e3881861eef0f85bb176ca359,ba68359b96125492828b974b0bda05087095c6826a19cfd758abb38ff31cfa44,JPEG,RGB,285,348,[],dataset/test/ambulance/206980891.jpg
ambulance/209860183.jpg,dataset/test/ambulance/209860183.jpg,test,ambulance,.jpg,12625,d6b55f4f9388e6c8e3c5e87043c93ca3609257ed78e6cfbd4d627256388cba81,3b6324827f5296d559171678ca616157d3e477d39a847589f07fb063d0d9786a,JPEG,RGB,210,264,[],dataset/test/ambulance/209860183.jpg
ambulance/211589404.jpg,dataset/test/ambulance/211589404.jpg,test,ambulance,.jpg,7440,7ac59c8b928cc5e162b0d6e75ea1a455e04fc3ac4e719beb3db8dd484ed872d8,a5bbd5e3ec54dc97863e7f25855a4d137ea36de8df3a6191638b7becfc20082e,JPEG,RGB,156,204,[],dataset/test/ambulance/211589404.jpg
ambulance/212112327.jpg,dataset/test/ambulance/212112327.jpg,test,ambulance,.jpg,7514,b2622ec1778c99234ac7f1beda655bc7650b8c65f4c6df97a7dd1c192e58e50b,c2bbcc21d7ad8728589e6455924f4c007d49c1ee1757f8b1dfb453344f7880f9,JPEG,RGB,150,192,[],dataset/test/ambulance/212112327.jpg
autobus/193573320.jpg,dataset/test/autobus/193573320.jpg,test,autobus,.jpg,16427,e5ec3c4159a0ca5e4c00bb87db5d5766d0ceb4c8d3cf7242212cd0539d9e6ec3,36ac01bbda9a9db82892cf34f0258e1f6685f58ac4d6ed6c88e5287d54e1ba70,JPEG,RGB,356,411,[],dataset/test/autobus/193573320.jpg
autobus/194271877.jpg,dataset/test/autobus/194271877.jpg,test,autobus,.jpg,15209,cec9bed763dcc17c694049634333f39ef222c0198b8fcc9876c93de6966bf088,fc3f352b5b5de890dd399454c9dd808649e74b771e4a0634687875c30effa0c2,JPEG,RGB,430,320,[],dataset/test/autobus/194271877.jpg
autobus/194420546.jpg,dataset/test/autobus/194420546.jpg,test,autobus,.jpg,21038,60348e8558c87bf870241d1ccd88b7ad3a7704554cb7e8705c6d9bb62791ce16,99eb0adf052873696649bac9e41a417e6e19e3411347088d76a7dd7c699c4665,JPEG,RGB,496,440,[],dataset/test/autobus/194420546.jpg
autobus/194466821.jpg,dataset/test/autobus/194466821.jpg,test,autobus,.jpg,17074,c1d0485b18b0203ef8ed6d027d2b8fa05a35aaf22cc7e264b1a1d780e65c140b,b26f6dd7d62539bc9145462cb6a253f39ee5c001f6f895a0cc622ca56b040a02,JPEG,RGB,332,432,[],dataset/test/autobus/194466821.jpg
autobus/198083967.jpg,dataset/test/autobus/198083967.jpg,test,autobus,.jpg,28463,f6b5beefe30fa1adf4b90babf046aebf9cc4d3860356218025af87841c0b9bf7,ce8d77529502fc9b693a460d75f9674eb23a8388c27b686e4857fcdc8eac5b40,JPEG,RGB,428,440,[],dataset/test/autobus/198083967.jpg
autobus/198127139.jpg,dataset/test/autobus/198127139.jpg,test,autobus,.jpg,23731,8b3d4ab27d317b642b2241faf73a97ec009183a4357460919926b57d429971eb,6ebd2c04960014cc8f1ded868d65d47a95d016b39015728648383ae5d73aee93,JPEG,RGB,330,335,[],dataset/test/autobus/198127139.jpg
autobus/198195343.jpg,dataset/test/autobus/198195343.jpg,test,autobus,.jpg,31122,f65454061fe85d94ce40b5fb40207cde7e41130fc36d072a3c55d463f40d4b7c,3d14f9f1c610164ebd75a2a9492e255b4b08db25a71d9ea68489ee44254f3e7e,JPEG,RGB,426,447,[],dataset/test/autobus/198195343.jpg
autobus/198384601.jpg,dataset/test/autobus/198384601.jpg,test,autobus,.jpg,19049,17772547358a8de750d982fc735f602b6b1ceb388d9fdce25194bc479f7df45d,588d65a2f923f1e461531e229fb5f5e671116357a9dc1228e99f3ae1693ff6ab,JPEG,RGB,298,372,[],dataset/test/autobus/198384601.jpg
kamyun/194250338.jpg,dataset/test/kamyun/194250338.jpg,test,kamyun,.jpg,30832,03ad262cb1d782dcb6cf3555a4e49fc1defb0e87623d4cc8169dc2ce5a321238,b0bde1e5709463b453454d6ffc139a32f99a4606961c7222ebd20c9d2fef9c63,JPEG,RGB,422,421,[],dataset/test/kamyun/194250338.jpg
kamyun/195970927.jpg,dataset/test/kamyun/195970927.jpg,test,kamyun,.jpg,25115,c5dce27c8ccc00237d04ad0c2893fe20e5c63bb74252dbecc15a28df0c38adb1,0df346338b831285eff4965544e065b26147a9ad5ef07670a4f120936b9e4550,JPEG,RGB,508,416,[],dataset/test/kamyun/195970927.jpg
kamyun/198521389.jpg,dataset/test/kamyun/198521389.jpg,test,kamyun,.jpg,26328,ae88a21b2857ac6d7c8cd2366352e88227517985452961b1915c03ed215b935e,418628cb64d49eaad9971241cb7a8d8f1f43d7522f1de042277454eb28d52569,JPEG,RGB,355,409,[],dataset/test/kamyun/198521389.jpg
kamyun/199634694.jpg,dataset/test/kamyun/199634694.jpg,test,kamyun,.jpg,18015,b2a45ad9c94cea0d41334587bbee7c0c2d6ea2f9be970722118583fab4384afa,28d271e3757770f15065f0d0c644de83f65d1baa3c3d38a5230665e10c6fb9b4,JPEG,RGB,253,294,[],dataset/test/kamyun/199634694.jpg
kamyun/206203223.jpg,dataset/test/kamyun/206203223.jpg,test,kamyun,.jpg,21907,516dbb8a2ab11242bbe41c8929112a38d9557cd75e133a25df85770aec4ac6f8,50b0e565d397337201af6f26ad87dc4c4923cdb5c3ad5e02f6f28403fe2058aa,JPEG,RGB,320,355,[],dataset/test/kamyun/206203223.jpg
kamyun/208920165.jpg,dataset/test/kamyun/208920165.jpg,test,kamyun,.jpg,33396,d29902e7711788a1e4ce2ef35777a2ca69417ca591ea6f683ad9f829c1b4c238,bc43e4558fb1373d93dc3a4d77f9b820d4246e36fb81ed18afcb361e857556e3,JPEG,RGB,348,436,[],dataset/test/kamyun/208920165.jpg
kamyun/209037146.jpg,dataset/test/kamyun/209037146.jpg,test,kamyun,.jpg,12636,e394252bfaad91ee3cefe07f9f1a248cf22a218c38a544e295a33b3b561502de,ff689eb30d7cee1fa38ca061a5b3d0c4d091adc4b110db33d1b5fd6d59bf9b31,JPEG,RGB,318,409,[],dataset/test/kamyun/209037146.jpg
kamyun/212763412.jpg,dataset/test/kamyun/212763412.jpg,test,kamyun,.jpg,27706,7bc3e4bfeae4ef9f6e5bcd713285b0f358ced6f9460951957a047e12b2c318c9,f4bb7db6509b78d18db563b27d09f8496fd7f012a487cfe4174a2fa9b55b8e32,JPEG,RGB,356,448,[],dataset/test/kamyun/212763412.jpg
kamyunet/196728966.jpg,dataset/test/kamyunet/196728966.jpg,test,kamyunet,.jpg,13732,c49ea57455042fe2f682aed936e14011b8046e02b973fac01409bf9f083ff5ba,ec6615d2bb9f8e382202da31e78ae8461977aef27870577d89e2736bab2d3617,JPEG,RGB,308,256,[],dataset/test/kamyunet/196728966.jpg
kamyunet/197190996.jpg,dataset/test/kamyunet/197190996.jpg,test,kamyunet,.jpg,11975,a6a2c32945520e78a5fdc89bd3078bdae336734382fd946383053b57d4db8b3b,2905176a957572d932e00e727730106253ddfcd70e535f299a4a38b57929612f,JPEG,RGB,232,269,[],dataset/test/kamyunet/197190996.jpg
kamyunet/197231871.jpg,dataset/test/kamyunet/197231871.jpg,test,kamyunet,.jpg,22795,e1a7bcfb4aa951287d9001984598b309eb53f541918bd5c613e89d258c05d29f,9f4e307b1d639522c5611641a4764ff72275f46f337d6e25debd5e3fa4542f06,JPEG,RGB,308,399,[],dataset/test/kamyunet/197231871.jpg
kamyunet/197786918.jpg,dataset/test/kamyunet/197786918.jpg,test,kamyunet,.jpg,18335,b62dd456800217cf99d671b68d0af87f5181d7c2fa8e6a532afd817f82a739f5,27fcd64d5356b43931e8d03b035204551ec2bea17628a82cbaef6fe15a7d253f,JPEG,RGB,250,302,[],dataset/test/kamyunet/197786918.jpg
kamyunet/198434168.jpg,dataset/test/kamyunet/198434168.jpg,test,kamyunet,.jpg,7974,9557363c0349ee0d9abacb5007c09ffe20e112f57862f2c2bd8f32dc3aae4bec,40c29beeb3727f7f97f43e7b651f9d3590e8d1ba7f8efedc6897e356a1d04fcf,JPEG,RGB,226,205,[],dataset/test/kamyunet/198434168.jpg
kamyunet/198439783.jpg,dataset/test/kamyunet/198439783.jpg,test,kamyunet,.jpg,16483,0cef82b2507e4e536185c4e5bdad209e1ddad187d708ee6faafd31b3c202af6f,6b30bccf1457c61b4a194b11c701aa47c06bdd0873e031b5b1386817f9212fd6,JPEG,RGB,239,298,[],dataset/test/kamyunet/198439783.jpg
kamyunet/198636917.jpg,dataset/test/kamyunet/198636917.jpg,test,kamyunet,.jpg,12343,577da613ae3e1850f2a21c62fdad920975ce1683d1977bd9041accec4a65ba63,73acca430cb814d7be00e626b3768669f044f831a7e172718ca9c4062e4456b0,JPEG,RGB,228,272,[],dataset/test/kamyunet/198636917.jpg
kamyunet/202686425.jpg,dataset/test/kamyunet/202686425.jpg,test,kamyunet,.jpg,17205,4c185d7a788229c1b0da33b2e6fc2033a0dd46050ac8184d6ac5d1a3e2aecae2,b4ea6b7c782e42086903ca21eaf5e1a0c1cdcb034852da7e71bb5770f6dba595,JPEG,RGB,271,350,[],dataset/test/kamyunet/202686425.jpg
minibus/197110576.jpg,dataset/test/minibus/197110576.jpg,test,minibus,.jpg,17031,e6e8c6eaa30647e627bff377440aef6b2c2da3706b9f3ce17876ada3f837c281,2e9728f364673d0b0472a38850d0f1ae5cca122124f85d9c42732aae4eca38a5,JPEG,RGB,350,341,[],dataset/test/minibus/197110576.jpg
minibus/198362799.jpg,dataset/test/minibus/198362799.jpg,test,minibus,.jpg,31434,ce5d2632d07d465adaac5d2cc50f478bdd0514291fc7159549881300f71182da,df6656e1644d146a301d0b783e5aa34582262a4dc33cdac0dbad6e0a098e30fc,JPEG,RGB,392,392,[],dataset/test/minibus/198362799.jpg
minibus/199907770.jpg,dataset/test/minibus/199907770.jpg,test,minibus,.jpg,25282,765471517124fa13cb33ceed0913e319a3d6f68a152262d2ed2ac326ef68cb57,62e5f4b26136373d602e1cc9593bbc8150edf149f3f76e70de420b64b4b13f3f,JPEG,RGB,313,360,[],dataset/test/minibus/199907770.jpg
minibus/204478559.jpg,dataset/test/minibus/204478559.jpg,test,minibus,.jpg,22731,610b0dff660d7d6816fcc8f2262029dedbdc354801b0758d8654ca59c4e4a080,a540ce7ad605f69baa1a26eee93602bb948a04b45424afe72018d0a04cbe6a25,JPEG,RGB,282,392,[],dataset/test/minibus/204478559.jpg
minibus/205787928.jpg,dataset/test/minibus/205787928.jpg,test,minibus,.jpg,31806,99137014af58bc6eeda134c6b6a9780307f5de14eb84745df2ea8f7199ec8cc0,676e00061a5702cc33a02f11eab3a91a552249c993c622a6bf2d49d571d07f74,JPEG,RGB,388,450,[],dataset/test/minibus/205787928.jpg
minibus/205923148.jpg,dataset/test/minibus/205923148.jpg,test,minibus,.jpg,13352,ce365658b12b3f7c854be32114edfe3d23f56ba3c9f43fe9be173d5586b7b9fb,9e4ab8777baab69b938d8dff7cd0619522d42816b652fb690f67d995d2734fe9,JPEG,RGB,353,450,[],dataset/test/minibus/205923148.jpg
minibus/205940059.jpg,dataset/test/minibus/205940059.jpg,test,minibus,.jpg,31737,469c83babaf2566f21133b81bd271d7126188f469afb3fb27269da5df3451ac7,d86cc00ad8d780349085a8c50b41a51235320c0e30bfd47fd21f53f33eba24cd,JPEG,RGB,377,450,[],dataset/test/minibus/205940059.jpg
minibus/207051574.jpg,dataset/test/minibus/207051574.jpg,test,minibus,.jpg,23701,fc6fad5544a71fd6f8980d94d73b5f160a1fbb599290b44604687677ee8e6e01,5a1880f4eda01336bd81651038fb3934f7e6fb4d3d3471895990200e295cb0b3,JPEG,RGB,300,389,[],dataset/test/minibus/207051574.jpg
savari/195238770.jpg,dataset/test/savari/195238770.jpg,test,savari,.jpg,14531,c4e476878573ba81c271c2c7192d824f042d4d99c0996628f0e1d09e88297d2f,332da1b7de20356efce19a6402596bec84a00628853ac4088537b1b717e8604f,JPEG,RGB,280,257,[],dataset/test/savari/195238770.jpg
savari/195766645.jpg,dataset/test/savari/195766645.jpg,test,savari,.jpg,10253,fb3fd18451b9351009bc9e04a0479a243efed92ff1f5898116b20673aac3498c,7ae163915690d6a2e461e85e37912690b13fc6602afdeb5a6c10d3084c467234,JPEG,RGB,233,260,[],dataset/test/savari/195766645.jpg
savari/197096867.jpg,dataset/test/savari/197096867.jpg,test,savari,.jpg,12768,782fd9c2488ef99e4e1a69e88d02aaf8a5bff94e2b166d3e5ae02b406e0b547d,c4416993aa67588c96eab0282eefd47f7ac6863338bc10db28c932e9f1168669,JPEG,RGB,299,274,[],dataset/test/savari/197096867.jpg
savari/197666500.jpg,dataset/test/savari/197666500.jpg,test,savari,.jpg,12006,bdc29626a5137ec749eead472b26b1810c37e55d898f1227c86e16d2cc9adfc0,168b9456f0c5b4c5fc7177a7626ef16a1ee14e2de726e84f9fd0a9e9550b38fb,JPEG,RGB,272,248,[],dataset/test/savari/197666500.jpg
savari/197813029.jpg,dataset/test/savari/197813029.jpg,test,savari,.jpg,12490,df01f921099e103c5915c6a45d3c876fe4b2412b04b45c3442c87427563538f5,34331cf8e10585642a9ee7ee77c450a886e7485856bb745a4baf68907c325fe0,JPEG,RGB,242,268,[],dataset/test/savari/197813029.jpg
savari/197814306.jpg,dataset/test/savari/197814306.jpg,test,savari,.jpg,14534,dc8b8de2a78daeb0f6780cdfb817dc41f95bf0eeb336b29ccb707c7753d5dbc3,a77765d8f19c3fcd1d0ff57794d792595c153f32b8c3fe80d4c7a7fdb3015945,JPEG,RGB,295,263,[],dataset/test/savari/197814306.jpg
savari/199994379.jpg,dataset/test/savari/199994379.jpg,test,savari,.jpg,14233,a13f47a2c7132abfc4265c74bc4ddac0629b3fdc575a8c0d1c6b8fc70ee11259,f35f42fda465b18a0d5b7ea2770eb1273e7a13425700ff2638a492ca70109bac,JPEG,RGB,266,247,[],dataset/test/savari/199994379.jpg
savari/200081418.jpg,dataset/test/savari/200081418.jpg,test,savari,.jpg,13188,0b9acc363abc546e4be523b68ceba378fc19470936f1cf876d5cedeabe4e8b56,65f375ab16eb8b38d0e0d47d3baf1dabe53b3a9b3dd2810aab02576aca9070d3,JPEG,RGB,240,258,[],dataset/test/savari/200081418.jpg
taxi/196245220.jpg,dataset/test/taxi/196245220.jpg,test,taxi,.jpg,15580,f958b3f05e9414d8c749703219a7fa03f56e22b480129ee7b6206eacd6cb4292,5cb3f4df6f01f28ff05af4e6d4258ad43cfb8feb843a8cbaeef23dd493d026d2,JPEG,RGB,270,266,[],dataset/test/taxi/196245220.jpg
taxi/197138182.jpg,dataset/test/taxi/197138182.jpg,test,taxi,.jpg,10715,28d9afc23e91b8908b1a7ddb46634b02a254dae15f73665ac33aaebff133002a,48f682ac977647638c791c02734eaa9aec4222d38bdbb7d41f25d91a239dac3e,JPEG,RGB,287,270,[],dataset/test/taxi/197138182.jpg
taxi/198048924.jpg,dataset/test/taxi/198048924.jpg,test,taxi,.jpg,11385,6d146200d4563623213ede0df74c5405ebc2a5def07565f8827817e3f8398751,4057c18ef54f2d51ecc8d3404ebdd02abe041fd8f6aa41d5a7f5c86687673bd6,JPEG,RGB,275,247,[],dataset/test/taxi/198048924.jpg
taxi/198068531.jpg,dataset/test/taxi/198068531.jpg,test,taxi,.jpg,13177,5a8af02afb58d6a43ce2ad6974aef76a241935ce26b69ebc09edbbb64ba9012d,643a7fea3e0d3852f7718a41015058d9cb20f0cfc7194add4275c6040b3d3625,JPEG,RGB,264,250,[],dataset/test/taxi/198068531.jpg
taxi/198096713.jpg,dataset/test/taxi/198096713.jpg,test,taxi,.jpg,12858,238361ef469c7d865e2c73ca33d80822ccd08a3f356810fb4e527cefa981bcfe,190d7d3b1aa417e01c0ada7046b3eb93cdfac9bcf4606173664cba91ab541115,JPEG,RGB,302,259,[],dataset/test/taxi/198096713.jpg
taxi/198495096.jpg,dataset/test/taxi/198495096.jpg,test,taxi,.jpg,7775,aa7fc94bfbe53b5adfbf1399e57d9bc6258f8688ac3820737a2567213ac077b6,307f93904a51a9a0b97bb026d1f847daab39af93c7715cfe6243a72cb7b4ca8e,JPEG,RGB,261,244,[],dataset/test/taxi/198495096.jpg
taxi/199826528.jpg,dataset/test/taxi/199826528.jpg,test,taxi,.jpg,17343,55b4f5a41eb947fe7a73cf09c3e663eec2e1a8a2cb194b7fd62558c08b8cea0d,8f200dca1393681cd96bd4cd98be2079abdafe0a3fbe1e017eaa950d62d2d6a5,JPEG,RGB,241,263,[],dataset/test/taxi/199826528.jpg
taxi/200411889.jpg,dataset/test/taxi/200411889.jpg,test,taxi,.jpg,15818,ffdab1bc41bd5bf09ff92e863d5cdfe86cea81d10038cf13ceb7d400ac7bad13,4503007f74c069577a28185a289120a08a69af281b5ca2221e614efc901bf145,JPEG,RGB,287,256,[],dataset/test/taxi/200411889.jpg
vanet/195003645.jpg,dataset/test/vanet/195003645.jpg,test,vanet,.jpg,27377,83e0ab20e8cc5e523934208a0a3e8a9344d39435b62e5f5a4d1a58224834d3e2,458ac3bcde1470defa4a3204c32c0c3b4821e0960c113728299c6ced0cc65cb8,JPEG,RGB,404,324,[],dataset/test/vanet/195003645.jpg
vanet/196356494.jpg,dataset/test/vanet/196356494.jpg,test,vanet,.jpg,13651,11fdcbb8f6abd1baf269b650953532606145cfe6b984acfe363aa84c5e848c59,d47f14a355f94ea3db64450324ea3144bd2db16a3322abc07e1b0c8e6719e3c7,JPEG,RGB,274,314,[],dataset/test/vanet/196356494.jpg
vanet/196511721.jpg,dataset/test/vanet/196511721.jpg,test,vanet,.jpg,13198,229d5a7ae019cdac572a7e77463389f7daf4e3f25ac22312b241617372a4b2a2,7b2e5a22a136e5c4d91c0313147b229d3388ce76084bc5bca90289d315e36277,JPEG,RGB,275,290,[],dataset/test/vanet/196511721.jpg
vanet/197277284.jpg,dataset/test/vanet/197277284.jpg,test,vanet,.jpg,12464,880482f433bdfeec58db5d30f0f57f5c1fc36bf2ff471ec1ae6989da58314929,7af2a1ea9dff8002f08046d077d665550b97b893a7677593a4e858b7090179a4,JPEG,RGB,255,237,[],dataset/test/vanet/197277284.jpg
vanet/197500908.jpg,dataset/test/vanet/197500908.jpg,test,vanet,.jpg,17045,4745132670d92f2228372250e34087d1d191e2289f987a41bd3f4df0f2690ed9,3fcd40e26fd37658946a9940e65fdfdd6910a5caa57d9741302d3614b120809b,JPEG,RGB,281,296,[],dataset/test/vanet/197500908.jpg
vanet/198062095.jpg,dataset/test/vanet/198062095.jpg,test,vanet,.jpg,13433,c50f5255e5a78245a72754343699503983906007535938906bbd4170d7dbef84,fd7e4ae30f126e8ce78358bd2a5c6bf407d39653a8c89942e30c195bd6895357,JPEG,RGB,269,287,[],dataset/test/vanet/198062095.jpg
vanet/198081331.jpg,dataset/test/vanet/198081331.jpg,test,vanet,.jpg,11398,144ff7719f7349582026536ed6c1b4d5d0fd9b568f3dc3628e4883954a90abed,0f83990e9376213470fc79385bd59cab13f74fa473012f0f22a6ab9f66654433,JPEG,RGB,258,220,[],dataset/test/vanet/198081331.jpg
vanet/198532786.jpg,dataset/test/vanet/198532786.jpg,test,vanet,.jpg,14781,6d8a0926eafa064da97c55fa48a62b42e5588b41fb7a742696c510d383f5ebc2,a7bdbc58db92153eb947b68de987d3b042d7f38b3aed0dff17139f879e8f3ec1,JPEG,RGB,295,306,[],dataset/test/vanet/198532786.jpg
ambulance/199656777.jpg,dataset/unclean/ambulance/199656777.jpg,unclean,ambulance,.jpg,21639,29d3f93fea835714f37a1ccfa3317593dae917eee3d7bf679204c9a7e85418c6,1500094b89529a738d5a6e8f30685f33daa3e35c68d693062a3429a88de83734,JPEG,RGB,287,355,[],dataset/unclean/ambulance/199656777.jpg
ambulance/200180166.jpg,dataset/unclean/ambulance/200180166.jpg,unclean,ambulance,.jpg,21574,eef3fd80119ab56374f860aaa0af6dac18b7f007bceaf2467adf7a1c0c61eac6,872f2c0b3d10591f1c40dc2ceb27b5aba61773783d6a7ebb60f9ec3493bff187,JPEG,RGB,285,354,[],dataset/unclean/ambulance/200180166.jpg
ambulance/201107960.jpg,dataset/unclean/ambulance/201107960.jpg,unclean,ambulance,.jpg,17719,31ff739b2bc7659a45daa499389e8145eb9fc50580bfadb768ef8b5d28b38a71,cd965c8433ea1743404a806bc4e759a7ea5f22657487fbee95992449f0654b45,JPEG,RGB,263,401,[],dataset/unclean/ambulance/201107960.jpg
ambulance/201232370.jpg,dataset/unclean/ambulance/201232370.jpg,unclean,ambulance,.jpg,14114,404e2366e0b231af814ecc40e2e358725982931a4c4b7aa8a51b22bfd570c665,d9b584406c27bc38029eb3169348ecf80a8fc662070a53a4eb7ff29e074e172f,JPEG,RGB,260,298,[],dataset/unclean/ambulance/201232370.jpg
ambulance/202045377.jpg,dataset/unclean/ambulance/202045377.jpg,unclean,ambulance,.jpg,20554,d2c3787c3f8a055897a3b5a205ab9452a072f3d2b55a20eee51c637eeab15d6b,487992755402be1135769448942b50a9aef0ea9e5b9df575a0bccac4bf0418f9,JPEG,RGB,285,308,[],dataset/unclean/ambulance/202045377.jpg
ambulance/206174864.jpg,dataset/unclean/ambulance/206174864.jpg,unclean,ambulance,.jpg,13882,29c6ddb49ee77fa5ee0bd533825a175d42d6c2731bbef15b2ad721afefc30963,45c226593fbd5ce232fd20b11da79d5bfd75bf975e8678215ff876eda73b9e0f,JPEG,RGB,268,289,[],dataset/unclean/ambulance/206174864.jpg
ambulance/207226876.jpg,dataset/unclean/ambulance/207226876.jpg,unclean,ambulance,.jpg,15592,cf9f104b4accb9970e53940ec640e35ba4904a02477347e2a8a0755b132c7b4f,f52c8946b15085b7fe6c8177e82620da987afa159ae36121b9cd8614e503093e,JPEG,RGB,246,322,[],dataset/unclean/ambulance/207226876.jpg
ambulance/209441415.jpg,dataset/unclean/ambulance/209441415.jpg,unclean,ambulance,.jpg,12041,764f76834c4ed4791fc4f5a14252f0eb4b1f9e76a57215d5af0f09a3f9b643a0,238ae471b952484492c5352e79b53db299cad5aa844c10840d707e70b473e581,JPEG,RGB,222,275,[],dataset/unclean/ambulance/209441415.jpg
ambulance/209819480.jpg,dataset/unclean/ambulance/209819480.jpg,unclean,ambulance,.jpg,7110,15bd9709630942ce5f570d27f61db7887f02ffdb4e314f3a15a539a8550580cc,0d855fe87c5962ead7db745c1aadfc543b40ebd74f167ab7c003bb1d13813d46,JPEG,RGB,195,264,[],dataset/unclean/ambulance/209819480.jpg
ambulance/210118911.jpg,dataset/unclean/ambulance/210118911.jpg,unclean,ambulance,.jpg,6667,c049f51f2e9ba3cd4b06457a3140a08e46e5bdc5d85d7598aac30e05368defba,a65db2a527f6ca0337b7dc5e7808d0cc27e3c3c8a143b894ecec4f84b2fadbde,JPEG,RGB,177,240,[],dataset/unclean/ambulance/210118911.jpg
ambulance/211996658.jpg,dataset/unclean/ambulance/211996658.jpg,unclean,ambulance,.jpg,8771,000becb3c354284bf742521082e59d60c63c59d63538fc5c99a638ce0bc4eacf,df17fb5238e77a82f8b6143aa9d3f14382d987a91c515cf98e620bb4a2fd8646,JPEG,RGB,210,265,[],dataset/unclean/ambulance/211996658.jpg
ambulance/212759904.jpg,dataset/unclean/ambulance/212759904.jpg,unclean,ambulance,.jpg,9000,4bff1d864e94986f12f5e9c22aa293e2a4c8fbbc285345c512d6f95b3cea5b10,53db621d5dbf73aee0b736ce749a17891655b3772c3bfebf69e163465ea22bbf,JPEG,RGB,180,240,[],dataset/unclean/ambulance/212759904.jpg
ambulance/212836783.jpg,dataset/unclean/ambulance/212836783.jpg,unclean,ambulance,.jpg,7015,c27ddd939c9cddf8050e5ae3ad6e8c724afebeb665ddd26e51493b6afa4bf883,f05765cb59deff825e51feda4393a27fe1837d505b729a1a6ced3beddfba2818,JPEG,RGB,186,252,[],dataset/unclean/ambulance/212836783.jpg
ambulance/213231064.jpg,dataset/unclean/ambulance/213231064.jpg,unclean,ambulance,.jpg,6198,e0950136bf3e89102bfaeedc1e2b6b0ecf5cfcfd32c9f78fb89537519ee8aa1c,3c378c6f3a89e9c2557335f8230fc5a4f8986719453190a855c8a01ae7f05430,JPEG,RGB,180,228,[],dataset/unclean/ambulance/213231064.jpg
ambulance/213260411.jpg,dataset/unclean/ambulance/213260411.jpg,unclean,ambulance,.jpg,5786,8bef1f769c499bbf47e0080e3c695f6635043eb8fc25dbeb21845320949381cd,3cd3c838ad83a79b76ee2af4b7e03e2b283fa6e240f062124ab9974cc3756210,JPEG,RGB,171,218,[],dataset/unclean/ambulance/213260411.jpg
ambulance/213283576.jpg,dataset/unclean/ambulance/213283576.jpg,unclean,ambulance,.jpg,4834,68da9867b23e57878b4e30ab3604b8f83b2ae6179d7d2f648f1b8db136c41569,0528d49072922eaa0104abf401b2b160702367d9a12c3bd99838e9a611b14c5d,JPEG,RGB,156,204,[],dataset/unclean/ambulance/213283576.jpg
ambulance/213490536.jpg,dataset/unclean/ambulance/213490536.jpg,unclean,ambulance,.jpg,7533,f87b5c5e9fc15eb6a2a0c09cc9fafbcfa6b207696d02ecf0a46af610a7d1bc09,eb5300eff712440ce6825106d739b5d2f0473acdae98aac4189c1e0ca9e0ca99,JPEG,RGB,156,204,[],dataset/unclean/ambulance/213490536.jpg
ambulance/214358069.jpg,dataset/unclean/ambulance/214358069.jpg,unclean,ambulance,.jpg,41141,693db70ed2f450516b4661ea1b78d7c76d2acdc1c925267406aeaf52ab22e3af,48b2ce0cf28e4302bd75af1ee164b809416cf0a29009d0cd3480595dbc9e1b01,JPEG,RGB,462,956,[],dataset/unclean/ambulance/214358069.jpg
ambulance/214375238.jpg,dataset/unclean/ambulance/214375238.jpg,unclean,ambulance,.jpg,6530,e01cc4fefefc644389ea9be44eede1b25837631a82f6a5702aede6b7c76721e5,3204fb9ff311cd4bb0a249ce5474d30dd66b99358d02a5c7026e2c3350dd97b3,JPEG,RGB,198,243,[],dataset/unclean/ambulance/214375238.jpg
ambulance/214536826.jpg,dataset/unclean/ambulance/214536826.jpg,unclean,ambulance,.jpg,20722,a4ef533d38978a35748b2d6f7f97e3741bfcec4a1e151d2d491254c1f23569e7,e2319138e5de29acd8126e2051863fac764b0dd05a199df62e0f868edde6e3b4,JPEG,RGB,293,607,[],dataset/unclean/ambulance/214536826.jpg
ambulance/214641358.jpg,dataset/unclean/ambulance/214641358.jpg,unclean,ambulance,.jpg,8214,05efb2e8aa83cb2a9d92931f1681d706abb3f00c89dd4fac519501aeb802f039,3d9c332b9fc8dc1a5bc20009bb72438700138448f86dffde3ed771d2352c5c16,JPEG,RGB,177,240,[],dataset/unclean/ambulance/214641358.jpg
ambulance/215980770.jpg,dataset/unclean/ambulance/215980770.jpg,unclean,ambulance,.jpg,6877,afd6d9b67c28dab75ac65a37fbb668a0dcff1c42ed6007784990eafab46c988a,7e0ca140f88de4e393bf079df337f17d89d7e972a558b55119f7f69abad8abb1,JPEG,RGB,198,264,[],dataset/unclean/ambulance/215980770.jpg
ambulance/216146573.jpg,dataset/unclean/ambulance/216146573.jpg,unclean,ambulance,.jpg,6059,40dd0e32e3ed77be598af0605d117a3f425926bdcfdc1d0913de82e0f542a2db,899e13ad7f0965f97b4c0ae86c8ece0c5a31aa5a790b82305257890ac9650cf1,JPEG,RGB,189,230,[],dataset/unclean/ambulance/216146573.jpg
ambulance/216256793.jpg,dataset/unclean/ambulance/216256793.jpg,unclean,ambulance,.jpg,5188,fdb167f8e60d9884e6e4341cdf0d2addad575231c5033a994b295380005c3267,c7330eeede0da0a16f3a68b254164659eed68c2bc7987f307169256259e64ee1,JPEG,RGB,162,216,[],dataset/unclean/ambulance/216256793.jpg
ambulance/216287989.jpg,dataset/unclean/ambulance/216287989.jpg,unclean,ambulance,.jpg,33155,a3ebed8885f93ae670ab08b3adcdec62e454a210ea1529e8ccaaad148933fbc9,5218a16cce0dbb5de43488797b952b0432555003f97a920ffcbe58095f7515aa,JPEG,RGB,425,852,[],dataset/unclean/ambulance/216287989.jpg
ambulance/216291191.jpg,dataset/unclean/ambulance/216291191.jpg,unclean,ambulance,.jpg,10656,2ef8ab27c32d29540bf80a750ff7e31857731129daa935cef37d33a9a9c1758d,d4282448656ae5c021cc7aa75a7f07bdc92b606d36c023f5f17338121027b6c1,JPEG,RGB,195,252,[],dataset/unclean/ambulance/216291191.jpg
ambulance/216657686.jpg,dataset/unclean/ambulance/216657686.jpg,unclean,ambulance,.jpg,8594,67af707e3fbcc921126d701986dedda0c97fb76e2d6d5c79ab1140eeb0c4361b,b4f37f18dbc7200e3fc87e13fe8a31ce0694b299551172edd2ded4b5f2ffa892,JPEG,RGB,198,264,[],dataset/unclean/ambulance/216657686.jpg
ambulance/217200843.jpg,dataset/unclean/ambulance/217200843.jpg,unclean,ambulance,.jpg,10725,a8ac3cb63b6f6bea954e9d59a0e3eecf8646844c473b773b0ba7e0979cdd64b5,11cabd13e9a729d913ca7dad1afe16d52f6f12419fd226e8672aa57cff19ce1d,JPEG,RGB,195,258,[],dataset/unclean/ambulance/217200843.jpg
ambulance/217208536.jpg,dataset/unclean/ambulance/217208536.jpg,unclean,ambulance,.jpg,6985,0c881b56e529c5b5a548f5aee32545f0f1a9e60e3b83cbdb8de05a3ed814308f,30f25c5692987838a135992a8a6bb68e2d741d6be0c7be347e5fcee34bc20605,JPEG,RGB,186,252,[],dataset/unclean/ambulance/217208536.jpg
ambulance/217408246.jpg,dataset/unclean/ambulance/217408246.jpg,unclean,ambulance,.jpg,6343,555887ca5b19b67ec3f92776411c3d6c4cd8d7157d7a63a095c7321c5d8a8690,4db39b29c9463b6935edf999e075b0179e3dc4588779686de39519a89e8d3f05,JPEG,RGB,189,240,[],dataset/unclean/ambulance/217408246.jpg
ambulance/217496158.jpg,dataset/unclean/ambulance/217496158.jpg,unclean,ambulance,.jpg,10490,b991ffe4af8c6630041c9bf61b2e5f4e8fd579d409d3fa261bd87f91b7528b69,632e67fce9492f67ed6dd71e504bdd67feacefaea28f029c85bbc22daa6a4cec,JPEG,RGB,180,240,[],dataset/unclean/ambulance/217496158.jpg
ambulance/217526919.jpg,dataset/unclean/ambulance/217526919.jpg,unclean,ambulance,.jpg,11237,32ac88f5b2bec4bd1f2496be75374874636d590e3670e817c8774e1fc3795831,64d8b49cbea5affe5831994f4bb655624fde0f907b9f4c22a636f85414610cc4,JPEG,RGB,210,276,[],dataset/unclean/ambulance/217526919.jpg
ambulance/217541742.jpg,dataset/unclean/ambulance/217541742.jpg,unclean,ambulance,.jpg,6575,1893f1e91d2955b9eb434adc3ae8e851d7ba1ab1654bb0d73fcee9dcf39999a2,b84a4abf591578caa33fc5cb0d73ec4c6d858d945a97f6dbe06c46a9c7bf0d3c,JPEG,RGB,177,228,[],dataset/unclean/ambulance/217541742.jpg
ambulance/217579095.jpg,dataset/unclean/ambulance/217579095.jpg,unclean,ambulance,.jpg,6744,e9f03b38666bdb0c9cb844354b8bfa564b8f09087ea63c990ecf98978ba49c50,7cf382140f26c3d3169bcd543cd2f27bd22f2c74ed0c1565e36df9f7e0bee0b6,JPEG,RGB,123,168,[],dataset/unclean/ambulance/217579095.jpg
ambulance/217782582.jpg,dataset/unclean/ambulance/217782582.jpg,unclean,ambulance,.jpg,15411,896fdc332cba56da10bae7b0b6a9f9280ffc61243ae6f78cf511ff0b63d1a353,6aecb7d79f5dc75efcf09cfe4731846f3d4e4c38331ab0f1a48e2d4959b7fdea,JPEG,RGB,261,327,[],dataset/unclean/ambulance/217782582.jpg
ambulance/217825810.jpg,dataset/unclean/ambulance/217825810.jpg,unclean,ambulance,.jpg,10204,3e42b0537d2d978899e8c67877ceb7a16c7bdd4a6d9b21ac05a01e786f10918c,315da784a60940df98c619b15432c52f72ad5db26dd1414389dc0e4f2959dc1e,JPEG,RGB,186,252,[],dataset/unclean/ambulance/217825810.jpg
ambulance/217896022.jpg,dataset/unclean/ambulance/217896022.jpg,unclean,ambulance,.jpg,6908,ffac24ac9e1d43699150a3068edbc39ed3760a5cac7b51fc215a9afdb97cb54d,6e291eef4404a824bd1679e78077e32e134ac24553a1354094f0f06957e20446,JPEG,RGB,198,264,[],dataset/unclean/ambulance/217896022.jpg
ambulance/217998219.jpg,dataset/unclean/ambulance/217998219.jpg,unclean,ambulance,.jpg,6073,07941b5327132d1e25c72547c08473f3234520140393314d9d5026f2a30c648c,f8e884c500f537e21af4698bbe5dabdadbe7a09f1eeedd1a5c97ee6693a3b781,JPEG,RGB,177,240,[],dataset/unclean/ambulance/217998219.jpg
ambulance/218036224.jpg,dataset/unclean/ambulance/218036224.jpg,unclean,ambulance,.jpg,5990,3aa26e1ccb71caead3629d9d7c9d74cafbf8639214e95d02be3ece58186da7ca,ac6125549424176be98ab5a251924f64f3d37b3b42372c3f3e5cb366209d1819,JPEG,RGB,171,228,[],dataset/unclean/ambulance/218036224.jpg
ambulance/218080033.jpg,dataset/unclean/ambulance/218080033.jpg,unclean,ambulance,.jpg,6838,55068692889e64121e2c4a070e06898cea61d2be7031cefbf2efb1c0c4311223,c667aa621a0e4816bfce2b234e07027371dbb10f629307c84fa096908099c7d8,JPEG,RGB,189,239,[],dataset/unclean/ambulance/218080033.jpg
ambulance/218275571.jpg,dataset/unclean/ambulance/218275571.jpg,unclean,ambulance,.jpg,10210,0dd064e631b2466626d493637a855222929a89396828f30b5af010eff991e12a,5ec24ef9860fc9e6cd8aeb38b33d28ca027cc732eb411a3f384cf14a52818cbb,JPEG,RGB,207,276,[],dataset/unclean/ambulance/218275571.jpg
ambulance/218420550.jpg,dataset/unclean/ambulance/218420550.jpg,unclean,ambulance,.jpg,8783,d25a92a2664d9c1f14dc8448155bfeb7a7720b4ef865ea20c60657a07b84b4ab,ce70be5e37c3f950e9cb45887392992d995312c37e0551b18703080f4ec77723,JPEG,RGB,207,276,[],dataset/unclean/ambulance/218420550.jpg
ambulance/218659907.jpg,dataset/unclean/ambulance/218659907.jpg,unclean,ambulance,.jpg,17888,c0cf702006c38ce904686b3095bdfae2b66e8a9c0d6eddfaebc4e30c63c948f2,c3f12651f9aa4185b985eecd2c29447428de5d4611ffc803c673f68f47229b43,JPEG,RGB,258,356,[],dataset/unclean/ambulance/218659907.jpg
ambulance/218665571.jpg,dataset/unclean/ambulance/218665571.jpg,unclean,ambulance,.jpg,8815,3b6342bb4dfa9c5200adbab30d96e7ea0975d7b7dcd40042ee34e5fffd308a11,1528ccac6a898b1f13f6870b5ebee54c2173d1afcbd625117f216cb2ee7388b5,JPEG,RGB,171,228,[],dataset/unclean/ambulance/218665571.jpg
ambulance/218718826.jpg,dataset/unclean/ambulance/218718826.jpg,unclean,ambulance,.jpg,9128,f06e38496bd4c17d393028f922551c995cecdbd520227dffbaaf761dcad0779b,468839689ed5a79aad4aa28595f752fbd7d489dc6d18c06292c7358b43f37f67,JPEG,RGB,186,234,[],dataset/unclean/ambulance/218718826.jpg
ambulance/218729538.jpg,dataset/unclean/ambulance/218729538.jpg,unclean,ambulance,.jpg,7183,3f5efcd7555a0371badb397bcb20026cefa4c348f32b4d9c60500aa7e990d8ee,c5ca2f469938139ef60e7da7039d75dba80bdb42bc8266331087fb41fc66ffaf,JPEG,RGB,168,228,[],dataset/unclean/ambulance/218729538.jpg
ambulance/218786704.jpg,dataset/unclean/ambulance/218786704.jpg,unclean,ambulance,.jpg,9713,e63b5ecbe8d3c59ae5fcb01f322e3846404c7282763a2af1cad458ca61f1412e,2e6b21083791bd414e2a0d0bbf358e762c91d819202915ec2ee937ca38df0f47,JPEG,RGB,186,240,[],dataset/unclean/ambulance/218786704.jpg
ambulance/218816506.jpg,dataset/unclean/ambulance/218816506.jpg,unclean,ambulance,.jpg,8093,fc60d6c56882167f377dc1bc5c33b664a353ffdc13c1465e62a11ff1d12082e7,21cf503b71d0f6b11013be5fcb71c516127fb38bb235665f9d16a77e9ddca3ca,JPEG,RGB,150,192,[],dataset/unclean/ambulance/218816506.jpg
ambulance/218940365.jpg,dataset/unclean/ambulance/218940365.jpg,unclean,ambulance,.jpg,9459,d95542b02a66680be3c9fd178eb81215b37a90466baf9aadb9d5226ceb17b098,10125e096f634991423197986e512f9573feba48812f204d7883860126b36b4a,JPEG,RGB,195,244,[],dataset/unclean/ambulance/218940365.jpg
ambulance/219025430.jpg,dataset/unclean/ambulance/219025430.jpg,unclean,ambulance,.jpg,9318,5e958322b4f007690b4e2d02cd9d6f498ed9c8daceb6f17f9b83720dbf9f1577,a9be4f0eae9f5636e0f92f5bb9a487c0a44249d79a2aeec68679e63e47b32bc8,JPEG,RGB,177,240,[],dataset/unclean/ambulance/219025430.jpg
ambulance/219052707.jpg,dataset/unclean/ambulance/219052707.jpg,unclean,ambulance,.jpg,9048,e071445502299c34c03f52a2eb8e1ec591ab18778a73f64c90bd1bd3e3fcfdd3,f03610abceddd24caf1e96a5a13af06032fbe82370913ee2d7d760fbc2040b80,JPEG,RGB,158,232,[],dataset/unclean/ambulance/219052707.jpg
ambulance/219063107.jpg,dataset/unclean/ambulance/219063107.jpg,unclean,ambulance,.jpg,10279,22aff5c7f059b070dfba46e385263bc11bdf39aabbab2a92356ec310618067cf,5d2e0a18ab415d1b9c39a0cb7c76d8b9eca1e828c3fb59009a2ea08c6d1d3381,JPEG,RGB,172,266,[],dataset/unclean/ambulance/219063107.jpg
autobus/193597587.jpg,dataset/unclean/autobus/193597587.jpg,unclean,autobus,.jpg,17070,7d7ce37b580771c04373f8c63bb861db1653d7a4736a2543f3a77629b9c5e79a,f51304cb54603e5c99c9551e44aade1cccfb3e1fd3f91ba2b44702f54cd6c841,JPEG,RGB,394,381,[],dataset/unclean/autobus/193597587.jpg
autobus/195327944.jpg,dataset/unclean/autobus/195327944.jpg,unclean,autobus,.jpg,13429,ffd5a0170a9cba91b550db076653f3625e41918a33e6ae44a2cffeafea44df13,ce169de4b152d68574734b0baac659871a02ba7b18cb264204f4cf28d88f0e2f,JPEG,RGB,266,274,[],dataset/unclean/autobus/195327944.jpg
autobus/195577230.jpg,dataset/unclean/autobus/195577230.jpg,unclean,autobus,.jpg,23187,7f492df037d6de3b088ab2d38ec61e83a6c9cca0ff4691f7b49b00c906ef1325,7f63fd502c93f588d942c97c4f5982f07fece526134d3343059f162e810ac8fb,JPEG,RGB,379,341,[],dataset/unclean/autobus/195577230.jpg
autobus/195938542.jpg,dataset/unclean/autobus/195938542.jpg,unclean,autobus,.jpg,11007,0854a7d38f298a619f1cfe71e7af963439bd436dc0ccc993e0ebec1dfc25616c,dbb6cecda448d66a1bca72cd034ef77eba8ad70c3f1450ebc0001f816c12aed8,JPEG,RGB,234,225,[],dataset/unclean/autobus/195938542.jpg
autobus/196595859.jpg,dataset/unclean/autobus/196595859.jpg,unclean,autobus,.jpg,18866,50d5765fd40c225f49133dd8a2c6c224b708c05a6e230501ed248d2210bffbd3,03074c094325fe68452cb14cdd89248c7675c32de57042e20adb257f183d4c3d,JPEG,RGB,339,297,[],dataset/unclean/autobus/196595859.jpg
autobus/198131550.jpg,dataset/unclean/autobus/198131550.jpg,unclean,autobus,.jpg,16006,28b5a537d898bd8cfc55c96ead8b1ba7ed20ea6145b2364f844533c5172d0429,889a133249f01886021f59f463345fe62fabf5242e514c4da44b526767e676e9,JPEG,RGB,303,293,[],dataset/unclean/autobus/198131550.jpg
autobus/198451326.jpg,dataset/unclean/autobus/198451326.jpg,unclean,autobus,.jpg,16354,6ac8b67c9a636a0a4e8c829831d3637ecab0bcdc7d942dcf5952a78cc1f925fa,6a82a5241499fd21ae4d390c05db274e45ba740dedc805f793f2ef9cc531a395,JPEG,RGB,328,283,[],dataset/unclean/autobus/198451326.jpg
autobus/198462591.jpg,dataset/unclean/autobus/198462591.jpg,unclean,autobus,.jpg,33945,4aadf6323cd1a41236e29dee7afe926b09ffad66e9b47f6cbe3ed61c98dd769e,adadeef7f051e049954c7ceb284a5e9da162468d8b8c69f75058cc645aecf78e,JPEG,RGB,386,440,[],dataset/unclean/autobus/198462591.jpg
autobus/198482481.jpg,dataset/unclean/autobus/198482481.jpg,unclean,autobus,.jpg,29355,5f5253b795f7ee0401cec92b8a8579c51455e3b5258d2d87425d195e6fd4305e,64a043f11e1f0ddabad9e889885bad23176b1e488798c0e2cb8cb604669fbd1d,JPEG,RGB,333,448,[],dataset/unclean/autobus/198482481.jpg
autobus/205169590.jpg,dataset/unclean/autobus/205169590.jpg,unclean,autobus,.jpg,17702,7ce911b79c3cdedecc2a20acc3f0b177568a545e7e043c19effa239a5befca50,b34ddf63db167b8956c377dbba163d540af77e459fa2fa822a466a1ce504902f,JPEG,RGB,331,450,[],dataset/unclean/autobus/205169590.jpg
autobus/210758346.jpg,dataset/unclean/autobus/210758346.jpg,unclean,autobus,.jpg,29330,b1e71b13f0ce7edfec9bec30725d05a64468200e87c5a2e7938fb692d2879589,66890bbe39e5638990784f8cad18fcc221512123f88f398a3a58838967c0eb73,JPEG,RGB,346,448,[],dataset/unclean/autobus/210758346.jpg
autobus/211692128.jpg,dataset/unclean/autobus/211692128.jpg,unclean,autobus,.jpg,11204,99fcee5261d399aa7336f2d13b9dae43534df303c64fde9eddf09973072f6fd5,ff4668d99ff2c21e2ed41e5f1390ff9e4e64f6fa49e309c05d18cef2326502c3,JPEG,RGB,186,252,[],dataset/unclean/autobus/211692128.jpg
autobus/212142265.jpg,dataset/unclean/autobus/212142265.jpg,unclean,autobus,.jpg,13241,68d6089033aad416ecc5ed88aaad73c613a0966a1b06adf4c6c3b91efb2e6dd7,7ea7106ff3dbb0feb554b2fa4209fba33b0fa8560bf958904dacbb84df4766f7,JPEG,RGB,198,264,[],dataset/unclean/autobus/212142265.jpg
autobus/212480288.jpg,dataset/unclean/autobus/212480288.jpg,unclean,autobus,.jpg,8513,e50826a2992fe7e9f5a4429269e8709de62bdd2a26ce15f7d96402d8723184bf,0cfc57720dacab7869632826a30abe262ede51eda6fbd86e13ed91a2f327e475,JPEG,RGB,207,276,[],dataset/unclean/autobus/212480288.jpg
autobus/212480589.jpg,dataset/unclean/autobus/212480589.jpg,unclean,autobus,.jpg,11622,255c0008951ac1db62138769042ba276ff18cf3cd0c207d4dd79b9fe1cb0193e,b06dd339c6796d8339ad9888ab0c6f7a220250c0954747a7ce63f168153d1e22,JPEG,RGB,177,240,[],dataset/unclean/autobus/212480589.jpg
autobus/212543172.jpg,dataset/unclean/autobus/212543172.jpg,unclean,autobus,.jpg,3780,49e964fabaef4aa2bea915196c9f4191a850ce531c37c667bfbb640f285e8a97,272dd095a93a4b42377779f5f8df15ff8750f00e6cc6c53f58b838577a2e25b8,JPEG,RGB,150,189,[],dataset/unclean/autobus/212543172.jpg
autobus/212866341.jpg,dataset/unclean/autobus/212866341.jpg,unclean,autobus,.jpg,5894,b7e36b8a9bb1bce90589366ccd62c18cb0c609d377c58195a37f96b7b6bcab2d,4ec0be3dfa056e1cb8bbc5bca733629f5b557ae01a8e03e4a4761701f9e9de6b,JPEG,RGB,177,228,[],dataset/unclean/autobus/212866341.jpg
autobus/215071661.jpg,dataset/unclean/autobus/215071661.jpg,unclean,autobus,.jpg,11877,65f64e1191b0df1900cefe7db408f87be9f37aeadf8658f95c2211a8dfd35343,c47bd6b2699141e766a88b87fab8f2346fa4b416f258c027a89fc4ca4dbf6c35,JPEG,RGB,189,252,[],dataset/unclean/autobus/215071661.jpg
autobus/215604362.jpg,dataset/unclean/autobus/215604362.jpg,unclean,autobus,.jpg,8368,80ae09fd8e2aed7bc64de30a028b4e1fbe5452dc29c5ab6928a695ac3fabb5ff,0e3e9f39f4638ee0099f1cd3969ce308781d42bf03be362410d26dd8739e591a,JPEG,RGB,198,240,[],dataset/unclean/autobus/215604362.jpg
autobus/215713565.jpg,dataset/unclean/autobus/215713565.jpg,unclean,autobus,.jpg,28645,66b4b4a6286bd2ab5593ad915d53682a0c46262afb9e0650f2a1b727c9c5a785,d73ec10496f12e62ca04b3d4bf3f4190704124b62cb1ca2f13e83ab4b229a9da,JPEG,RGB,330,349,[],dataset/unclean/autobus/215713565.jpg
autobus/216103002.jpg,dataset/unclean/autobus/216103002.jpg,unclean,autobus,.jpg,11054,0aec7bce2775a39c3a69a2e6ac1654c2a367a2946e302ad5b980928c9d9e0c8d,0439e4255d2f5cb461aedae9b4b5ae5a3f581a5ab1182f498d0bb2ddf3baa9a3,JPEG,RGB,198,252,[],dataset/unclean/autobus/216103002.jpg
autobus/216275103.jpg,dataset/unclean/autobus/216275103.jpg,unclean,autobus,.jpg,6248,b8ce0aa0050c0bfb66e13cb6ba430bbde03f229c924cf13ec706e2a9315c414f,c3c36931caa492024445532932efcea53e1d1773bff4881bac3ba2086ab4b41e,JPEG,RGB,210,276,[],dataset/unclean/autobus/216275103.jpg
autobus/216283106.jpg,dataset/unclean/autobus/216283106.jpg,unclean,autobus,.jpg,7244,8208c7c1dc2117f46c89e623aa090f8cb67dfc75553b8ff840805f85b2da23f9,869c5ab9bea33674a5c8c9cc86e42a299a0d2d876742ab7d78efa0afbeca7736,JPEG,RGB,198,264,[],dataset/unclean/autobus/216283106.jpg
autobus/216357066.jpg,dataset/unclean/autobus/216357066.jpg,unclean,autobus,.jpg,4628,479955ca00b6a033330d49166fdfa5291f45d52a0079dae45179b87ed8284f55,87c6ebd1e44cee5ed560905a84ac376c298c5980388ec9f320727e4ac804ed9d,JPEG,RGB,144,192,[],dataset/unclean/autobus/216357066.jpg
autobus/216583468.jpg,dataset/unclean/autobus/216583468.jpg,unclean,autobus,.jpg,19534,b37c4b6849b90ca6af3be2c87e0aa0ac92c1e9d1ada1028013b26a8220e908a4,0d919f4570500ba3b40b3b3f2506b8521f3cd94a02fe2b80dabd255dce1ecc1f,JPEG,RGB,305,326,[],dataset/unclean/autobus/216583468.jpg
autobus/216637123.jpg,dataset/unclean/autobus/216637123.jpg,unclean,autobus,.jpg,9669,2781df5eaced4f8dacfba123b260056e3c21aee42f8c522d5e78e1f3b37e06eb,c8f19dd03e84b0e773349319a96fd688b25214bba873db91fdf57e5de5576194,JPEG,RGB,198,264,[],dataset/unclean/autobus/216637123.jpg
autobus/216948140.jpg,dataset/unclean/autobus/216948140.jpg,unclean,autobus,.jpg,11467,6f08ab6d49e7c81934f19e846e268195a1640181cbb496ec31cb4a71a616699c,f3f04a01195ce50c21264907f563f6a0a8b56eedfe994e5b9c12b1de7b46b84b,JPEG,RGB,207,276,[],dataset/unclean/autobus/216948140.jpg
autobus/217413615.jpg,dataset/unclean/autobus/217413615.jpg,unclean,autobus,.jpg,34831,00b483ba6e4632533c722b6d4d2d6a221391408ec84b3bbea882f42299fe0778,af25a3f54b004812e52ade667b388a0eaecb4fad77bda0b5f8bb5a4e8f40ad87,JPEG,RGB,367,448,[],dataset/unclean/autobus/217413615.jpg
autobus/217414585.jpg,dataset/unclean/autobus/217414585.jpg,unclean,autobus,.jpg,21498,698f5c3275e2ffb03cfbbad2764165a025069011d73a4cb24352a5b98e01d66c,c5dfee12d134f837a8fe257e2265d4f7261f372ff33264e4d4db0b0bd127e41a,JPEG,RGB,388,448,[],dataset/unclean/autobus/217414585.jpg
autobus/217791047.jpg,dataset/unclean/autobus/217791047.jpg,unclean,autobus,.jpg,27783,02635d7df53184bf7c9e7dfb8fc4ad28ab136349639e9f87552161056ae0feed,111aca1ad897a76fd7fd594bef527538aa0457d83ca8754fc323b98aee8dcc14,JPEG,RGB,323,448,[],dataset/unclean/autobus/217791047.jpg
autobus/217947174.jpg,dataset/unclean/autobus/217947174.jpg,unclean,autobus,.jpg,11235,a29139118cff393e8a4bb63813d62eebb7b8cfe3d9adb76483506b17bad5e45d,35bf42c788d1cd49c884cc5113c0c793d16b6d99d7e372044e4dac3b1bff3e8d,JPEG,RGB,198,264,[],dataset/unclean/autobus/217947174.jpg
autobus/218000072.jpg,dataset/unclean/autobus/218000072.jpg,unclean,autobus,.jpg,17583,bfa51c8d34ca9cc2e82d5917e60d63fd8ec09363994bd80a1ed40f4209278a3f,85a1370c1009f165275d5e294984893caf44f4759cee6b5167dc7dcd0ae65bd3,JPEG,RGB,319,421,[],dataset/unclean/autobus/218000072.jpg
autobus/218010594.jpg,dataset/unclean/autobus/218010594.jpg,unclean,autobus,.jpg,18938,adb156d4a094494a28701e5bf7daadff12fc6d15865e51b2c890d5853348c399,5b2875acb13f2d24a88c7ef1ad6582a7c1aab12744556e40fc86fe0d44b091d9,JPEG,RGB,351,448,[],dataset/unclean/autobus/218010594.jpg
autobus/218265944.jpg,dataset/unclean/autobus/218265944.jpg,unclean,autobus,.jpg,37912,1e4f2ddf119dc2df5dfa7d643b7ab5f96a0dd84764b7e69b8a93a1bdcc30949a,8a03d57d29cc41754c7739c25cf02fc83c27e387b5223173cc6c3429173f4472,JPEG,RGB,409,415,[],dataset/unclean/autobus/218265944.jpg
autobus/218333729.jpg,dataset/unclean/autobus/218333729.jpg,unclean,autobus,.jpg,27473,0fe423123d945a5612b5af27aa3f7dfc4e1a54a75d87a367b2d103db3a38527e,f37b93fc277c6a19efa577e5a2c63da3b298562546d7e5829dd785c22bbfe66f,JPEG,RGB,373,410,[],dataset/unclean/autobus/218333729.jpg
autobus/218429535.jpg,dataset/unclean/autobus/218429535.jpg,unclean,autobus,.jpg,11615,a215c97872ced64fedab427dc32f2c4c7643365cd930007f0e2ceb5a0e5a8bd5,90c8d0df4d5be5095ef6e45a7ce3e55619de2fb6d70b797562650e5d8f8bf49e,JPEG,RGB,299,411,[],dataset/unclean/autobus/218429535.jpg
autobus/218485526.jpg,dataset/unclean/autobus/218485526.jpg,unclean,autobus,.jpg,9481,8c3fed71a2aa44618a7bf40e01b90de97b3cead7bf3ef865d7b5d8ff14958be2,9abce17a08e1a3daa1d092b7649ffd21bdb702e27be27575beee58117a97ec39,JPEG,RGB,168,228,[],dataset/unclean/autobus/218485526.jpg
autobus/218540163.jpg,dataset/unclean/autobus/218540163.jpg,unclean,autobus,.jpg,6872,87440df070558f10ece9ba6fc679b3ba8382e2bb4f575a6c74f840b67bccb667,f8855380a4d57f2db6ef9ec6fa1dbe6c6ee6d7728029aa5aaca2490503cd7d28,JPEG,RGB,185,252,[],dataset/unclean/autobus/218540163.jpg
autobus/218544249.jpg,dataset/unclean/autobus/218544249.jpg,unclean,autobus,.jpg,8495,4736cb190a80fc75dbffd0164a220cdbb0839ec20c8d594b6395b3377f954222,16ba013633fd80682a88fc2ec894540573b7b07d5a9f8fb6be48143fb7f533bc,JPEG,RGB,210,264,[],dataset/unclean/autobus/218544249.jpg
autobus/218875399.jpg,dataset/unclean/autobus/218875399.jpg,unclean,autobus,.jpg,8359,638a50b9d055e6042cf5cba646cf1abdeabb0fc7677077ba3d454e3ff6696b73,b49410d49402214d34e9351bdec8a76d7531792d532313c8895c5643d903462d,JPEG,RGB,165,216,[],dataset/unclean/autobus/218875399.jpg
autobus/218908275.jpg,dataset/unclean/autobus/218908275.jpg,unclean,autobus,.jpg,12105,ccfd7f495ed8018f85b03ca2043bbcf176700714f7d278a076d7278c8df57952,d2d098f131036ffe97f568b8ca9c414addbc8845b452c71cca3244ddcf6b5059,JPEG,RGB,329,372,[],dataset/unclean/autobus/218908275.jpg
autobus/218993999.jpg,dataset/unclean/autobus/218993999.jpg,unclean,autobus,.jpg,11157,c8b0db1b25b4c8f94869f47594cac9833ce52985183b3a698b5abc9f0df92252,e4eda8f8fc561a53f90e48d717497347f558ac4df00a46f95b6b6c4c48a0ff68,JPEG,RGB,180,228,[],dataset/unclean/autobus/218993999.jpg
kamyun/193568157.jpg,dataset/unclean/kamyun/193568157.jpg,unclean,kamyun,.jpg,17204,337e8aec95e06f245334c6ea523e53a92f761c04ec06b201b3e2e00d818b184d,b12165094a1adad1f9ff5a4ff5598648b9e813f1de8fe2024a618a08ce522337,JPEG,RGB,352,440,[],dataset/unclean/kamyun/193568157.jpg
kamyun/193873079.jpg,dataset/unclean/kamyun/193873079.jpg,unclean,kamyun,.jpg,8228,95b66c7b8e13218d81b31dd5f763f934e0c982526bdd6795932ddcbf8747f19e,0a67d55fd6c0cc0b03d101f37a95465e84fc5ef45747323660415fe1aff5d921,JPEG,RGB,271,223,[],dataset/unclean/kamyun/193873079.jpg
kamyun/194260628.jpg,dataset/unclean/kamyun/194260628.jpg,unclean,kamyun,.jpg,19125,7e4ded540b568181d3b7188c77d0689e20c5d5308aafee5993873b8ba70fbf14,bfc4575c5218d5e53fb654ba2e6a326e6eb961ced854d9bacca40822e7dc39ca,JPEG,RGB,392,440,[],dataset/unclean/kamyun/194260628.jpg
kamyun/194280486.jpg,dataset/unclean/kamyun/194280486.jpg,unclean,kamyun,.jpg,23418,a2811534ce1faed87858a4e14e6255ed6a85f9ed4bcc6ad35de66353fe2302f2,2c6495cdc45992aa767087b662b5509432b873120bf34871bbc6c851025d657a,JPEG,RGB,330,377,[],dataset/unclean/kamyun/194280486.jpg
kamyun/194280536.jpg,dataset/unclean/kamyun/194280536.jpg,unclean,kamyun,.jpg,22004,f4dcda2a6c52698992c1e81a898a8822a13ffdbd5ace5f15015d44f737fbfd34,95d48908f846e6f4ab560523c4bf308f0f643a25d19fbdc86a896bed3a3035a4,JPEG,RGB,369,329,[],dataset/unclean/kamyun/194280536.jpg
kamyun/194484076.jpg,dataset/unclean/kamyun/194484076.jpg,unclean,kamyun,.jpg,12389,b785d9fa27a667ff93b5615e6bc6f5281ac0ded13d7f57f3096c5d1860ff0d45,651f98146ad6d27e13647fb5958cbec3a479afa842d34afef8aaa5f5d3e90105,JPEG,RGB,266,230,[],dataset/unclean/kamyun/194484076.jpg
kamyun/196424170.jpg,dataset/unclean/kamyun/196424170.jpg,unclean,kamyun,.jpg,21670,cc2a3f6b937f240035407cc3f744f31d722d752aa890eb51a3e2dc5ae7dc1fec,1d3965f27fb3f1b67ac3dde7bfaf925f61fd67de7acaa4b8572ad65c83deaf28,JPEG,RGB,333,368,[],dataset/unclean/kamyun/196424170.jpg
kamyun/198119425.jpg,dataset/unclean/kamyun/198119425.jpg,unclean,kamyun,.jpg,21684,f2ae6066c51cea619a5085f04ce9fb607bdbd75a6b8ed3e3e506da0fd2183abe,270c2834b0fc23535230015ac80681ece79d1225e6ef30be8118913239bf314e,JPEG,RGB,310,351,[],dataset/unclean/kamyun/198119425.jpg
kamyun/198181313.jpg,dataset/unclean/kamyun/198181313.jpg,unclean,kamyun,.jpg,29843,b8037780b7287f2d423b986e6f7b543d9a026a693ab9cb82d5105b321b90c59f,9b4a9126e2a04c80213c8a61fbaeaac769bc3ce82aec11990e1f4d7db93092e1,JPEG,RGB,422,424,[],dataset/unclean/kamyun/198181313.jpg
kamyun/198280548.jpg,dataset/unclean/kamyun/198280548.jpg,unclean,kamyun,.jpg,16280,4229ba824a9b6d8f6b190f6a0a0ba13c6efecc41b82cfe3df8fd3ca2d833ea98,c2273f2d82146fcd896612035b57171a564e5bddbb8d6211838df1647836cb3e,JPEG,RGB,407,342,[],dataset/unclean/kamyun/198280548.jpg
kamyun/198461875.jpg,dataset/unclean/kamyun/198461875.jpg,unclean,kamyun,.jpg,21344,ac6aed164a0f8c131d6f56070a494962b63bdf16a4e1269a8dcae9722fdaec43,662008406ec87d7b9f9513008ced2d530b8820bda2380ce917699652953cf88a,JPEG,RGB,324,393,[],dataset/unclean/kamyun/198461875.jpg
kamyun/198657567.jpg,dataset/unclean/kamyun/198657567.jpg,unclean,kamyun,.jpg,20868,ba0482b9a7be6f7694db47d133ae036ccd1d569879a258809c8f1c29c87dc0f5,2da972668dd1e199636227d2e968617e977dd890a3f1b9e0f81612f6bcf9045c,JPEG,RGB,347,300,[],dataset/unclean/kamyun/198657567.jpg
kamyun/198712812.jpg,dataset/unclean/kamyun/198712812.jpg,unclean,kamyun,.jpg,26042,995c6aed9d58d8194925bc7f123f153f216801bf7e38e12cca44bb3047bc58f9,2837f4c56c1754abdda9d8324543add9f30ab377b1f3464740c7e30bbba764b7,JPEG,RGB,319,413,[],dataset/unclean/kamyun/198712812.jpg
kamyun/198714516.jpg,dataset/unclean/kamyun/198714516.jpg,unclean,kamyun,.jpg,26358,b85bdb8a1381f0f7d9df1a0c1d3de10fc66c3b98543de55713a2650a768f950d,7749a5991d2ff26272a15a359017fb2caaf6d6a460baa7e0e62ade193d2c8ad3,JPEG,RGB,338,408,[],dataset/unclean/kamyun/198714516.jpg
kamyun/199172201.jpg,dataset/unclean/kamyun/199172201.jpg,unclean,kamyun,.jpg,9548,c21d78496670c43938f227dddbc3f381539b705e3e0d447fc31b076e7bd2f458,604e063c8299208047bea1e758d4aff0521ab64884c2fc8936fd57cfbf739e62,JPEG,RGB,265,301,[],dataset/unclean/kamyun/199172201.jpg
kamyun/200170189.jpg,dataset/unclean/kamyun/200170189.jpg,unclean,kamyun,.jpg,20268,431eda2f38573c387a26447970c1e10ce75b5a12687fa3e9b2a4c62df5dc5416,0e6e9045bd352c787eab1f9de37fdcdef61cc548f603c1f941a4a9753af9fc71,JPEG,RGB,319,342,[],dataset/unclean/kamyun/200170189.jpg
kamyun/201179873.jpg,dataset/unclean/kamyun/201179873.jpg,unclean,kamyun,.jpg,25828,34c7a7d9791179e235d36222850ce698c42b6e89c71f1aebdcbb29d6353eb3fd,2190b3166283ae74c9336fd5083f93f6a5d761e3cec7ce13f6f34c472c9881d4,JPEG,RGB,322,422,[],dataset/unclean/kamyun/201179873.jpg
kamyun/202031464.jpg,dataset/unclean/kamyun/202031464.jpg,unclean,kamyun,.jpg,9644,5dcd979c5883a139e91958a43223b09d627b0973702ce47fe3edcd43487af664,6f5aa6b074ce8bb7b9fd47f30359a66dbff74e006db8b2fd5781e7315ce03ba2,JPEG,RGB,293,306,[],dataset/unclean/kamyun/202031464.jpg
kamyun/202364275.jpg,dataset/unclean/kamyun/202364275.jpg,unclean,kamyun,.jpg,10143,f7a4769ee8ec0906dd38937d9da6ab88e7d7cd8a2af16d89e07cbd0f046d66f2,0471c99b354bd11f7f0508a8ed81372456028524002c141a8ec3881a5fad7cc5,JPEG,RGB,375,312,[],dataset/unclean/kamyun/202364275.jpg
kamyun/204655887.jpg,dataset/unclean/kamyun/204655887.jpg,unclean,kamyun,.jpg,15962,962dd64ba042a78a16f43abd0ff173379c9d15b42560ceeb76d4347872fdb60d,071b38a00cf13938788b78b00d418d88c8bbaba4fe57cb8504786eddc8096949,JPEG,RGB,302,278,[],dataset/unclean/kamyun/204655887.jpg
kamyun/205439945.jpg,dataset/unclean/kamyun/205439945.jpg,unclean,kamyun,.jpg,25424,fa98f20a3a13c604d711e84ba3d9c3e6d2a25be99a4ad3600b830f317d0b3036,156547569c71048f64778c665f8a06c541f44dbce96d039c2bf794e8701ff150,JPEG,RGB,353,339,[],dataset/unclean/kamyun/205439945.jpg
kamyun/206174596.jpg,dataset/unclean/kamyun/206174596.jpg,unclean,kamyun,.jpg,13196,5a4e20772348b238cb87847bca06aaf378ed93b0d9734d776731f20695497f4f,fca97933cb9fcc288db29272b7a490c14387f737aa1f5df4cba80e6eaa90114e,JPEG,RGB,278,267,[],dataset/unclean/kamyun/206174596.jpg
kamyun/206812424.jpg,dataset/unclean/kamyun/206812424.jpg,unclean,kamyun,.jpg,26674,966b4f07231836784c76fbf6a6a6e5083512ce65acdd4f78d633cdba374155d6,0ad8bfc3c0a957216154db48652a6f397c8dd1c99312500db0289cad8e1a8908,JPEG,RGB,286,350,[],dataset/unclean/kamyun/206812424.jpg
kamyun/210109298.jpg,dataset/unclean/kamyun/210109298.jpg,unclean,kamyun,.jpg,6427,75c441c101abe447492da1416f2cf8fc1b6cb7d93678231a07642d2af241fe56,730e7bbeb58e705294a1e7f5dbea656668fcb2557c5fcf83ec04241e82ddf162,JPEG,RGB,195,246,[],dataset/unclean/kamyun/210109298.jpg
kamyun/210622646.jpg,dataset/unclean/kamyun/210622646.jpg,unclean,kamyun,.jpg,34659,591fa3212777d7403d88a740cdac6057486f8a92a906d75c956b425132696aef,817988067586328b3ae313700e855e7b16a5320e6fee4df6d8c8215ad9d2a575,JPEG,RGB,366,419,[],dataset/unclean/kamyun/210622646.jpg
kamyun/210749256.jpg,dataset/unclean/kamyun/210749256.jpg,unclean,kamyun,.jpg,29515,0de15f1c332bdb898bb6d887ddf04abaa99bbe0dba32887a2fb56bd338cc86fe,ba65d273085990e11040b68e52ff97ac31518d9af5cef2ecfcb8cee391ad29f7,JPEG,RGB,352,412,[],dataset/unclean/kamyun/210749256.jpg
kamyun/211010019.jpg,dataset/unclean/kamyun/211010019.jpg,unclean,kamyun,.jpg,10424,2b97846805bf331dd39be31e0df06794017dd9c012e35bc7784fd3498fa696b0,181ba15d726aa38de216ac42673dfe43f0045343f4b3ab1e3e8ab8b516edba28,JPEG,RGB,287,409,[],dataset/unclean/kamyun/211010019.jpg
kamyun/211105618.jpg,dataset/unclean/kamyun/211105618.jpg,unclean,kamyun,.jpg,33333,2389e4ccdc3dc49f6fa887597d9755f5d7dd2ce25ea4b26c15ddb7198b9cd408,01d9ae81c7d4a1573ff5d774c49864e5aaa049340cf87fc09897ee9dfa61fcdc,JPEG,RGB,382,416,[],dataset/unclean/kamyun/211105618.jpg
kamyun/212828689.jpg,dataset/unclean/kamyun/212828689.jpg,unclean,kamyun,.jpg,13565,4816cfd2e43e7736ba5693ff1046d367f4a2050d9487a6a0bede3e8746da7f7b,aedf7f3a02be300bcd960c84536794abdf43b2b715987cca3398ee1b7ed9b6c3,JPEG,RGB,304,417,[],dataset/unclean/kamyun/212828689.jpg
kamyun/213234314.jpg,dataset/unclean/kamyun/213234314.jpg,unclean,kamyun,.jpg,16146,37f66dca2711beeeeccf92594d977d0f79d7c917bf348350254f615ed042637b,ec86f996bb6fce3d65eff876a7ce0b7f3f433d0709c211742d224daf41f89862,JPEG,RGB,320,305,[],dataset/unclean/kamyun/213234314.jpg
kamyun/213750078.jpg,dataset/unclean/kamyun/213750078.jpg,unclean,kamyun,.jpg,13572,abd6d7a6eede7542537ac8c5db387c537050acecbda0a53047139a1dade26414,06676829935b02ddee62ec8ab1f50c9669fb03d644a485a493dbcfe0ad090e91,JPEG,RGB,351,448,[],dataset/unclean/kamyun/213750078.jpg
kamyun/213816578.jpg,dataset/unclean/kamyun/213816578.jpg,unclean,kamyun,.jpg,10591,843f6a77e4cc48ec01af75f30d4678aeb90f381436f4242afa2e0de4cfeb98db,78d0252a165b36ba14f216c64109ec0ddcd107a9fa69d6d498e1fc757fa51410,JPEG,RGB,186,252,[],dataset/unclean/kamyun/213816578.jpg
kamyun/214617464.jpg,dataset/unclean/kamyun/214617464.jpg,unclean,kamyun,.jpg,13718,b24ac2bf6af51e31d7cbe238c5be798ddd9f161e5de28361aad725d3b6791628,36ef36490a99c9afcf1eefc8b9da36939f3e36860cc7e44b873e6a98d920c1e1,JPEG,RGB,356,448,[],dataset/unclean/kamyun/214617464.jpg
kamyun/214646142.jpg,dataset/unclean/kamyun/214646142.jpg,unclean,kamyun,.jpg,9759,2a58dbe5c014893ab719bbb0201b5c59ca26a2ab172998b07e8c7683e80c2f52,c4bcea5201165afc7017d5f114960828c7bec1b8e98ca10b37774cbd5cd012dd,JPEG,RGB,207,263,[],dataset/unclean/kamyun/214646142.jpg
kamyun/214657348.jpg,dataset/unclean/kamyun/214657348.jpg,unclean,kamyun,.jpg,20995,d296f046682b7aa03a360efc7df33fb072f17aaab9225e5e7c37930d035625f0,020b6728da57e7f4603e5b5f0f46676507be7058c01d19331542350c6ea2cadc,JPEG,RGB,314,419,[],dataset/unclean/kamyun/214657348.jpg
kamyun/214772097.jpg,dataset/unclean/kamyun/214772097.jpg,unclean,kamyun,.jpg,35467,71bdbf07648acc96f66e14fc1978a7a2035348852729573bbbc42fa5e3dd374e,9ccc4a71220247d427883f67e3da0a4c615728cc135021719a391b5a7b8b7f8c,JPEG,RGB,446,448,[],dataset/unclean/kamyun/214772097.jpg
kamyun/215099946.jpg,dataset/unclean/kamyun/215099946.jpg,unclean,kamyun,.jpg,26326,2f29ced4e61e63fc04ea7a593718850b89cec4db70379f02dbac0f436885475f,99507afb79f5361ff5a454e872b5539435cdad87f1cbd51d50008a24db3c84ab,JPEG,RGB,326,444,[],dataset/unclean/kamyun/215099946.jpg
kamyun/215628455.jpg,dataset/unclean/kamyun/215628455.jpg,unclean,kamyun,.jpg,11511,4fe2c7e2978f3addf0af85e55990381ab62dd5562f6d6a2cef851cdbac49a36e,dc35cbdcc9d06464688b451fcab75d33828d9e04cbe7c27442a116e900ddab9e,JPEG,RGB,278,358,[],dataset/unclean/kamyun/215628455.jpg
kamyun/215635130.jpg,dataset/unclean/kamyun/215635130.jpg,unclean,kamyun,.jpg,27668,b67b06fdbe5cbb3e6fd93c2ef7192020a5765a68873904be470d51d0960528cd,8df29a3bd0f3424cececb6cc022e146ed50bd2c56de76b40bd6eb5332f0845d7,JPEG,RGB,305,403,[],dataset/unclean/kamyun/215635130.jpg
kamyun/215635181.jpg,dataset/unclean/kamyun/215635181.jpg,unclean,kamyun,.jpg,14330,6f107b1fd129ffb7324486f2d669c9f83f053f21a2ef66db3f3a210b8d37fcda,0185231d61d086a614faee12b5fbd85c2c7d9d00ff7216c4914ae5287664a9ac,JPEG,RGB,330,418,[],dataset/unclean/kamyun/215635181.jpg
kamyun/215686425.jpg,dataset/unclean/kamyun/215686425.jpg,unclean,kamyun,.jpg,34412,2e829bfcdf6d6a975eb5188c93c047f470f8766420d72724a008fefdcd2a27d8,9d270f6bdb4929be810f41072cdb6153ef3e733305cf2d5a4dc8d2d757a6f076,JPEG,RGB,367,448,[],dataset/unclean/kamyun/215686425.jpg
kamyun/215692883.jpg,dataset/unclean/kamyun/215692883.jpg,unclean,kamyun,.jpg,27513,2c289ab2397919443738c52bcf52e715e8a8b02f875a0a4bc8724479a07b3e75,5bddc649088e7eaf1efd687d2123347b0cc368f153e0f047f6c1f052b7b2a8d0,JPEG,RGB,338,346,[],dataset/unclean/kamyun/215692883.jpg
kamyun/215697977.jpg,dataset/unclean/kamyun/215697977.jpg,unclean,kamyun,.jpg,17971,0913cc1b09eb7d25b77a252c028d1200f7635163e66b9614a14a959783d0e2e6,57ae3fcec2f1f32db4c250e815c7dea255fa63348fd276dcbc0998b75b21fe50,JPEG,RGB,278,369,[],dataset/unclean/kamyun/215697977.jpg
kamyun/215721968.jpg,dataset/unclean/kamyun/215721968.jpg,unclean,kamyun,.jpg,25318,e91ee38a7bde29594fe4e96db601e2c22c6b09be4007538af0268e69e03671f5,ee722a86f58aea10788543673e987f9e6a4f9361744d1e996a0b43900a1f41a9,JPEG,RGB,302,376,[],dataset/unclean/kamyun/215721968.jpg
kamyun/215725553.jpg,dataset/unclean/kamyun/215725553.jpg,unclean,kamyun,.jpg,10543,4b5a1c9277e853d30853be3d91c9f546c26438ea9173bf0b877aed3bf96dd23f,8525570c15301b0eef22c9b9d7074555f78ff7f01b381e43f0def13a32dc3fc6,JPEG,RGB,180,228,[],dataset/unclean/kamyun/215725553.jpg
kamyun/215771843.jpg,dataset/unclean/kamyun/215771843.jpg,unclean,kamyun,.jpg,11894,25a657bb1d3964d8397e25cd9e6140f8653dd92a47288113d70787b0fa37f7a1,36ac7a75179fa268ca93c87df3860afb671bca85d0bd1f4eb62aac49c58cd641,JPEG,RGB,198,264,[],dataset/unclean/kamyun/215771843.jpg
kamyun/215825393.jpg,dataset/unclean/kamyun/215825393.jpg,unclean,kamyun,.jpg,23482,f01968837d943b0e686640e1dc9394a7c6790f3569f0640217beea36178b837a,e962cef549160bbc3b83da4a0318b7995e566bce5efeef9f4267f75a9075a7a9,JPEG,RGB,315,353,[],dataset/unclean/kamyun/215825393.jpg
kamyun/215829124.jpg,dataset/unclean/kamyun/215829124.jpg,unclean,kamyun,.jpg,10077,dc14111235c27253dfd80f3d3a4a4473fe02aac905da2726770d9842f40d7e02,070090372958e38005de2b0b2f21538e8579c5778590e18af55e54a4f4abaf32,JPEG,RGB,198,252,[],dataset/unclean/kamyun/215829124.jpg
kamyun/215897723.jpg,dataset/unclean/kamyun/215897723.jpg,unclean,kamyun,.jpg,24860,6ad899d39b58693a0bd6a38906cd661a0f313cc36789ae310464e9a1063649a0,846392823a3bf6dbce24364186cc8691dda19ee7faa8814896acd1f0ba053e1c,JPEG,RGB,304,448,[],dataset/unclean/kamyun/215897723.jpg
kamyun/215987359.jpg,dataset/unclean/kamyun/215987359.jpg,unclean,kamyun,.jpg,5609,3d4cc65f3ebd770d6d95e7274091d9823de2a13410effe969b85f6db45d935a0,90ccfede7b2cb6b194ee9e4b487e5c9545d325bc21ff8bec183f898e77027ee2,JPEG,RGB,177,238,[],dataset/unclean/kamyun/215987359.jpg
kamyun/216008162.jpg,dataset/unclean/kamyun/216008162.jpg,unclean,kamyun,.jpg,9726,30709b4605e11f0915971ec3ca61a7d74113fe56dc99ca0520cfa436f384a7bf,93b7e131e2dcaa06891afe41b33fecb7d9173b49eac404f4049007f2e5e407e9,JPEG,RGB,177,240,[],dataset/unclean/kamyun/216008162.jpg
kamyun/216010811.jpg,dataset/unclean/kamyun/216010811.jpg,unclean,kamyun,.jpg,10449,9fad729545416506224647ad7cf59e1f42f48eb36d106cea2360a3049493b62b,283d18064fb92217e7e7dfd6b1ae6add6a98200dad63c2b8037552852d87cd21,JPEG,RGB,171,228,[],dataset/unclean/kamyun/216010811.jpg
kamyun/216019497.jpg,dataset/unclean/kamyun/216019497.jpg,unclean,kamyun,.jpg,26027,39a175c539f941434c3487c235494eebf2ef7903cdea9ee760cf96d8a4cd3047,3b2f791b677a19ab3f2fd183ed35909d122cfbe53aa20ac7b03971df69016ce4,JPEG,RGB,318,412,[],dataset/unclean/kamyun/216019497.jpg
kamyun/216026504.jpg,dataset/unclean/kamyun/216026504.jpg,unclean,kamyun,.jpg,21058,eeadabebae37d7518eebb8d1e0b9ae6c09eb3e68f671742e1bddd039a264e2db,31ffa490f3e723d401c2098ef94830920e1ba3156c03ecbf0441c7e08302319f,JPEG,RGB,306,425,[],dataset/unclean/kamyun/216026504.jpg
kamyun/216037426.jpg,dataset/unclean/kamyun/216037426.jpg,unclean,kamyun,.jpg,31487,2a80f257ebd85a839e6aaac8fecdd5f8a242be09ed1215e2396fb7da27612f34,697ba016f79d132d2c2b4ac292b67c0192cb5fabecf7eb4a8cf50a909a586aa9,JPEG,RGB,345,448,[],dataset/unclean/kamyun/216037426.jpg
kamyun/216039996.jpg,dataset/unclean/kamyun/216039996.jpg,unclean,kamyun,.jpg,10214,769f3b927e9800b10c385ed7b514c322a7513167b111785fda7055c2ab511659,7432c7cb6da5c382fc2a01de53f8ae16a160061d6c6feae72846a9b98772c164,JPEG,RGB,186,252,[],dataset/unclean/kamyun/216039996.jpg
kamyun/216047322.jpg,dataset/unclean/kamyun/216047322.jpg,unclean,kamyun,.jpg,10320,6aaad8c7821a7afb021ef5e3af64789ff68c346c85d2bd53de278f7f1d125025,a093f39c16ca642a56b9dd68d0c8e9e1111252b366f268068c2aadb1cef1fa27,JPEG,RGB,302,295,[],dataset/unclean/kamyun/216047322.jpg
kamyun/216048837.jpg,dataset/unclean/kamyun/216048837.jpg,unclean,kamyun,.jpg,9999,17211b5cb62773dd5e2e84710d96fc713a41d22c534f35de4257f39695edacc6,d5b28d9c9e2db0163db926069d824d39ed42735b80b187125de3456c20ece9dc,JPEG,RGB,198,252,[],dataset/unclean/kamyun/216048837.jpg
kamyun/216086881.jpg,dataset/unclean/kamyun/216086881.jpg,unclean,kamyun,.jpg,14221,d4af96f6292e0578c94361b082032ccd90a31eb94427c6ded53bfc0e749a8b07,0522a4b9436e81339308d31c8762006ac838ec6c24aa17f2f3c18e68e53b63bc,JPEG,RGB,331,448,[],dataset/unclean/kamyun/216086881.jpg
kamyun/216109678.jpg,dataset/unclean/kamyun/216109678.jpg,unclean,kamyun,.jpg,18355,b035d3df5e19df91e81eb9dfe4815b9844f089445b746df35f33212ecfc388e9,864ddbc763a8b6c38e207800b2539f737ab43c58e37f25f471e2efc79d6c0845,JPEG,RGB,288,343,[],dataset/unclean/kamyun/216109678.jpg
kamyun/216133020.jpg,dataset/unclean/kamyun/216133020.jpg,unclean,kamyun,.jpg,19113,2c3f77b0207227311c7355034b9fded973734f372322ff143a4bcb60538ab999,b48ed66ff736fef52410564fdc194e97695281d73d269332858629584e52e3cc,JPEG,RGB,298,283,[],dataset/unclean/kamyun/216133020.jpg
kamyun/216158404.jpg,dataset/unclean/kamyun/216158404.jpg,unclean,kamyun,.jpg,26684,744fa5d9554343b87d219abb54179a57aabeed241307f7c400cfd155fdaeb082,b92f42d3184864fbb6da736db4dbd4b16225574b824cd96999db9eaaa34a37c1,JPEG,RGB,298,416,[],dataset/unclean/kamyun/216158404.jpg
kamyun/216231496.jpg,dataset/unclean/kamyun/216231496.jpg,unclean,kamyun,.jpg,22059,5138eccd41724e7e19448d47cb786e2f9676e764cad3b80114f89df64437e588,f5cf9dcf1d29d413d6696f9d4a7f77834c3c3de260da6826fcc09fa20a680bce,JPEG,RGB,287,433,[],dataset/unclean/kamyun/216231496.jpg
kamyun/216293604.jpg,dataset/unclean/kamyun/216293604.jpg,unclean,kamyun,.jpg,11630,80b0f625db90ad5ac50e87d75ef3a876f63a688e36378e777ebd0183ab13db55,c5a2b0130df07f04f84e4c931ba5cb7e86516fc43ca2214f95a34c663086bc7c,JPEG,RGB,210,276,[],dataset/unclean/kamyun/216293604.jpg
kamyun/216319937.jpg,dataset/unclean/kamyun/216319937.jpg,unclean,kamyun,.jpg,10687,d7c02f29ac1980435a307014c7d3f378c68a1b6de08fe412a51e16d007908538,d3d8cf8a6ede93c3fcf99fd13c0101de55be121590cae1456b564defcaca7207,JPEG,RGB,186,252,[],dataset/unclean/kamyun/216319937.jpg
kamyun/216393221.jpg,dataset/unclean/kamyun/216393221.jpg,unclean,kamyun,.jpg,10880,cf81dacf5bc37273776eb73e0b722af44c692dbd8dda6a25e104a87644856d98,57462e069dcff147bb999b8ba38bb3cdb25733ad7e1a5eb5fdca04b0598e7f89,JPEG,RGB,210,256,[],dataset/unclean/kamyun/216393221.jpg
kamyun/216419624.jpg,dataset/unclean/kamyun/216419624.jpg,unclean,kamyun,.jpg,12675,119de7dbf977b37ea55d23d7202f88716010ad6548e447fb0e4c52d7b3edbf24,6783a8a4964716328cbfac644a60f8e29cfa6d2b74092579419a6adbc7aac95f,JPEG,RGB,298,362,[],dataset/unclean/kamyun/216419624.jpg
kamyun/216454111.jpg,dataset/unclean/kamyun/216454111.jpg,unclean,kamyun,.jpg,24268,d8a93e104416ebc151fe9ca101591850b57c3633eed1d035ca74f15b56417885,d98215aa9734d06a33bd4271131887fc3bb8de2de720cefa57a570a7e19f3939,JPEG,RGB,326,414,[],dataset/unclean/kamyun/216454111.jpg
kamyun/216476063.jpg,dataset/unclean/kamyun/216476063.jpg,unclean,kamyun,.jpg,12232,62db4e664ff0b04b56048239807868e455bb72563149df47ffbbf425fd98e4d3,6bfdcf3a2671c7f33b39f37d7e7367418de99ffd92b560fd3061b28e8aca37d2,JPEG,RGB,302,355,[],dataset/unclean/kamyun/216476063.jpg
kamyun/216561920.jpg,dataset/unclean/kamyun/216561920.jpg,unclean,kamyun,.jpg,17407,bdab8c726cbb22b0a3dcd493342a5c9861f44eb71785d0f79893d323856e61a2,333c82a4bf65b6fcfce2588d9a8d96f04be2d94a6b4d6b1cfcf31d40d4fbf4e1,JPEG,RGB,285,341,[],dataset/unclean/kamyun/216561920.jpg
kamyun/216568882.jpg,dataset/unclean/kamyun/216568882.jpg,unclean,kamyun,.jpg,11855,4de6b508704c9bd6166b9c71302833f8e6241faf762dc71227cf098aa163b406,c959e657fbef6b3b8baf961207b5955a6e36b2edf13f7226cfdd870f918fbac9,JPEG,RGB,309,408,[],dataset/unclean/kamyun/216568882.jpg
kamyun/216596453.jpg,dataset/unclean/kamyun/216596453.jpg,unclean,kamyun,.jpg,8178,c2245fa4edda61f7a1d4fe1f1530e2bdba50feb7e4e67cea22d7a366a3c893d2,18e28e2571c114cb39f539d29df0c406c93c82082c30d8689a05f08aa1f9e2b5,JPEG,RGB,265,307,[],dataset/unclean/kamyun/216596453.jpg
kamyun/216616423.jpg,dataset/unclean/kamyun/216616423.jpg,unclean,kamyun,.jpg,12212,2d9869a54110c15b8429a347fda6e8b93f65531a317478ebb8190b92549504ff,8e580d8c5ca1d6bea143758842b0e22661b32f7bd331c0d88626765a14a1a2c8,JPEG,RGB,207,268,[],dataset/unclean/kamyun/216616423.jpg
kamyun/216637785.jpg,dataset/unclean/kamyun/216637785.jpg,unclean,kamyun,.jpg,6286,f94ea45192a904c38b63232d135f09fc44c22b6088839197b994b79e46f39370,56c86ee5c2eb2e6aa4640c4acebeb4d66cbfd5ba9dc5d0057aec3fa927ecaa07,JPEG,RGB,210,210,[],dataset/unclean/kamyun/216637785.jpg
kamyun/216710667.jpg,dataset/unclean/kamyun/216710667.jpg,unclean,kamyun,.jpg,10187,b5c159abbfc7d687e2bb782a7b3201497c97a82b6be3ef2ba91dd5814bcd3f05,ae383ee16baf005e2cc289a4dde83f22ea08698863b444552ff56906b76d5e3e,JPEG,RGB,285,320,[],dataset/unclean/kamyun/216710667.jpg
kamyun/216739511.jpg,dataset/unclean/kamyun/216739511.jpg,unclean,kamyun,.jpg,24993,349c541349baa38e545914c2d8e2bd5e0127d060e07bc645856397d265ac0900,49725a7409a02d5696029213374347daee75f5edc62845283c24676ef26cd358,JPEG,RGB,349,398,[],dataset/unclean/kamyun/216739511.jpg
kamyun/216801664.jpg,dataset/unclean/kamyun/216801664.jpg,unclean,kamyun,.jpg,9454,8a84f013e7250c89394ff86a97ba3a1f614b191f3ba62937a89f77187f13da18,0715354cc1dae137158a20c5e3d4d68fb0cf0eb29cfc13adc25a80da0f53e065,JPEG,RGB,207,264,[],dataset/unclean/kamyun/216801664.jpg
kamyun/216830421.jpg,dataset/unclean/kamyun/216830421.jpg,unclean,kamyun,.jpg,20785,771fb6221d8836786a603c219bb5fe071c2b2d39e0ecb90f4c6c3845d88a29da,1a0b55126a7f3a10fb513934840a37a720f31dcfc1bd6bfd1dcfd309c34e15c2,JPEG,RGB,290,319,[],dataset/unclean/kamyun/216830421.jpg
kamyun/216835885.jpg,dataset/unclean/kamyun/216835885.jpg,unclean,kamyun,.jpg,27694,68778660e48ac584b5d8d63f0d4632dbd05d01b67ad7d09c871eb7986ee20561,116985933e901c99ffcb2cfd0b39a2010820d117add90d21537e7aa1c8b4017a,JPEG,RGB,373,438,[],dataset/unclean/kamyun/216835885.jpg
kamyun/216857360.jpg,dataset/unclean/kamyun/216857360.jpg,unclean,kamyun,.jpg,36536,37c53bf60152c8fdd5eaf6379e87bea1762e43ec325904838f9cc57b7838f1b1,d3f21987a4899e0279171e336c4c582f301d7c2d697e3273d3ce6f72e4b6ce98,JPEG,RGB,432,417,[],dataset/unclean/kamyun/216857360.jpg
kamyun/216891505.jpg,dataset/unclean/kamyun/216891505.jpg,unclean,kamyun,.jpg,33034,d862d01b060eeb4b307e62f3f6019f94b4183b0c5ce80c705351bd5baa8174ad,1f657b15d4c3189df6a3913ca826310c5832ddcac4d94ab6e263adafaa2c296e,JPEG,RGB,358,423,[],dataset/unclean/kamyun/216891505.jpg
kamyun/216963332.jpg,dataset/unclean/kamyun/216963332.jpg,unclean,kamyun,.jpg,28996,eb8227af3defee02a5a6e0b710b384e5832a3196681a8979376a2b88ac581f70,20deb649e60644eeb3ce47d3ea761d928b36967d2d8361a5bc94ca6445113183,JPEG,RGB,384,416,[],dataset/unclean/kamyun/216963332.jpg
kamyun/216977256.jpg,dataset/unclean/kamyun/216977256.jpg,unclean,kamyun,.jpg,25653,371d0ac0c0e0d63e0b4ec59954dbca711fa8cf339b71210d9730f0aaaea36a35,c6c0fd8ba9ab962297e6a94c8c13b406c9140beb38a915937c998ed018e4abce,JPEG,RGB,373,404,[],dataset/unclean/kamyun/216977256.jpg
kamyun/216984093.jpg,dataset/unclean/kamyun/216984093.jpg,unclean,kamyun,.jpg,19171,b8e818cc5a9d28af23adf54a30aae81ee05b89dd2e94208a509b5e586d2641ef,45bb0c971b51231fba6617e02861d3e722be76cfb7326ba9fdca8656b83944b5,JPEG,RGB,311,369,[],dataset/unclean/kamyun/216984093.jpg
kamyun/217000647.jpg,dataset/unclean/kamyun/217000647.jpg,unclean,kamyun,.jpg,8445,8d4e2627df6275e06703ab51caa5b56c3860d59f6f475a3f9cf031cbf855e33e,5381a949b74c5ec3806d836b2c37c34d7ea558c3296240a8201376b8170e4541,JPEG,RGB,210,254,[],dataset/unclean/kamyun/217000647.jpg
kamyun/217007303.jpg,dataset/unclean/kamyun/217007303.jpg,unclean,kamyun,.jpg,5867,07c1419f4288a018f98f421f8474cf4cd286f44a68e5447b232c80dc7c162505,27199af5c225546ce8401011a5c93a47699bdeff6b8a1f2191c31145884d317f,JPEG,RGB,198,237,[],dataset/unclean/kamyun/217007303.jpg
kamyun/217007653.jpg,dataset/unclean/kamyun/217007653.jpg,unclean,kamyun,.jpg,5883,70cf1b4562f8acc4430778c79157cf1d881d72a0d3ea24bc3ef80511972b74e6,74aff6b9a844ba4fcb585fabedaa1b11a9d5145b0d0daeb48a87825f7559db71,JPEG,RGB,186,240,[],dataset/unclean/kamyun/217007653.jpg
kamyun/217012663.jpg,dataset/unclean/kamyun/217012663.jpg,unclean,kamyun,.jpg,13525,3355eb7056205c43e528ed0121c405921bdeac998867e56bfcc90870d28a4387,5b8963a96974549df863a845e230016cf3260494747a39d01878a05ad92369c3,JPEG,RGB,319,346,[],dataset/unclean/kamyun/217012663.jpg
kamyun/217031763.jpg,dataset/unclean/kamyun/217031763.jpg,unclean,kamyun,.jpg,16371,b409db72680b0346a3403f4a2d1031165ea76511bd46af73e93bd70e1ea1125e,9d055b641e1b2cc501ba0569fd1e1205af653ef473f3e805be4f806727b0043f,JPEG,RGB,327,263,[],dataset/unclean/kamyun/217031763.jpg
kamyun/217066957.jpg,dataset/unclean/kamyun/217066957.jpg,unclean,kamyun,.jpg,30888,17f9c533a9b889aaeec4cdaae44239a6ea35f0ccd90aaab886085e8e8fbb2f3c,a4a372c2fde16098a1d4a4d08f8f906b005c42e2709f23b6ebea5a6b39a1172e,JPEG,RGB,389,448,[],dataset/unclean/kamyun/217066957.jpg
kamyun/217067503.jpg,dataset/unclean/kamyun/217067503.jpg,unclean,kamyun,.jpg,27060,e39d2a0d969d42ae475d07d86a24b08b27f4f09664d38e81fe71775e1cca834c,786427e1a0e3f313f68957b322998c5461d4293dd1c361979fd1cca85e06928f,JPEG,RGB,340,448,[],dataset/unclean/kamyun/217067503.jpg
kamyun/217168731.jpg,dataset/unclean/kamyun/217168731.jpg,unclean,kamyun,.jpg,18289,32b7721c25fa6cd6b7adb3bd6b5703405bfd82791e8fd5b2b147031e5b6c4d72,e19c98a48ec55eb7d214fbce53eb5ef78fb405a56ce3c50fb28358c11a97735b,JPEG,RGB,271,325,[],dataset/unclean/kamyun/217168731.jpg
kamyun/217219987.jpg,dataset/unclean/kamyun/217219987.jpg,unclean,kamyun,.jpg,20435,8d4263170d0c5cd2ddffc06942c537d80aef0376ada398eb134e5d9ead6a3330,5c900f900205a0974c6a701986be546a8244fc917663b1cf2fd8e176d6b931c2,JPEG,RGB,321,276,[],dataset/unclean/kamyun/217219987.jpg
kamyun/217273409.jpg,dataset/unclean/kamyun/217273409.jpg,unclean,kamyun,.jpg,20171,74b2f232c928d69c202d891e020832421d8634c3d369039d9c449883f4154089,5d28ad68187e8fc4f779b52022a1fa5a5cdff487bff6b1f828627623fc3b2cf1,JPEG,RGB,342,382,[],dataset/unclean/kamyun/217273409.jpg
kamyun/217309460.jpg,dataset/unclean/kamyun/217309460.jpg,unclean,kamyun,.jpg,8278,b27cab2ee5f5aec3f043ede6e88f695843058e39a91b38680d478f6d68778d1b,5dd75df2f0c9739aa057c3e342fab024e3ec9040105ffa827b0850a19727876c,JPEG,RGB,162,216,[],dataset/unclean/kamyun/217309460.jpg
kamyun/217341470.jpg,dataset/unclean/kamyun/217341470.jpg,unclean,kamyun,.jpg,23666,20bd8f0b90acabdd2ff16bf091dc6bff459b2cfe178c780ab1594a25afc4dc39,b231f064ec5709f8e5b6a57e14a6b4d9303053e34741e9d4de40c7c70d6181e6,JPEG,RGB,304,420,[],dataset/unclean/kamyun/217341470.jpg
kamyun/217368931.jpg,dataset/unclean/kamyun/217368931.jpg,unclean,kamyun,.jpg,7904,e74df9231d484de5b64d57ded07ed56cc11cdf48a57e6ffa3200d91fd12d2a60,a5cda78e5d24a99f714217ae8a87b0c60780b1e53b88d866bc92272a0b583fb4,JPEG,RGB,189,238,[],dataset/unclean/kamyun/217368931.jpg
kamyun/217381231.jpg,dataset/unclean/kamyun/217381231.jpg,unclean,kamyun,.jpg,30800,c21ac5d929568ea133c322f5f62777fc92d2151e9b4b46812c34829dd02cb1b7,ad9d951696337f5a8c395051f20488354011b93d788a9ebe6ac253a04be3e8af,JPEG,RGB,357,407,[],dataset/unclean/kamyun/217381231.jpg
kamyun/217382212.jpg,dataset/unclean/kamyun/217382212.jpg,unclean,kamyun,.jpg,13515,fd386b3943c818024e2a970e7720be0f3cb4a7aa13f3af5a3c9949d047b52ca1,217aa29de8592beeaa75b9ab3b3f7413c8e74ed76f57fc87d2d8ab30a1c7ecf7,JPEG,RGB,327,448,[],dataset/unclean/kamyun/217382212.jpg
kamyun/217404366.jpg,dataset/unclean/kamyun/217404366.jpg,unclean,kamyun,.jpg,7931,eeb2c59be219a469044e9788179c79dc15fbe771e00e4059a2318c1d14741bb1,946a888b3c57a25d2ca128980db9befaf930891c367257d418d6f52258aefacb,JPEG,RGB,137,252,[],dataset/unclean/kamyun/217404366.jpg
kamyun/217634183.jpg,dataset/unclean/kamyun/217634183.jpg,unclean,kamyun,.jpg,12551,dcecc4b7ffb6fb1904c046af6961b8ca2d02a3512428ebb29ed10c5e4eeb8cf0,cc21e06f6d5095812a7eb4f8a4ff27b5115ddd3be5e8be2d492edac624257761,JPEG,RGB,195,264,[],dataset/unclean/kamyun/217634183.jpg
kamyun/217791052.jpg,dataset/unclean/kamyun/217791052.jpg,unclean,kamyun,.jpg,23872,8667c9e4d902a706ac89fca5ff6dc7e78516802229be66303d6873f4d38b49e7,26c1652c0f55e462c91c060a186c43f20171a5b59f63f8f552538a67957f8731,JPEG,RGB,350,410,[],dataset/unclean/kamyun/217791052.jpg
kamyun/217826064.jpg,dataset/unclean/kamyun/217826064.jpg,unclean,kamyun,.jpg,20574,2daa63310efe0f887ac2718383c33fdffff71e0a196f374f255237e131b3cad6,c72e07d8b58ad04dc9c8609922f672cf18194caa284bf5dd0f152bd21c0ab6e4,JPEG,RGB,346,448,[],dataset/unclean/kamyun/217826064.jpg
kamyun/217832581.jpg,dataset/unclean/kamyun/217832581.jpg,unclean,kamyun,.jpg,33048,064b231322bd95df7c0a2450ff1a4896fc2a7a3ccf21a2823f9ed6e216b552c1,497bd55d76b930254647131917e43f7f6ca42a2e9a87ccc84b98a5c9772e1b61,JPEG,RGB,330,443,[],dataset/unclean/kamyun/217832581.jpg
kamyun/217892920.jpg,dataset/unclean/kamyun/217892920.jpg,unclean,kamyun,.jpg,13196,0925199f7d59d6823be5a5f1a52c4dfb14b0a49ed5a2fa2ce7c7d88174182bfd,54d735318a167643f1b5c13d4ca9c934969db3582b93b93f3ccbac0746f6f5b4,JPEG,RGB,297,363,[],dataset/unclean/kamyun/217892920.jpg
kamyun/217903362.jpg,dataset/unclean/kamyun/217903362.jpg,unclean,kamyun,.jpg,9474,37bea32fccd6cb162dd9ff46820b7187917ca1814d0c12cac7d896f7b8915328,a47d87dbdc17b31d626f7ba1cdb01bf399ea06605046fabd9aa4167ad1c612c7,JPEG,RGB,150,204,[],dataset/unclean/kamyun/217903362.jpg
kamyun/217940022.jpg,dataset/unclean/kamyun/217940022.jpg,unclean,kamyun,.jpg,14029,d3070eb4728251a504b9caaf88b06fee3cc7493c9e1aaec62d0754f8d66d8396,362f53805298153126db2e32f1bcda4e60965fb332e3c369ba45c76c47267a01,JPEG,RGB,322,406,[],dataset/unclean/kamyun/217940022.jpg
kamyun/217957818.jpg,dataset/unclean/kamyun/217957818.jpg,unclean,kamyun,.jpg,20232,e220e705577603d825e42d609bd1bb56ee1a43babe17d73cd15632656bd60f3b,81f016a8e3e2f22f5e26407770551fdd5ddcf903f364a7bebf1adec11cb1adce,JPEG,RGB,292,347,[],dataset/unclean/kamyun/217957818.jpg
kamyun/217967481.jpg,dataset/unclean/kamyun/217967481.jpg,unclean,kamyun,.jpg,20415,757891b00183b5dac25962bc36ba95e145db5f5f34108800d8c93c4ad8268b6e,a3eadb1b8450e19f5e4b59a48f7aad1a7b59c96a9a242223206959cda72f0436,JPEG,RGB,332,325,[],dataset/unclean/kamyun/217967481.jpg
kamyun/217989700.jpg,dataset/unclean/kamyun/217989700.jpg,unclean,kamyun,.jpg,10810,da07cbde500a04aca36e4ffe85e7507d56f78d315e0b2511fe826f4726162476,e8b1630f7bc8de854f7b34ae98ab7d907859ffff8bbb5043995680b44a989562,JPEG,RGB,186,252,[],dataset/unclean/kamyun/217989700.jpg
kamyun/218036546.jpg,dataset/unclean/kamyun/218036546.jpg,unclean,kamyun,.jpg,7950,978c6da8508db9dcce64a4c1b8d6e3f95963081a9d13a3d91933bf4a066e6afb,fc6110bb108ed6f66e07c58ca0dbbce30d4bac6d873f62a1e8aec1c20f3466f8,JPEG,RGB,210,276,[],dataset/unclean/kamyun/218036546.jpg
kamyun/218039449.jpg,dataset/unclean/kamyun/218039449.jpg,unclean,kamyun,.jpg,29828,3e0e5d88c25d6690acddd3d2a9176c9f7c90d2725b1b973332cf289badc4d21f,3b5202fc7bbc2f3a82c780664f1e93ecf54f197a5efbe3ab85501e4870405ae6,JPEG,RGB,334,413,[],dataset/unclean/kamyun/218039449.jpg
kamyun/218161653.jpg,dataset/unclean/kamyun/218161653.jpg,unclean,kamyun,.jpg,30606,1048428b1670c93ca64086807034b966af5299126d0311b4fa7afbf466fe3ee1,9fa18651694fa7dd2896e1b876f8c4849ae8a8a8a58951c5d451d1c9a5c67c66,JPEG,RGB,336,427,[],dataset/unclean/kamyun/218161653.jpg
kamyun/218163443.jpg,dataset/unclean/kamyun/218163443.jpg,unclean,kamyun,.jpg,10756,3e1db346169765bb7a55e021886269215a0f8e3bbbb21144655bad8b38dda036,3133020d04f482a4cd2267cfb5133b3340b10caffd84ab966113e232b08b423d,JPEG,RGB,186,252,[],dataset/unclean/kamyun/218163443.jpg
kamyun/218164341.jpg,dataset/unclean/kamyun/218164341.jpg,unclean,kamyun,.jpg,37414,03dcd709d3cbb9506060cc52a56b9d61d3b65d49f0738e1e04da2e0605aacdff,64fab0ac582e22b7f8824acc21c61cba6570c9eaa31703253ecd5ec4adbe0407,JPEG,RGB,360,448,[],dataset/unclean/kamyun/218164341.jpg
kamyun/218181782.jpg,dataset/unclean/kamyun/218181782.jpg,unclean,kamyun,.jpg,12961,8e9cd61597f07813d20d28e5b660f0f84dd1779d8bcb2fcdd5c4aefb2bc632c0,d9302e394b78ec697a7ffc6b2cce3363c46debf1bc84d9d09b814bc40d0237ff,JPEG,RGB,195,252,[],dataset/unclean/kamyun/218181782.jpg
kamyun/218206526.jpg,dataset/unclean/kamyun/218206526.jpg,unclean,kamyun,.jpg,11864,5a05c40f69b8a678b0c8ed4042e8e7f5d5d2eccbb99d9738311bd0e89842866b,26bdc0c1aa050a850bce19a57a2e35a9ddea7605e8e85922c0876b619f597ed0,JPEG,RGB,180,228,[],dataset/unclean/kamyun/218206526.jpg
kamyun/218231967.jpg,dataset/unclean/kamyun/218231967.jpg,unclean,kamyun,.jpg,12466,2695019b478e1c638c3c595c20db9e89af0a3050cfb7f15f13215d55e53252ae,42de7a7be13ef0e8d2ba05e19470fa21afe372da9675fd4c4ac1ac57c204315b,JPEG,RGB,291,418,[],dataset/unclean/kamyun/218231967.jpg
kamyun/218307800.jpg,dataset/unclean/kamyun/218307800.jpg,unclean,kamyun,.jpg,26762,506666f333a6477b324e8e735f8d2e2360bd4dae86a93a5af5f5f16441660daf,2c98413416ec60b5bc99ec658d535e5f504543de4977acaef46f41057d3029e9,JPEG,RGB,344,448,[],dataset/unclean/kamyun/218307800.jpg
kamyun/218330500.jpg,dataset/unclean/kamyun/218330500.jpg,unclean,kamyun,.jpg,12499,262b07b623230b30668b0ade6fd9be859d5fdbb8c8be61a97df263e76a5a7fa1,10150c26cff440b7f004e72e2a7435b6a460f005d625ddbd565d21fbbc159599,JPEG,RGB,207,276,[],dataset/unclean/kamyun/218330500.jpg
kamyun/218381430.jpg,dataset/unclean/kamyun/218381430.jpg,unclean,kamyun,.jpg,13126,ddd8c729ac142b600c4b1d32f08747ccb61e35405068482ddc3fa9637046609a,4207a484596bf24681c71a21ded4c4a6fd1a8484d861ff9e039b9ae622a2303e,JPEG,RGB,186,252,[],dataset/unclean/kamyun/218381430.jpg
kamyun/218384709.jpg,dataset/unclean/kamyun/218384709.jpg,unclean,kamyun,.jpg,27114,cddf7d092c7e94095990486c575fd3392ac8145f8d28f04eab30f605d8f8af14,bf8beec0619b990e045730599e3f819e5a73ce9e1e4235b48210af1e58eebba1,JPEG,RGB,312,358,[],dataset/unclean/kamyun/218384709.jpg
kamyun/218492318.jpg,dataset/unclean/kamyun/218492318.jpg,unclean,kamyun,.jpg,30420,c3f5cbbf1df33ea03d5ad5c8e79c44f5d5dfd9182c7f20276b29911c0b88f6cb,51ea6ff167de13d2c75347786143f541b81b990f89a565c939cf94c7461bf73c,JPEG,RGB,351,448,[],dataset/unclean/kamyun/218492318.jpg
kamyun/218528089.jpg,dataset/unclean/kamyun/218528089.jpg,unclean,kamyun,.jpg,10772,a42b3e4f7c3f1180a35598f6ed8d9e6e23fbd0ecedf1785de5a5fe6c6e8a587d,d8ef992a1bb98b6088aa87a691ff2fbed50f33938b72e320e01f18acdf3e086b,JPEG,RGB,309,324,[],dataset/unclean/kamyun/218528089.jpg
kamyun/218532550.jpg,dataset/unclean/kamyun/218532550.jpg,unclean,kamyun,.jpg,23333,ce42d780a08a3f0922d903b33d8627c87fe69c7ed316f8e4ed66b17794d55913,bfbaac3bff14810c4525a7400992e77a999b2c3473acda7829739b674289bc4a,JPEG,RGB,286,414,[],dataset/unclean/kamyun/218532550.jpg
kamyun/218558741.jpg,dataset/unclean/kamyun/218558741.jpg,unclean,kamyun,.jpg,31270,c8c88824cbf9e11ddad5e278597aab2b9f48624df17eece5b9a8ac467150f6d2,04e39d5bc6a26214aa7b7c03b40e664d755adf94884f5c58225155a7402c1458,JPEG,RGB,331,430,[],dataset/unclean/kamyun/218558741.jpg
kamyun/218562055.jpg,dataset/unclean/kamyun/218562055.jpg,unclean,kamyun,.jpg,28835,d32376998d098cf8c9baeb3634e286326d7714150976a8c753ccfe069e137506,9abc7ef59533381471e0372b5c33d028c5d8c9fcb28eeccb5549a3648d2f2303,JPEG,RGB,357,408,[],dataset/unclean/kamyun/218562055.jpg
kamyun/218578650.jpg,dataset/unclean/kamyun/218578650.jpg,unclean,kamyun,.jpg,20458,24fb2806007c47f1d293ca5b6bab999cca8349e7f3842402fc899f34f1fa14e6,d8171d1433b560d4aeb7c1af72474c310baf73877ab39b054f1fbfd235aca5db,JPEG,RGB,311,418,[],dataset/unclean/kamyun/218578650.jpg
kamyun/218586502.jpg,dataset/unclean/kamyun/218586502.jpg,unclean,kamyun,.jpg,38505,f1f41404a3a8160669eb232ae0c4a1034398b7ce19690fb4f737e2d41f6b0805,2133b3cb3af105bf0694154c3adb4e53cb31efdfc4ed0da9cecea31dd551c45f,JPEG,RGB,403,440,[],dataset/unclean/kamyun/218586502.jpg
kamyun/218642439.jpg,dataset/unclean/kamyun/218642439.jpg,unclean,kamyun,.jpg,12863,1b09f657712b48796016025484616dc4797d29ddf6667ce848a82142bf818c90,516da5916e6403e14593b26bdaee81f82d158ce422851b3ca80f8a7509190c68,JPEG,RGB,341,355,[],dataset/unclean/kamyun/218642439.jpg
kamyun/218662990.jpg,dataset/unclean/kamyun/218662990.jpg,unclean,kamyun,.jpg,13664,4e605f63c860df3f4c08f592a0c3f89baa916c8ae6580f2a1318457af99587ce,860573ca12e123ccc2e833a02ea4f5db6edc7ddfb08c9656f4972cd42c1c5940,JPEG,RGB,198,264,[],dataset/unclean/kamyun/218662990.jpg
kamyun/218685223.jpg,dataset/unclean/kamyun/218685223.jpg,unclean,kamyun,.jpg,22659,4ba002e8b702451797a2f474d083b4608941f95d4e72e878e7f02c929d63d0ba,fd827c1cf245a79b3509805ae8c0fbf7c647f571fffcf5629b30ea0c306ee94f,JPEG,RGB,321,422,[],dataset/unclean/kamyun/218685223.jpg
kamyun/218699915.jpg,dataset/unclean/kamyun/218699915.jpg,unclean,kamyun,.jpg,11701,d5ea584cb509e03156390ce49ab9e77eae4c942f87d7f01120f9add5eca4169e,5722c0cad71eae9e3a372a55e509066b82330ad14cd811ac0c2f0664c93c050e,JPEG,RGB,189,252,[],dataset/unclean/kamyun/218699915.jpg
kamyun/218714519.jpg,dataset/unclean/kamyun/218714519.jpg,unclean,kamyun,.jpg,9830,9e8751ebd24ea1e288f6bf4ba52c36acde393b939dd6a9d4fba5465f1d45bd13,24699ef5a5a5a40ddd5e515971118f8c70f2ec5de04ada775c7ea094aafb992d,JPEG,RGB,180,228,[],dataset/unclean/kamyun/218714519.jpg
kamyun/218764401.jpg,dataset/unclean/kamyun/218764401.jpg,unclean,kamyun,.jpg,30212,47bb7b296ba847a77ba6e01428ad0b649415936c58a230b3f9e2c2b6cd278df7,20b7721e02e95f947fbb0e53883dcbf9a0e991bf503b9de9c1984b8167ae4842,JPEG,RGB,347,448,[],dataset/unclean/kamyun/218764401.jpg
kamyun/218778629.jpg,dataset/unclean/kamyun/218778629.jpg,unclean,kamyun,.jpg,19654,a8ff6abf58dc15e83f33b1d8e330da3ba0f35433e4203a3d8469c4fc462a4639,cf52ea48351dcc635363ff8ab70b486fc0431b385ef7f26ee824b67457f81e29,JPEG,RGB,311,335,[],dataset/unclean/kamyun/218778629.jpg
kamyun/218827750.jpg,dataset/unclean/kamyun/218827750.jpg,unclean,kamyun,.jpg,19219,ebd872cc12effef4e0cd5096c0bc81bc0928bff4f833c2aa727824c9ac1d9d64,74ff641b53499ee695daabb2722c5037c29ef8e1475d7cb813953de20860b753,JPEG,RGB,316,342,[],dataset/unclean/kamyun/218827750.jpg
kamyun/218906168.jpg,dataset/unclean/kamyun/218906168.jpg,unclean,kamyun,.jpg,20915,71af3eb2eda480de6861a129f3021bcb7ea880c9878a91917aa2f08ba1607972,f85310708a5fce5c084a006afbf1ca72cbf20f0c43c7bce96b035978cb29fc6c,JPEG,RGB,266,305,[],dataset/unclean/kamyun/218906168.jpg
kamyun/218927452.jpg,dataset/unclean/kamyun/218927452.jpg,unclean,kamyun,.jpg,15225,d80fbcace8faf66dad4db91397cca32f82f0bb6a31325248612f712aaf522ed2,811f01e8cf20db7a38888faf68ded3160376ee4a170b867de1b6021a087e0c54,JPEG,RGB,322,448,[],dataset/unclean/kamyun/218927452.jpg
kamyun/218951158.jpg,dataset/unclean/kamyun/218951158.jpg,unclean,kamyun,.jpg,25384,b5ca7c4e9fda60f1b6949b4fee01fe137edd5abadf7980429b86927d476fe219,3b23ddba0fd41a4a08e1376989d08f963e036c8511abff9e73aa3280b429e8ff,JPEG,RGB,349,375,[],dataset/unclean/kamyun/218951158.jpg
kamyun/218967036.jpg,dataset/unclean/kamyun/218967036.jpg,unclean,kamyun,.jpg,5392,9d9dc4f18c400e0f019213a29635beec0aed91e72879073eb45f620094938661,4dbebe9b6b2c6f1bfec1d674813e7e39fd7ee7fb98f59378376aa2f6ae87e155,JPEG,RGB,171,216,[],dataset/unclean/kamyun/218967036.jpg
kamyun/218970183.jpg,dataset/unclean/kamyun/218970183.jpg,unclean,kamyun,.jpg,14092,00cee336f299df796afc960a51dde602cd00c7f185fca6940bc64158b7a3d4c9,d6f3697ed1d7064cc734b1c1849ca4cc5a87ad3743e9e053e04c7ca58bca470e,JPEG,RGB,295,418,[],dataset/unclean/kamyun/218970183.jpg
kamyun/219002808.jpg,dataset/unclean/kamyun/219002808.jpg,unclean,kamyun,.jpg,23226,d229cf1c55a8f79a83b14a49e830b4889c91ecd6fafa02c9a4a5198e9d4e2ede,d40bb85da14b8944cfd9a7b94df912f4ae280c46685f370607d94810589458b6,JPEG,RGB,310,352,[],dataset/unclean/kamyun/219002808.jpg
kamyun/219057756.jpg,dataset/unclean/kamyun/219057756.jpg,unclean,kamyun,.jpg,13834,d9a707752075d773d0124f35f63871cf38eae955fefd211f80b085400f1fdbaf,846a026cdde6118a5cff1e49822b8d1837ef8dcd92ea4fd30cf851570b32395e,JPEG,RGB,210,272,[],dataset/unclean/kamyun/219057756.jpg
kamyun/219095831.jpg,dataset/unclean/kamyun/219095831.jpg,unclean,kamyun,.jpg,18927,cbd449d8ba2a92ba654a02bd73b9df86e44c5bc7c38e11025cc827a02e457ccf,5de58f6173808e3592cd1f8da5c3a7116d10803dcb13d0f699071ac11f9a9600,JPEG,RGB,247,340,[],dataset/unclean/kamyun/219095831.jpg
kamyunet/193171555.jpg,dataset/unclean/kamyunet/193171555.jpg,unclean,kamyunet,.jpg,28166,ded3a2175b7ebfe53329d3aa9a44f7e5da86cee36bbeb7da74b1f3cd0e5148a9,87e18aea599a60a31e96378962194e0c1c313492056f6a09922f3155d650813f,JPEG,RGB,383,435,[],dataset/unclean/kamyunet/193171555.jpg
kamyunet/193234027.jpg,dataset/unclean/kamyunet/193234027.jpg,unclean,kamyunet,.jpg,27213,5fad7b4f1954b4df9ed52ccbebcf01410e54aeb395423fa7809503cafc93b836,c516a6ac6703413f698a59422599dc8018c5a499ea8254fa95d2ce10b6294e80,JPEG,RGB,367,384,[],dataset/unclean/kamyunet/193234027.jpg
kamyunet/193372049.jpg,dataset/unclean/kamyunet/193372049.jpg,unclean,kamyunet,.jpg,24111,d56ed20d5f54ebf5cc39fc35d72d01a31b0a25d80dacb87b71ae4c7475d6daa9,82820bf5b91ba1befbf65fbfd14f179f7b8cc2f2954dce882a834b776afc6d44,JPEG,RGB,350,364,[],dataset/unclean/kamyunet/193372049.jpg
kamyunet/193558761.jpg,dataset/unclean/kamyunet/193558761.jpg,unclean,kamyunet,.jpg,12865,27fdd2fe5e27cf1527d0408330a9b7a27f5df8c3bfa68994a31ada06a2eae6fd,ebe61915958ab45cd653b93f6c5342e3e0aa2d336fcdf8dc0853b2a3492eae4a,JPEG,RGB,308,310,[],dataset/unclean/kamyunet/193558761.jpg
kamyunet/196412320.jpg,dataset/unclean/kamyunet/196412320.jpg,unclean,kamyunet,.jpg,19996,98626a3c6d701e5efd1a90a3e98389ec088d53b737a3527dd314c15a62ff5b97,1ecb9d5800bd33710f3994b1c0560cdd63a4dd35e671906c593a3e5f25374309,JPEG,RGB,308,319,[],dataset/unclean/kamyunet/196412320.jpg
kamyunet/196513453.jpg,dataset/unclean/kamyunet/196513453.jpg,unclean,kamyunet,.jpg,19689,1847d0e478356978d6ef79082a90af9fd772bf22deb123eb74df0f370cfe7b2b,1a93e9aedcd276cb70b2b9131817f5f087235b69ea467110e62388af61b71a2f,JPEG,RGB,340,387,[],dataset/unclean/kamyunet/196513453.jpg
kamyunet/197132093.jpg,dataset/unclean/kamyunet/197132093.jpg,unclean,kamyunet,.jpg,18095,bd2b79938d95a6a34859e564796a2bc28c705078fbe0b8555a33d95abf2c879c,769d9e61a03f3c29b0528b76f5764095ab38ac35c2f51fcbdeb6548351e37a4d,JPEG,RGB,320,346,[],dataset/unclean/kamyunet/197132093.jpg
kamyunet/197504981.jpg,dataset/unclean/kamyunet/197504981.jpg,unclean,kamyunet,.jpg,20804,5cec8ea171119a809ef7a20dcfcd323731d34dd87666e0099dc0b77b6ca8e4f7,108a616339f80d4c2c132f34fdaa0c02114e5b98677ba25006bd437c43bb8a12,JPEG,RGB,275,304,[],dataset/unclean/kamyunet/197504981.jpg
kamyunet/197524191.jpg,dataset/unclean/kamyunet/197524191.jpg,unclean,kamyunet,.jpg,15560,61d02f24343454c085cad52ff4e891e659c534c3429466f0382ef442c4ad04f0,8eeb1da1791688fb319ea8a516fda0c8379bcf7d06a14e4931a633d72cb4f89f,JPEG,RGB,287,342,[],dataset/unclean/kamyunet/197524191.jpg
kamyunet/198111935.jpg,dataset/unclean/kamyunet/198111935.jpg,unclean,kamyunet,.jpg,16562,bb5d9c0c9289ba1e69bea270f48d56f33fd4c83c2a1e3d5428bb0218e178946d,fc870f0ecd2736711463c888a3f5c097c4a73ca5b2c6dc3b5ebdc88f0906ca54,JPEG,RGB,276,317,[],dataset/unclean/kamyunet/198111935.jpg
kamyunet/198158463.jpg,dataset/unclean/kamyunet/198158463.jpg,unclean,kamyunet,.jpg,20701,f4a10ba7d0d1f41dbcd82e50188addc4c41cef25ec054b6ba88472e8450a7a09,718b236eca8641f4533f9750c92a544189ea1b77f9184bc6c2e128b0c08305d3,JPEG,RGB,313,404,[],dataset/unclean/kamyunet/198158463.jpg
kamyunet/198199671.jpg,dataset/unclean/kamyunet/198199671.jpg,unclean,kamyunet,.jpg,18894,f2ae6f874e80cabd022a81b6add22f5fbee4a32fa66015b0fd5db262414bad73,9f9eb0946caff4d8bb9ba325252c75e8c66745af9488ecddfb5019865ffedd99,JPEG,RGB,346,302,[],dataset/unclean/kamyunet/198199671.jpg
kamyunet/198243942.jpg,dataset/unclean/kamyunet/198243942.jpg,unclean,kamyunet,.jpg,13810,5ec7e311ac1e1f79375582d533455ddcfe9b8a13b9bc1f3ab84a9db761c58a00,fb9b950e60bb205546c627d67f50807213a591b2d67ec1c587933de6f0307aca,JPEG,RGB,276,301,[],dataset/unclean/kamyunet/198243942.jpg
kamyunet/198247089.jpg,dataset/unclean/kamyunet/198247089.jpg,unclean,kamyunet,.jpg,12125,601f9591d80bae23c672e87dc89908d939c290e6e4e62d1e95bcfc3052468e68,935eb5594b4806e0c381467656163342d99912c080acbe20a72795cb445383f8,JPEG,RGB,249,289,[],dataset/unclean/kamyunet/198247089.jpg
kamyunet/198264037.jpg,dataset/unclean/kamyunet/198264037.jpg,unclean,kamyunet,.jpg,22595,75a225ae25d28bd46d2991607bb8f7e39f0e5f626d95941be3713afa65998627,39c0b91d7144c2b91c788d69066bd1167ba567e1c0a7dcee4db0c3f8aaa99216,JPEG,RGB,311,380,[],dataset/unclean/kamyunet/198264037.jpg
kamyunet/198438253.jpg,dataset/unclean/kamyunet/198438253.jpg,unclean,kamyunet,.jpg,20959,3668de5d7d8162f4639cd893263e34072aef45e3d45edde65d0513c4789b43e0,ec70583b104ea2060c9325c85c74322d98948c3653bc6788dd9023dc26cb3291,JPEG,RGB,268,396,[],dataset/unclean/kamyunet/198438253.jpg
kamyunet/198458220.jpg,dataset/unclean/kamyunet/198458220.jpg,unclean,kamyunet,.jpg,16021,0bb40075db36b6510249c5d1e83e66509d899d1b286156ec2c5dc7e4a77b1c6a,49be250afbcaf5ea4c99bef4c1ef56679818351da4b4832860d432e56775945f,JPEG,RGB,298,267,[],dataset/unclean/kamyunet/198458220.jpg
kamyunet/198810534.jpg,dataset/unclean/kamyunet/198810534.jpg,unclean,kamyunet,.jpg,16948,6c8457ed8b6632d6b53223ec381769313483fbda4bbe999d31f6f3d7d8fafebf,62c06d9dcbb7abf6be323b59269e4ce0ec02cd8a19fa3854fcb018a1412fa23f,JPEG,RGB,267,308,[],dataset/unclean/kamyunet/198810534.jpg
kamyunet/198991559.jpg,dataset/unclean/kamyunet/198991559.jpg,unclean,kamyunet,.jpg,21588,814c680322570dbfcbd2c35569edb0c21c9903d5e351ecfc81e8d26990741e8b,0857618effc144619008abe3565fbbcc2f4e1baa76fca4553ef40bb9e7b1971e,JPEG,RGB,300,278,[],dataset/unclean/kamyunet/198991559.jpg
kamyunet/199184462.jpg,dataset/unclean/kamyunet/199184462.jpg,unclean,kamyunet,.jpg,17227,b5e3d8248f3786e8d0943052ea24d201048ff46294fce6213d67ba6cccbf8077,71144907e6c5f39ff063e28f1b331e6323308df7b53f96549c8eeb586365d5bd,JPEG,RGB,275,293,[],dataset/unclean/kamyunet/199184462.jpg
kamyunet/199946768.jpg,dataset/unclean/kamyunet/199946768.jpg,unclean,kamyunet,.jpg,10280,1a1c173ced6fdc57e3e0aec06e4fd9d9ff8b6840c13d2b3163edb799b8fbe09b,82e72705ef758ca9e669f5744b86c9c2374beb076859ebfc50d78cfad6b7f832,JPEG,RGB,299,292,[],dataset/unclean/kamyunet/199946768.jpg
kamyunet/200359181.jpg,dataset/unclean/kamyunet/200359181.jpg,unclean,kamyunet,.jpg,35169,140d65b562ee09ab98022ec51e18f47d35b558ee89b3f92cde1f35591bf316dd,1ed496136112e281f1a0f6dacea084b51bbb863071cb3b6cc882da8619acbe81,JPEG,RGB,450,364,[],dataset/unclean/kamyunet/200359181.jpg
kamyunet/200460350.jpg,dataset/unclean/kamyunet/200460350.jpg,unclean,kamyunet,.jpg,15298,424b4acc68a06ac003e34ad81a1096e6db56e03894bd08efbb250eadf7e27af8,8589755ac23c64ebfa8aefb65686565cbe2e7e1cbbdff09673cee9b87acc2630,JPEG,RGB,253,322,[],dataset/unclean/kamyunet/200460350.jpg
kamyunet/200467078.jpg,dataset/unclean/kamyunet/200467078.jpg,unclean,kamyunet,.jpg,25756,4fd11f2a29b8066c9bb382e8e99f0beb7831a928cc9f4df27a514db91c66830e,84f381c68b325a0c26d52742e4b94dcfe2825a1f1ca915a8f989f79798c04885,JPEG,RGB,273,419,[],dataset/unclean/kamyunet/200467078.jpg
kamyunet/202188960.jpg,dataset/unclean/kamyunet/202188960.jpg,unclean,kamyunet,.jpg,20679,53077c09554cdb75981bdc4e716c07e2a5dd98552d6c4968adcfa7d3a4237c90,f4000e2aa4fd06dff93c08e0e9b65b729735cea87cb1830231c4abca3d032ac4,JPEG,RGB,280,290,[],dataset/unclean/kamyunet/202188960.jpg
kamyunet/202198620.jpg,dataset/unclean/kamyunet/202198620.jpg,unclean,kamyunet,.jpg,17474,2134dd55bbc679575532bf661a5d300d61476927c35cddebd59f99aba97503c5,26777cf0dff3319f1669f451a240a2912b3883642d75b78d2022f561ff8ee895,JPEG,RGB,337,275,[],dataset/unclean/kamyunet/202198620.jpg
kamyunet/202409039.jpg,dataset/unclean/kamyunet/202409039.jpg,unclean,kamyunet,.jpg,34529,609c96016256e251e07ce260b954dc4aedff7b59168fffd50abb2d17565e4448,f1a2c2a6eaacdef7839a4bd306271c71148556ed3dc0776bdd857acb180c14c9,JPEG,RGB,353,578,[],dataset/unclean/kamyunet/202409039.jpg
kamyunet/202540223.jpg,dataset/unclean/kamyunet/202540223.jpg,unclean,kamyunet,.jpg,20547,b1959fc949d7458fad8fe22e919dc1c28d77bd8b3c47f6efc0e07501bf1d61b3,c110357fbcefa5d93a942b94f81d3adf88054ee194843a2512a271e55b547c73,JPEG,RGB,295,360,[],dataset/unclean/kamyunet/202540223.jpg
kamyunet/203426119.jpg,dataset/unclean/kamyunet/203426119.jpg,unclean,kamyunet,.jpg,18784,0a3e0b2917f0399b0bec0ef017084c352bdcbd0565a943c0cde6edf863026a76,b6fa57b6b562849428d7cbb90bfa742ef425889b6684c6a0e6aa31a3516fc534,JPEG,RGB,262,345,[],dataset/unclean/kamyunet/203426119.jpg
kamyunet/205077309.jpg,dataset/unclean/kamyunet/205077309.jpg,unclean,kamyunet,.jpg,26733,55f272bf5cde35a6989cc0079f968d1f20ec7fd680c3a3f036817c25792ad13f,6a51ac2e9e53cc0dc449f7cc80f9817a23942debf2713ffd23b98b1ebd27da67,JPEG,RGB,312,405,[],dataset/unclean/kamyunet/205077309.jpg
kamyunet/205841640.jpg,dataset/unclean/kamyunet/205841640.jpg,unclean,kamyunet,.jpg,19852,36caa1b63a636fb5d68a3c1ed7bd967aa4d2e817c45716221827478e1c81b98f,da612433cf1296fe72efd2eb9e0e83812501874fa4640d0fd961c189910c13bc,JPEG,RGB,251,386,[],dataset/unclean/kamyunet/205841640.jpg
kamyunet/206542315.jpg,dataset/unclean/kamyunet/206542315.jpg,unclean,kamyunet,.jpg,24742,62c437c9cbd4d585d75990b406ebc19b7358ef017d0bc849ff47a83cff40c690,157343376bf666de225fa4d9d66f522f4a7913e1a632deb7cb6110adec1c4b09,JPEG,RGB,270,415,[],dataset/unclean/kamyunet/206542315.jpg
kamyunet/207502063.jpg,dataset/unclean/kamyunet/207502063.jpg,unclean,kamyunet,.jpg,24403,293bea667608922611ed86e95517f5e85b35d2a1af384092a06b168179bdc0af,9e623a0f8c4bdfb8a6063c58c76eeb2a546dc268562511c6bea755965f0fc821,JPEG,RGB,284,400,[],dataset/unclean/kamyunet/207502063.jpg
kamyunet/208424445.jpg,dataset/unclean/kamyunet/208424445.jpg,unclean,kamyunet,.jpg,22349,908f97a9ba26e828105c14ed38b45a7036f290404b0d79a3d6d5079af7e33817,809061867aed4eb6c0755813515a15e90719fc659409f855487a81eef899bffc,JPEG,RGB,303,457,[],dataset/unclean/kamyunet/208424445.jpg
kamyunet/209541758.jpg,dataset/unclean/kamyunet/209541758.jpg,unclean,kamyunet,.jpg,8768,32f793e5d1603f6a095e9df23f77aa3fd0364b74ca2347cd3307ce8a5116a8b1,2cbfb45d14f054874789d19c72d1716f183a1d5cdbb5b87b31db8fd2caa2cd29,JPEG,RGB,180,240,[],dataset/unclean/kamyunet/209541758.jpg
kamyunet/209845919.jpg,dataset/unclean/kamyunet/209845919.jpg,unclean,kamyunet,.jpg,21680,8a06336732a683c30ec1a03efc21831eb807f37c8c073d3746cb9cad1f542854,19bc063bb3cff01b01442ac857cd9ab31c7630430240322b26d46275986d1997,JPEG,RGB,296,381,[],dataset/unclean/kamyunet/209845919.jpg
kamyunet/210099989.jpg,dataset/unclean/kamyunet/210099989.jpg,unclean,kamyunet,.jpg,8642,06661f50a622a01ae4b07cab10d793f8c7a9d62390eb7dcf3d3fdc04c874855f,9d0047e6beb7a215372c6a7be7ba3ec422a3fdd5f7ac91bb3a181a1be7c0e74b,JPEG,RGB,189,240,[],dataset/unclean/kamyunet/210099989.jpg
kamyunet/212046691.jpg,dataset/unclean/kamyunet/212046691.jpg,unclean,kamyunet,.jpg,9943,d7a4a2c4dc71c6aa55ec101ff63d6b72ebaa1948482cbff89ba51fe3196efa31,3c0b443fccfe67cd7fe010638bb4edc7d51fdc79c543d2579d8af05288043964,JPEG,RGB,207,243,[],dataset/unclean/kamyunet/212046691.jpg
kamyunet/212082731.jpg,dataset/unclean/kamyunet/212082731.jpg,unclean,kamyunet,.jpg,8694,80615fc9bd50f8bbb2d3cd82829f721b3122c3619264cba5617de51dfa4edb7f,ae6b1b8e3366d66cab90f2cc0a54e69760fdb4de8f71625f0a2d65f256ed4baa,JPEG,RGB,186,240,[],dataset/unclean/kamyunet/212082731.jpg
kamyunet/212165742.jpg,dataset/unclean/kamyunet/212165742.jpg,unclean,kamyunet,.jpg,8312,cea3038a75bfc8908de3f4525dd74817dd2e65e76baf1c67c0a4e05c7e07d317,be46ded88a8f92ee07480cdb72b2f1b47b65f0a1d3fc396a350c7922e8e3637b,JPEG,RGB,147,192,[],dataset/unclean/kamyunet/212165742.jpg
kamyunet/212708966.jpg,dataset/unclean/kamyunet/212708966.jpg,unclean,kamyunet,.jpg,12424,3b0a40c5b6f8418c329403c325e3cc1d4e8463836ce6bb47563fa128243d15ab,e988b5c34d3eb7dfc0cc350f9d71836535789aec69c07a2cf9395f5d7a8a77c2,JPEG,RGB,304,448,[],dataset/unclean/kamyunet/212708966.jpg
kamyunet/212722682.jpg,dataset/unclean/kamyunet/212722682.jpg,unclean,kamyunet,.jpg,9176,e85900231c8829470233a9197d85351b68ffd0f217e609b5e6be92ec887214fc,19ec7c5b49947c1a65aace3ac2aeb9037836768ec32f5606d3c5e6056549d80d,JPEG,RGB,210,268,[],dataset/unclean/kamyunet/212722682.jpg
kamyunet/212746296.jpg,dataset/unclean/kamyunet/212746296.jpg,unclean,kamyunet,.jpg,21362,aa144c6a8fbf24dfb554b16e9f7b2fab4b028fdb8efac4540565385bd2b46da2,1988d243279128dccce305608f0f259cbd9b8e3bde3de9eb7a4093382ea3798b,JPEG,RGB,274,367,[],dataset/unclean/kamyunet/212746296.jpg
kamyunet/213482233.jpg,dataset/unclean/kamyunet/213482233.jpg,unclean,kamyunet,.jpg,11382,21dcea5b8e4cac01be465c2f6602a582bea1375eedbea53daf6912c3f1f39978,81e4a03e027ab157f8b57524b55237d33028fe036c45e0d6f9ff4d5c570a7fc0,JPEG,RGB,198,252,[],dataset/unclean/kamyunet/213482233.jpg
kamyunet/214105935.jpg,dataset/unclean/kamyunet/214105935.jpg,unclean,kamyunet,.jpg,11228,fe95de3d5d1ee26b6cf3236c85277b582b679b83b8f1a59d973af26eeece2049,215c523c48c7b4fc425754a372c7a21086a2c1b86f85d7a3addfdfaef78c1ec6,JPEG,RGB,198,264,[],dataset/unclean/kamyunet/214105935.jpg
kamyunet/214321010.jpg,dataset/unclean/kamyunet/214321010.jpg,unclean,kamyunet,.jpg,11975,bae72d3c283c29231f2454e85557b411ad7c76e74f6db75791ec6abe1b40b2fc,97cd2cdfc312309745da2c088f970c334964526542c0b32f1fbb61fb56a1dbc2,JPEG,RGB,299,448,[],dataset/unclean/kamyunet/214321010.jpg
kamyunet/215144561.jpg,dataset/unclean/kamyunet/215144561.jpg,unclean,kamyunet,.jpg,17750,7884c24873420d8ef3c34860056f78f80db00fac00d0b4f5b4dfdf4fe2dd431d,26227adc8fbe0393e06f49fd24e5ae1607a7c1b81cce5bb09f43a122b750e536,JPEG,RGB,292,339,[],dataset/unclean/kamyunet/215144561.jpg
kamyunet/215175729.jpg,dataset/unclean/kamyunet/215175729.jpg,unclean,kamyunet,.jpg,43437,06286497950b24b56fde7a46a5a3ede676f18aedf4d8d2a7106d4d87316d886b,644645819aa6c88651ad7f4f9ff50c4d5893c31e0a08bd783c96c326e6836efa,JPEG,RGB,548,754,[],dataset/unclean/kamyunet/215175729.jpg
kamyunet/215242068.jpg,dataset/unclean/kamyunet/215242068.jpg,unclean,kamyunet,.jpg,21151,12661df822f222bf18989c80f7912ac7086562f91352b6cc4f7653a0db90c4f1,cbbe309c8e07782bf2a645e7b2fa4d18d28586d9cbc15eb6a45ddbe1f5cbfbc8,JPEG,RGB,308,350,[],dataset/unclean/kamyunet/215242068.jpg
kamyunet/215286925.jpg,dataset/unclean/kamyunet/215286925.jpg,unclean,kamyunet,.jpg,11532,fb0aa69f6d4c3af49f85581d5c4c24dcb65838a56a1fb715ec0a48e922c073e7,d2718dd63626839d017a7a2c4a66958a28072de661c0bac22ff701f4fbac6dfd,JPEG,RGB,198,264,[],dataset/unclean/kamyunet/215286925.jpg
kamyunet/215345300.jpg,dataset/unclean/kamyunet/215345300.jpg,unclean,kamyunet,.jpg,23495,37980472e9ad5e9d6b8d4b9b9931ca72a3f7927acf51bdf2a5e66159247e77c3,01f91297402457d26f624857d22c9cea4c9fd2f2b4d0ff65856a90497ea6b87a,JPEG,RGB,315,448,[],dataset/unclean/kamyunet/215345300.jpg
kamyunet/215569282.jpg,dataset/unclean/kamyunet/215569282.jpg,unclean,kamyunet,.jpg,10013,a98aa0370f3769ac86c2091465503ab53516cd79864909f84ed33edd369e315f,e0112475448f3e466e35ea0e0067ec65da49ee63081414ff09d5c4f2b83b101d,JPEG,RGB,162,216,[],dataset/unclean/kamyunet/215569282.jpg
kamyunet/215576573.jpg,dataset/unclean/kamyunet/215576573.jpg,unclean,kamyunet,.jpg,27960,b48121ea0cb653857d694cff57ab40886187f17ee856a43130256dd1a2f0a511,31838e3d8e53ad54a494bba5842d7c5a00aa3db8901541a9cc1eb8e762412942,JPEG,RGB,307,401,[],dataset/unclean/kamyunet/215576573.jpg
kamyunet/215589180.jpg,dataset/unclean/kamyunet/215589180.jpg,unclean,kamyunet,.jpg,11265,32413a8f010daa4e14f493820b71f09697846bda9a11788d154a6ed8df4ef5f9,e6285d1ad419b2e89ddbbc560129e008c532518aa1e861ac73862f3c0e38989d,JPEG,RGB,186,252,[],dataset/unclean/kamyunet/215589180.jpg
kamyunet/215600811.jpg,dataset/unclean/kamyunet/215600811.jpg,unclean,kamyunet,.jpg,10957,77d00191d84fd2b8b6c96d7e59708b10a38f111f4ee39af4bd9afb5a25de70c3,49ce88b5ab79d3c957f8512cc52fd4a67ecc2b21f732d9e71410b6d08959febf,JPEG,RGB,302,311,[],dataset/unclean/kamyunet/215600811.jpg
kamyunet/215613977.jpg,dataset/unclean/kamyunet/215613977.jpg,unclean,kamyunet,.jpg,11382,fdf26ca3ce5d26705550a8d937b9adc7df9c653aff3fe65a460273977c93dbfa,fd26e8315eaec78bd4fcb284fcdbd173718b0a87e8a69470ddbf183d33cb8328,JPEG,RGB,198,264,[],dataset/unclean/kamyunet/215613977.jpg
kamyunet/215676546.jpg,dataset/unclean/kamyunet/215676546.jpg,unclean,kamyunet,.jpg,16148,eed1e33da9468a9a6b16290f69d564f287488e929e15b9522d605a6e33f18dc2,5028f6c83aa723202b6fc1e30cf8ade33efcd69393f0f17a7b616619c8cb8844,JPEG,RGB,294,328,[],dataset/unclean/kamyunet/215676546.jpg
kamyunet/215685158.jpg,dataset/unclean/kamyunet/215685158.jpg,unclean,kamyunet,.jpg,8564,15f6f4f152ce1fd28ad162e9c520cf5a7c8b2cf08cf4265c4ad12511c1595a35,ee972ea29817c9bcc026152499119226725f10331fd3700f185197e550781fb3,JPEG,RGB,189,252,[],dataset/unclean/kamyunet/215685158.jpg
kamyunet/215687961.jpg,dataset/unclean/kamyunet/215687961.jpg,unclean,kamyunet,.jpg,23406,0a12a858e4ab06770ccefa3e0c0522bb270cc5336edcb3b139ba30d0339b011e,7e2cad83271af1dea4f1a3c1d94625149090c8c7d144bf9a514d81ffad24f7d3,JPEG,RGB,314,380,[],dataset/unclean/kamyunet/215687961.jpg
kamyunet/215726793.jpg,dataset/unclean/kamyunet/215726793.jpg,unclean,kamyunet,.jpg,24379,2e142cd0554942128637faf50920d22a0544a47a685508c6d052aa244498aa2b,626d9b5c8a98456299376673763c2b33d7f2b79167c08acdf2ba99883e9f0d4e,JPEG,RGB,295,430,[],dataset/unclean/kamyunet/215726793.jpg
kamyunet/215739554.jpg,dataset/unclean/kamyunet/215739554.jpg,unclean,kamyunet,.jpg,30556,2cdac8e497cfd0a7a982d32dbe9854421326a4aa59e55bed67779ce089b5854f,3be7a4d159b6b0180b66f6cbb22987b9b8d12b1e52a5d35f3bec223a191aba80,JPEG,RGB,378,413,[],dataset/unclean/kamyunet/215739554.jpg
kamyunet/215805284.jpg,dataset/unclean/kamyunet/215805284.jpg,unclean,kamyunet,.jpg,11220,e16414b9f0b82a053e0c7b13124626022fe675b3a918f0bb94a9a2087b7468ee,e690bbdc4687f8e451cafbecdf431b1263d25cf6a3c449175271c25bc49695b8,JPEG,RGB,275,379,[],dataset/unclean/kamyunet/215805284.jpg
kamyunet/215809055.jpg,dataset/unclean/kamyunet/215809055.jpg,unclean,kamyunet,.jpg,10310,100e47a4cd2caa285b754953fd8ca1aca550b2f118a52a4096be99b75a01b834,ecb0f9447c9dcef50b7a9ca0a43eb2665244ad6c2701aad8859d650f0acca655,JPEG,RGB,278,299,[],dataset/unclean/kamyunet/215809055.jpg
kamyunet/215814774.jpg,dataset/unclean/kamyunet/215814774.jpg,unclean,kamyunet,.jpg,10791,30feca0d6a45ef87a808b055be8715d6bec7aef288a9611ba3139567852b4ecf,4c35351cbb6fb9ed8870c6359301b11d52b4bb7d4398a0e7803b9676f8930383,JPEG,RGB,292,346,[],dataset/unclean/kamyunet/215814774.jpg
kamyunet/215829451.jpg,dataset/unclean/kamyunet/215829451.jpg,unclean,kamyunet,.jpg,30012,539f1a282b01a315fc12a622e42e66377d75f86eb1e4695028b24e240b1fb2e0,b44633661309408366edf94199c570245aeedd9ec60592e06efde2d080d5ef31,JPEG,RGB,358,368,[],dataset/unclean/kamyunet/215829451.jpg
kamyunet/215839717.jpg,dataset/unclean/kamyunet/215839717.jpg,unclean,kamyunet,.jpg,11831,867a6d5dee9b803a78bcbf5099a426eccbacebb633ff5a079eb9734569b2cd51,ee8129aafd7560d38ba2cf46de3980ef8b92dd33b9401349560a70a980b76af8,JPEG,RGB,195,252,[],dataset/unclean/kamyunet/215839717.jpg
kamyunet/215856019.jpg,dataset/unclean/kamyunet/215856019.jpg,unclean,kamyunet,.jpg,4678,a37d6cbbd2bad781eb15ddbaf53adc9925356e025ac4ff6d1c06690b47a19b8c,5d209d4ce10b42a18863aa6e68eebc4deb007ea68aef5ae411b66c1a9b421eb7,JPEG,RGB,165,216,[],dataset/unclean/kamyunet/215856019.jpg
kamyunet/215884288.jpg,dataset/unclean/kamyunet/215884288.jpg,unclean,kamyunet,.jpg,13160,a65bd29f9fb98dd1b1eca546ee9bde5c92e9cd3a0ad4a4a47897e88671c86933,b3dbf2550c5179f15a8ca13b659dd9426e4014943e8f6e5f536e9b3ddea502e2,JPEG,RGB,207,264,[],dataset/unclean/kamyunet/215884288.jpg
kamyunet/215906129.jpg,dataset/unclean/kamyunet/215906129.jpg,unclean,kamyunet,.jpg,9838,9f62dcb54f781584c82a4b11644133df581e9682fe10972316b3839041740073,ad58a5c57b895c4ca1282255eb3c01bc220296ffc8c8dc9b5caa94db3c323652,JPEG,RGB,198,264,[],dataset/unclean/kamyunet/215906129.jpg
kamyunet/215906143.jpg,dataset/unclean/kamyunet/215906143.jpg,unclean,kamyunet,.jpg,23220,0ef595e3cbdd86831bb56d678275abec5670716a46ff58c88f65a540ffb689f2,c6cf5e0f6c9f21647d6258c1e1ab6152fcdcea93956ace6c120ffb2a06119eff,JPEG,RGB,328,391,[],dataset/unclean/kamyunet/215906143.jpg
kamyunet/215916570.jpg,dataset/unclean/kamyunet/215916570.jpg,unclean,kamyunet,.jpg,21369,413316464f3fc52a1fd5f95984e3b19a1ce75ac352d52ad59db227399738bd5e,3a480f1de98f33774df22e11cdb3a795f0021dea9ea6aef2e0628dae6fd83690,JPEG,RGB,303,377,[],dataset/unclean/kamyunet/215916570.jpg
kamyunet/215917528.jpg,dataset/unclean/kamyunet/215917528.jpg,unclean,kamyunet,.jpg,22717,5baed443fcf2481a6d95a57c2f58f325c03bcbf6378c344f3d567f1ce6021d71,49dc130b66120073e24ba8d22354bfe7ca60ecf4c74ad15b3b44012687a25038,JPEG,RGB,331,317,[],dataset/unclean/kamyunet/215917528.jpg
kamyunet/215951406.jpg,dataset/unclean/kamyunet/215951406.jpg,unclean,kamyunet,.jpg,25750,500372cc438d043f963e75fef920bf6f3d4e242fa478e47a93d50d530c4c83ec,0f58a8ef06f6c4575af6a319b1fe97ebd17d02c1368c42233a7c3bc8d6bbd15d,JPEG,RGB,313,399,[],dataset/unclean/kamyunet/215951406.jpg
kamyunet/215961412.jpg,dataset/unclean/kamyunet/215961412.jpg,unclean,kamyunet,.jpg,19580,ec3ff5423fa21190c026df790c3656334cdf739a6593f6f6d40d2db8a5686f53,1feaa18e2968fd3b787a337fb0c7a9533fcb63ca1f4687040361e4be3eaa404e,JPEG,RGB,275,354,[],dataset/unclean/kamyunet/215961412.jpg
kamyunet/216019031.jpg,dataset/unclean/kamyunet/216019031.jpg,unclean,kamyunet,.jpg,12020,30a7556826b582586df92c02963d0841d80499b2b553d8f98dde9c1cb96c9d4e,5912c1311c8fe72d2a82b1dc3cdb7c5615e78f646e0ccd7a23b02db02d854bb3,JPEG,RGB,198,264,[],dataset/unclean/kamyunet/216019031.jpg
kamyunet/216030677.jpg,dataset/unclean/kamyunet/216030677.jpg,unclean,kamyunet,.jpg,11135,66bd5fa6c1635ffbcfe5db7f5d70d022db1f18f6d7ca24e1b707eecd85a8c2ed,bb7d4b74c7304f5b05e2652d575d7fe9030569022291c74ad6b3aa34d947dc87,JPEG,RGB,272,415,[],dataset/unclean/kamyunet/216030677.jpg
kamyunet/216035343.jpg,dataset/unclean/kamyunet/216035343.jpg,unclean,kamyunet,.jpg,19677,55d0711eaf26c650c1654bff28cdf747abc21e70899009037cb10f343a07f243,300a56d290504273af4c23e21778d83fd0e74570e18bee8800455277dc9ea14c,JPEG,RGB,293,365,[],dataset/unclean/kamyunet/216035343.jpg
kamyunet/216045870.jpg,dataset/unclean/kamyunet/216045870.jpg,unclean,kamyunet,.jpg,12836,f57af2241c40271ac7de731e4e837850fa76b312d0cea77752cd72c3a74dd199,d805886e39dd4ee2417a503bd89c82ba66eee6ef2a45079755493e2e45e87ed0,JPEG,RGB,195,264,[],dataset/unclean/kamyunet/216045870.jpg
kamyunet/216199187.jpg,dataset/unclean/kamyunet/216199187.jpg,unclean,kamyunet,.jpg,12406,06325a1726053287ae9bebed6a0af865bcc8ab34ca5aa4a6e5d467bff9f308ee,dd42a8a3dfe6dc91e40a49b12782970cad3b3e16a1fc8da858e3eb22ba763373,JPEG,RGB,207,276,[],dataset/unclean/kamyunet/216199187.jpg
kamyunet/216223738.jpg,dataset/unclean/kamyunet/216223738.jpg,unclean,kamyunet,.jpg,18150,c101a9e68afb9f4727290c16f96f5b3002896ab10abfcf8b2fb25b7e023ec636,abddd247252063d5a9870546a713e9de7c1f68547d7af688afd5916d5ceb87dc,JPEG,RGB,281,385,[],dataset/unclean/kamyunet/216223738.jpg
kamyunet/216230183.jpg,dataset/unclean/kamyunet/216230183.jpg,unclean,kamyunet,.jpg,19339,814c2177189276df5d6533b586d287991d58484cddaf390ef38b709c3fe3d9cd,72127b3ca6f70f840e755f06c3a1d6b30026e2536fb1856be2c877fa72a59210,JPEG,RGB,290,373,[],dataset/unclean/kamyunet/216230183.jpg
kamyunet/216317142.jpg,dataset/unclean/kamyunet/216317142.jpg,unclean,kamyunet,.jpg,7524,1b305aebe88b0bec804551a80d7500c25901f055ae89f5af48798777fa062fae,aa54726376be036c4c24807145ada110bdee77c07f76cc4ac39f4cd414ecc76d,JPEG,RGB,198,264,[],dataset/unclean/kamyunet/216317142.jpg
kamyunet/216430042.jpg,dataset/unclean/kamyunet/216430042.jpg,unclean,kamyunet,.jpg,7579,fa348bcce1de47e9a1bd408453fb6b5ac8e2ba4ef24fbdf04e33c2b253e4f82d,9961c8ea072541a67fa0f542116435fa5fed6b2690e67c2cd387e9373877a90e,JPEG,RGB,186,240,[],dataset/unclean/kamyunet/216430042.jpg
kamyunet/216446865.jpg,dataset/unclean/kamyunet/216446865.jpg,unclean,kamyunet,.jpg,8773,12eaae25c47a4fee27818c6c152b5f0713b34a35e874e2120c26fb8445868fc9,5cb4ed20fc843edfe1ae61bead2874c10e2c981fb5d38f6f79c25cfba040c03c,JPEG,RGB,171,216,[],dataset/unclean/kamyunet/216446865.jpg
kamyunet/216447524.jpg,dataset/unclean/kamyunet/216447524.jpg,unclean,kamyunet,.jpg,10789,269a640e4d80e7d9136fdf7d08ef9b0add9e365cccb9b3eb00bd63d7900e461f,5c4a2a0b8953a6951dced4ba5caa920c6311dfb379e88f1ac8f26054796bab3c,JPEG,RGB,189,252,[],dataset/unclean/kamyunet/216447524.jpg
kamyunet/216480042.jpg,dataset/unclean/kamyunet/216480042.jpg,unclean,kamyunet,.jpg,12749,af0c353984fb97a0f5a854bba5bc5650ce43907b7fd1890127684cbdb564c5a0,b4ae9f19ac5dac63aa013d317f1ff959763451d83edb5dd78084615b40127c98,JPEG,RGB,210,276,[],dataset/unclean/kamyunet/216480042.jpg
kamyunet/216491496.jpg,dataset/unclean/kamyunet/216491496.jpg,unclean,kamyunet,.jpg,20755,64119962437607cd7dd9231144ea7495069ccd5dc0f37c9420c651c547dc1d09,6d8742304ba2e65c0efa10ee69e1e45d4c57aa136d1c847bfc4de5755fd59a6a,JPEG,RGB,276,390,[],dataset/unclean/kamyunet/216491496.jpg
kamyunet/216538122.jpg,dataset/unclean/kamyunet/216538122.jpg,unclean,kamyunet,.jpg,9356,ad73207ad3451e0ebf3437080aa7f01863a48403ed89dd570a4829b34651b2ad,d59588d56e9f7f030bf44749ff675a86eb8d1e337532e36aa2c5ea7df5979360,JPEG,RGB,257,333,[],dataset/unclean/kamyunet/216538122.jpg
kamyunet/216539171.jpg,dataset/unclean/kamyunet/216539171.jpg,unclean,kamyunet,.jpg,12155,f009224715faf9ff5a5ecfb6eb2e2f9a9857870bc0486067cd273a7a5c30061f,18442a57918a1eb66a24e5f3a30f4bc94b624a17c77ea7fe8803ada194132cde,JPEG,RGB,210,264,[],dataset/unclean/kamyunet/216539171.jpg
kamyunet/216578494.jpg,dataset/unclean/kamyunet/216578494.jpg,unclean,kamyunet,.jpg,9802,404cf567f9ddc66b3252d1ec59bc148dde198d35b6faa6ff6b86cdd31c3214fb,e5dd0668a7a9112c1327aeb5f607ad60658e6344b48df196bcc7e82c8d3d7b2a,JPEG,RGB,268,323,[],dataset/unclean/kamyunet/216578494.jpg
kamyunet/216631549.jpg,dataset/unclean/kamyunet/216631549.jpg,unclean,kamyunet,.jpg,10967,faecf30fc01d64b6b4d55cb35ca6cb57ddc4abf232d125b46eb56756315a9718,15552f329427d5fac3215c063db1796a41f6d61b8174da1828f7893c10f57cd1,JPEG,RGB,210,261,[],dataset/unclean/kamyunet/216631549.jpg
kamyunet/216673880.jpg,dataset/unclean/kamyunet/216673880.jpg,unclean,kamyunet,.jpg,22133,1e8bba3a294e3de3f9dcda587426e3e69c172ca440d5ac17c5ebae5ded106ea9,2881ceeeebb0d1acc44de1aafc58bd71b7b4f05a0d4d95974d86aff5775b2e74,JPEG,RGB,289,448,[],dataset/unclean/kamyunet/216673880.jpg
kamyunet/216733938.jpg,dataset/unclean/kamyunet/216733938.jpg,unclean,kamyunet,.jpg,11968,13b89412433bdc2160e89429b2b7082775cc2912f42b557d641cf9cd965ea7f5,1f25a96442038f5762054e266131be9e08ea300846ef259219f7da80fea29bf0,JPEG,RGB,301,410,[],dataset/unclean/kamyunet/216733938.jpg
kamyunet/216742207.jpg,dataset/unclean/kamyunet/216742207.jpg,unclean,kamyunet,.jpg,9285,315285ca8fed24f81ebad382d953d0f26ecac748d0a41041400f294b61941cfd,0ead48f27903f9cbff603fcef24d07ff852912cca65a5f28abd69aa4b361f686,JPEG,RGB,189,240,[],dataset/unclean/kamyunet/216742207.jpg
kamyunet/216748572.jpg,dataset/unclean/kamyunet/216748572.jpg,unclean,kamyunet,.jpg,19378,97343fa96d573c168181301a7e2effda0fbd47c40425d0ac83c7def5c6d7b03e,300510736f65d7880c0008a940366f607fadc9ef3f674d8ee560733a5e1211f3,JPEG,RGB,286,377,[],dataset/unclean/kamyunet/216748572.jpg
kamyunet/216779337.jpg,dataset/unclean/kamyunet/216779337.jpg,unclean,kamyunet,.jpg,20364,ea00bdbe89ca8553cb2ee038883f70ae6316903fa3bf25b423c8ffde135aeb23,940b038ba1733463882bd6752a5508daf5132a76c78c37567fca3a4a74c1feba,JPEG,RGB,301,366,[],dataset/unclean/kamyunet/216779337.jpg
kamyunet/216808886.jpg,dataset/unclean/kamyunet/216808886.jpg,unclean,kamyunet,.jpg,23963,4c5f4a02e5a61abdf34d5dfee2e77d2857bd5d54c6895d36e14659cbd45fc5a6,0ec88b1eb6242ff3871e92bab80146eedd399db981bd1a9f0f4fe5a215d73758,JPEG,RGB,306,346,[],dataset/unclean/kamyunet/216808886.jpg
kamyunet/216816286.jpg,dataset/unclean/kamyunet/216816286.jpg,unclean,kamyunet,.jpg,12039,9a87770403c8ae02be8d49e53d66f673b6c10981113a7a9fa04a369a46b5f3a0,04536e82647822aedb646b84b0459fc803f1ee7802694882aa5c3a21c7f6256c,JPEG,RGB,171,228,[],dataset/unclean/kamyunet/216816286.jpg
kamyunet/216829724.jpg,dataset/unclean/kamyunet/216829724.jpg,unclean,kamyunet,.jpg,11721,1524fe8b8b29a66339ce2fc7bedb08d800ae3c1994de4223f8761f0482ca9d03,2c4a34bcdd924c2886074c23dc3ef1cf86992d4fd6fd85bd3b93c91843febed0,JPEG,RGB,207,257,[],dataset/unclean/kamyunet/216829724.jpg
kamyunet/216833735.jpg,dataset/unclean/kamyunet/216833735.jpg,unclean,kamyunet,.jpg,10997,9dd81d446f1cb025bfb0ca8e00fa09573dddc3a5272a1fb9b0ef444659400e4a,a80a4318d4ea33562b321ef2d1040353629793032e069bcf7946df32eb11f307,JPEG,RGB,198,264,[],dataset/unclean/kamyunet/216833735.jpg
kamyunet/216864100.jpg,dataset/unclean/kamyunet/216864100.jpg,unclean,kamyunet,.jpg,7074,8abbfa1888475b6427cb8f15a86452bfaa1eaa47bbe0da207724d6f16366df4f,dfb88b64fe2fcee48ef68792c81928f0730704a3d521b108474da9eedc9efa7b,JPEG,RGB,207,261,[],dataset/unclean/kamyunet/216864100.jpg
kamyunet/216904183.jpg,dataset/unclean/kamyunet/216904183.jpg,unclean,kamyunet,.jpg,28621,8275b3d3976078f5d6d1c4ab1d40d9a2e7bff19fdd7849ed1b1a12eccef89e34,931bc30efc32c0118aed9602ee050b79513bf6eaf9c69f621c0c86a16f5cda74,JPEG,RGB,338,446,[],dataset/unclean/kamyunet/216904183.jpg
kamyunet/216916842.jpg,dataset/unclean/kamyunet/216916842.jpg,unclean,kamyunet,.jpg,11806,2b009dfbed1e67ed49904fadf851bbc3533e5a0bdf95f16c5411c5aff1b91ac6,0c2d16bc1310812468661bb84961f0f76dc050646c11fa10915c07bfced5c658,JPEG,RGB,273,391,[],dataset/unclean/kamyunet/216916842.jpg
kamyunet/216930847.jpg,dataset/unclean/kamyunet/216930847.jpg,unclean,kamyunet,.jpg,18155,1075e2d3edc7e1f0482aab443e4af1242c9eb096135d1cbe7e6d21fd0ebe2f0b,136cb4c2cf18ec44a945f21ceb299538ae1be7f9d779d30be151a3cc76fb3905,JPEG,RGB,305,301,[],dataset/unclean/kamyunet/216930847.jpg
kamyunet/216941617.jpg,dataset/unclean/kamyunet/216941617.jpg,unclean,kamyunet,.jpg,8035,a5d938ed076a778a31193015e78dc30ecae43b246578e1a2331d3b1a3ae2e759,36b735ad76e02e37478f61f3f42616ffbc59613f34c9c11d7a4483231804fe23,JPEG,RGB,198,264,[],dataset/unclean/kamyunet/216941617.jpg
kamyunet/216964385.jpg,dataset/unclean/kamyunet/216964385.jpg,unclean,kamyunet,.jpg,30461,0a483ca5f8bd4fdd674ebfb400dd1ab9db3646de44cf6b839dd45cf145b14194,245491594e52df15c1bd72afb234919d0abd587c1e91d6b5279d762efc3f1332,JPEG,RGB,313,446,[],dataset/unclean/kamyunet/216964385.jpg
kamyunet/216984996.jpg,dataset/unclean/kamyunet/216984996.jpg,unclean,kamyunet,.jpg,14701,5fe6684d1e21988c0bc8949166b7dd2aef2aa00daf68005a24b4e73e6579f2c9,1b89cc6c7eb41a3d5f0c827eba2ad54802f8ecec11ebf120fe03372880a111fc,JPEG,RGB,320,241,[],dataset/unclean/kamyunet/216984996.jpg
kamyunet/217008914.jpg,dataset/unclean/kamyunet/217008914.jpg,unclean,kamyunet,.jpg,6656,fed86214f2b2edb9144eb69e9763ffef8ca189e53698f1d8e3ab8835584eefa3,d8dcf058cbaea7be73e2a54a6bc967277f33968fbebff8ac20bdca0fcb0e5412,JPEG,RGB,210,243,[],dataset/unclean/kamyunet/217008914.jpg
kamyunet/217054200.jpg,dataset/unclean/kamyunet/217054200.jpg,unclean,kamyunet,.jpg,21073,2a8fcc4ee07a14fc0e49379f2a378e957fa8964ffc1bffffc9922af6620af705,23b0fe4af5883eed781ce0c0e938d3c6e726491447752f1ab30e89a176047d5f,JPEG,RGB,312,342,[],dataset/unclean/kamyunet/217054200.jpg
kamyunet/217083046.jpg,dataset/unclean/kamyunet/217083046.jpg,unclean,kamyunet,.jpg,6580,586880637dd0dea19cef4381a6b5b6e141e28d36e98aeea1550abca71340ab8a,790bd2281f48f6d7fa4071eafdb6ac488418732180f854f9624f657c198bace0,JPEG,RGB,189,252,[],dataset/unclean/kamyunet/217083046.jpg
kamyunet/217140921.jpg,dataset/unclean/kamyunet/217140921.jpg,unclean,kamyunet,.jpg,19373,0ecc39260829c1ee9e5eaf6ea67cba7cd1d229552037b41cc669200d8dbace6e,198e10c51ca6286d38526fff12dfbf0e0e8247381c11ad5c4b616dccfd3a1216,JPEG,RGB,322,416,[],dataset/unclean/kamyunet/217140921.jpg
kamyunet/217143476.jpg,dataset/unclean/kamyunet/217143476.jpg,unclean,kamyunet,.jpg,8488,5a2f84df0a5089ae8fa8b5fa5c0a38d0c6f248a7d30bd11a918e174bd85df152,c47d6a0a5248dc17bea6951c2c833a7de2412d1006a3fe7b90d47ed145e91cc3,JPEG,RGB,264,303,[],dataset/unclean/kamyunet/217143476.jpg
kamyunet/217193298.jpg,dataset/unclean/kamyunet/217193298.jpg,unclean,kamyunet,.jpg,21529,75a1cc0d6db3741ff4044a82c544e225f46c74cca7ef6f0bb4f30aa962980b29,a183545cf04ddfe0462e5afb5b805fd4926e1c7d446358af2b47a8fc4eab93ce,JPEG,RGB,332,334,[],dataset/unclean/kamyunet/217193298.jpg
kamyunet/217203031.jpg,dataset/unclean/kamyunet/217203031.jpg,unclean,kamyunet,.jpg,30262,012660998c753c64457f4580a72be0626900538d6193ba248f14c6d86a377ef9,5fb5b9b7a9b1ecda6a370f8dbe3be7d11bdd9aeea78bc85b7a062864d4410a07,JPEG,RGB,353,448,[],dataset/unclean/kamyunet/217203031.jpg
kamyunet/217558245.jpg,dataset/unclean/kamyunet/217558245.jpg,unclean,kamyunet,.jpg,10010,2f715c668be9e76aa8354b84d030d04b9c43ca3f31c7a2839c2016663d393ee6,be561cbde372aa4091181916ce727af3c4f92b8534937d5ed8c0f36d941b6ceb,JPEG,RGB,198,264,[],dataset/unclean/kamyunet/217558245.jpg
kamyunet/217624081.jpg,dataset/unclean/kamyunet/217624081.jpg,unclean,kamyunet,.jpg,7781,87a8ff47e331265651ba8465b5602e33ca7ee79f05a7d394b1062a16e6ed72e3,48bf4bf2e137f68d2bbaea9bacc4b5a49181e98c495e48ec61618c3ae7283566,JPEG,RGB,210,276,[],dataset/unclean/kamyunet/217624081.jpg
kamyunet/217762838.jpg,dataset/unclean/kamyunet/217762838.jpg,unclean,kamyunet,.jpg,9504,b80d2678e37394cd6ef6746764730c267350b450d707aacce5302e0fcb075470,8230df7c352b80ddb522d316ce731b1b9dc40a54c9ec73b64dd238406d2937e5,JPEG,RGB,198,254,[],dataset/unclean/kamyunet/217762838.jpg
kamyunet/217807697.jpg,dataset/unclean/kamyunet/217807697.jpg,unclean,kamyunet,.jpg,24133,bc87003daacc1b6ae74c172bf73d4a482ee6c7ad96a879047b29f7882d53a139,a51e4d72783b0d2882424a0eee0e7d503e923a46924c65ac832db9b7f760e742,JPEG,RGB,330,368,[],dataset/unclean/kamyunet/217807697.jpg
kamyunet/217831667.jpg,dataset/unclean/kamyunet/217831667.jpg,unclean,kamyunet,.jpg,10861,65f264df82f21987a8e20f06ef026d8c3851b8246d6bc91d882f0c86aa64d184,aff3af1b0615198072ee8a52841d8abdec6d5e79d6144595ec983fa7866cfc6a,JPEG,RGB,198,264,[],dataset/unclean/kamyunet/217831667.jpg
kamyunet/217859902.jpg,dataset/unclean/kamyunet/217859902.jpg,unclean,kamyunet,.jpg,14163,dffd1987b6b307e46d1e3eaa20e812392205aae250dab91f9227ea439e64c3e2,f85dc8c32e5661f9475f15f8d1982d54d1285e935856189ff13fddefc1bfea2a,JPEG,RGB,345,448,[],dataset/unclean/kamyunet/217859902.jpg
kamyunet/217880543.jpg,dataset/unclean/kamyunet/217880543.jpg,unclean,kamyunet,.jpg,25258,55bf218a2e1f13b6b1ce1f0e6d5babfdb680300f33b7212cd2282103b1f71724,77077b5517beeb140adcf5e8598c08fb0bc1569f57080016b67c2a0d11e16137,JPEG,RGB,341,356,[],dataset/unclean/kamyunet/217880543.jpg
kamyunet/217895269.jpg,dataset/unclean/kamyunet/217895269.jpg,unclean,kamyunet,.jpg,21817,6d66d49c2d1e633783b9ebf887588da75dfae21fa23e50b17f7ebc98cae01042,15b314bbe0de4d80206897cf5c8de8a27db2b664673a0648ba9beb89dc216e99,JPEG,RGB,278,390,[],dataset/unclean/kamyunet/217895269.jpg
kamyunet/217914514.jpg,dataset/unclean/kamyunet/217914514.jpg,unclean,kamyunet,.jpg,10543,3da96c6b1c79e353f5414935e5ad828f632f5cef24393d6c27e4c495c34d1d6c,2417fb0d5b670277b017e63c9477ec504298b00aec281832fcf6a9b7e352f410,JPEG,RGB,195,255,[],dataset/unclean/kamyunet/217914514.jpg
kamyunet/217933127.jpg,dataset/unclean/kamyunet/217933127.jpg,unclean,kamyunet,.jpg,6209,1a0da41a708da29200573ba5b3af605a337432ad6be66cca42ad891d6c78bb59,f27669ebc971b164b13b89981658746170111942a4fdff548e1cba3bf525311f,JPEG,RGB,207,210,[],dataset/unclean/kamyunet/217933127.jpg
kamyunet/217948136.jpg,dataset/unclean/kamyunet/217948136.jpg,unclean,kamyunet,.jpg,9164,c8b050eb9a1a4224f2d997fa962a9120a42f366bcc3b0b0a7278f9d72b073049,c02b8f42f8779c002ffd49d7f9a3dec854e3df06ee7137c78879f8c56b1e1b7d,JPEG,RGB,171,228,[],dataset/unclean/kamyunet/217948136.jpg
kamyunet/217999922.jpg,dataset/unclean/kamyunet/217999922.jpg,unclean,kamyunet,.jpg,12075,cb6ce31d42ec2596df54428e5d02ce7d37bb1ae08c6474a8049868b44ae6141f,690c2f68be8b35a8b2374caa30a827001a7fcd99a459e82480113d8cdab6da80,JPEG,RGB,305,420,[],dataset/unclean/kamyunet/217999922.jpg
kamyunet/218064792.jpg,dataset/unclean/kamyunet/218064792.jpg,unclean,kamyunet,.jpg,9635,299dc96421fbbbcc3515252c715133bf83948779fe50b4c218f66dfd79f73aa8,1f963c736d62b15fc24ddec5be4d1bc25588a0cc0324222edd8f59ec96d51bfa,JPEG,RGB,198,240,[],dataset/unclean/kamyunet/218064792.jpg
kamyunet/218065087.jpg,dataset/unclean/kamyunet/218065087.jpg,unclean,kamyunet,.jpg,29623,11a62bf86fa14cba138e488d4b450487b47ca73be9db3636f70316c3f6054717,726c861ee85ae9b678e97136e1d6e29cac2b36b8aec1a4a10dd252bce5e902c2,JPEG,RGB,313,398,[],dataset/unclean/kamyunet/218065087.jpg
kamyunet/218071562.jpg,dataset/unclean/kamyunet/218071562.jpg,unclean,kamyunet,.jpg,18512,ed7fb28f659c809bdc16a526453ee798450ae958182ea2249059f863de723204,f80c9f9fbc5015abb25df26762a676c22ed40453d5164fe688967409d4fdeee9,JPEG,RGB,291,311,[],dataset/unclean/kamyunet/218071562.jpg
kamyunet/218078546.jpg,dataset/unclean/kamyunet/218078546.jpg,unclean,kamyunet,.jpg,26406,5cc3e4e86f92ed5786fe86c1d019039489dcc22c269b7b9b989deeb708f330dd,750ef557151955366d7621c5ebeb3b2572f17e815ae1325e7f10140e0fa34056,JPEG,RGB,323,415,[],dataset/unclean/kamyunet/218078546.jpg
kamyunet/218167231.jpg,dataset/unclean/kamyunet/218167231.jpg,unclean,kamyunet,.jpg,19836,10ab237550e6e9d9d67fb4b6dd36cdfb0423880771126eddc5c73a1309d08214,9a9ce340be38bf185c75a2df11c310714dd000d08780c5c6c70969af33d0bc50,JPEG,RGB,293,297,[],dataset/unclean/kamyunet/218167231.jpg
kamyunet/218187809.jpg,dataset/unclean/kamyunet/218187809.jpg,unclean,kamyunet,.jpg,19462,c3a6b043f99bbe9d073be9d0734bc483a6c2485ba791e0fa6bd1d40f424ea52e,aeb4b7be0d50086354304480c3dd028fb26682824fee49c4757622b5a3b7520c,JPEG,RGB,277,365,[],dataset/unclean/kamyunet/218187809.jpg
kamyunet/218203951.jpg,dataset/unclean/kamyunet/218203951.jpg,unclean,kamyunet,.jpg,21402,437de5a99bcd3d4a2b05738ec49dce89ab6695780d9b2609258b8a4e828f03e3,83f5a4e46de7537b1aa1872a56dc8a97c54a327051ba8bc13593bbdff135d5f0,JPEG,RGB,291,390,[],dataset/unclean/kamyunet/218203951.jpg
kamyunet/218206459.jpg,dataset/unclean/kamyunet/218206459.jpg,unclean,kamyunet,.jpg,9425,37c683b184d3a253ad10fafc41831245f5b5b501454dc7ca1aa1bf52fd7e527c,654e39d80e6b767b1cc99aeabffa5e6d728fa8272b1cf6ce001062b89a6e6b42,JPEG,RGB,198,210,[],dataset/unclean/kamyunet/218206459.jpg
kamyunet/218324130.jpg,dataset/unclean/kamyunet/218324130.jpg,unclean,kamyunet,.jpg,29170,12ea082867bfb144944606c9b5ffa31fe92701f15b86de6e75e9e53cc98b4fc6,2339ebeaa90a217b517131814535cf804add08227b153e2442b2ca7dd8a18d9e,JPEG,RGB,329,448,[],dataset/unclean/kamyunet/218324130.jpg
kamyunet/218340234.jpg,dataset/unclean/kamyunet/218340234.jpg,unclean,kamyunet,.jpg,9250,a714686cf596b54d7e280981e2f68095834b6397084f51621ad033a1ca19edcc,c43392182617eb7f298a049c4797738621bdd838830353d142b4978394f3d526,JPEG,RGB,210,210,[],dataset/unclean/kamyunet/218340234.jpg
kamyunet/218365461.jpg,dataset/unclean/kamyunet/218365461.jpg,unclean,kamyunet,.jpg,21925,c8ccc94dbf8864585c69e23c74d2555b744af53714d0d2d5f2583375a418e50f,2defbbef566c9f5ce1b416fe3de651efeee3161870266500d686f23a4512141d,JPEG,RGB,276,379,[],dataset/unclean/kamyunet/218365461.jpg
kamyunet/218410038.jpg,dataset/unclean/kamyunet/218410038.jpg,unclean,kamyunet,.jpg,10490,552cca3ef616380e6b76a86088217a480f78e73aa47b00397e3941b474c6fc95,c3ff5a26d0d510e297f0b390783fdddc6d5fd1d5a080dd1a86f59d37b6c2e685,JPEG,RGB,282,347,[],dataset/unclean/kamyunet/218410038.jpg
kamyunet/218451178.jpg,dataset/unclean/kamyunet/218451178.jpg,unclean,kamyunet,.jpg,29571,53b85f5077ecc73828c3649957caa6b65ac3812b49aa01897918940577fb3809,4716234e901d78ac67bcbb4d98f145854bdd4dc7a67632e527ce165b51e2ab89,JPEG,RGB,312,448,[],dataset/unclean/kamyunet/218451178.jpg
kamyunet/218510929.jpg,dataset/unclean/kamyunet/218510929.jpg,unclean,kamyunet,.jpg,12026,cf65df8b61c432b6a985dd0c50ccbd564dcb40143ceff67e3d6889cf6d9b9bdd,5ec602ebfb2e4381cb57e64021815e7b0c6d6a73131ca482b40e7d5b5c747fa0,JPEG,RGB,318,302,[],dataset/unclean/kamyunet/218510929.jpg
kamyunet/218525760.jpg,dataset/unclean/kamyunet/218525760.jpg,unclean,kamyunet,.jpg,21821,28ab15e2952ad4a426cb8b4623a9ac655ddad4056f374ade4db0b0a77eec30e6,8d47f7e083c30f8f41c23f378eb2c53f355a0d6e61d3f1ed4b958475c826f3f5,JPEG,RGB,277,382,[],dataset/unclean/kamyunet/218525760.jpg
kamyunet/218587067.jpg,dataset/unclean/kamyunet/218587067.jpg,unclean,kamyunet,.jpg,12399,3af155705ad5b788bb2c43e404755c36f939719865ec696be35aed8f908c2803,bcfba339ef11831d102f4e03dfca4926f8ecc3dac4ce5ccacde04b77acdfdc9d,JPEG,RGB,180,252,[],dataset/unclean/kamyunet/218587067.jpg
kamyunet/218624593.jpg,dataset/unclean/kamyunet/218624593.jpg,unclean,kamyunet,.jpg,11538,c6e7f3e1e013534b7d148a8502096c89f05d125cf1f2d7e28d7c3c9ea9eccf3e,42ebb783b7adabc45cee80bc1c02e826cb89a1860dfc387b671f27092e3d7472,JPEG,RGB,207,276,[],dataset/unclean/kamyunet/218624593.jpg
kamyunet/218719224.jpg,dataset/unclean/kamyunet/218719224.jpg,unclean,kamyunet,.jpg,21864,05d443f20f72c936eed187c6c1ed7c5646554983635e39a8052d95a7c1edfc39,c321df149678b7a0c79754cf29c27b2f6553684ce91871ae2dce909ea3964bd0,JPEG,RGB,288,367,[],dataset/unclean/kamyunet/218719224.jpg
kamyunet/218723178.jpg,dataset/unclean/kamyunet/218723178.jpg,unclean,kamyunet,.jpg,17288,a68226efbe44bd62b9d97c1fcada42f12651748c9b971303e4d2b9a5702a19a7,d38b9d7f074bc116f9815e4ca6ba97efafe4134346d6a3b6ab3d298ae8dd7048,JPEG,RGB,275,308,[],dataset/unclean/kamyunet/218723178.jpg
kamyunet/218727216.jpg,dataset/unclean/kamyunet/218727216.jpg,unclean,kamyunet,.jpg,15586,f2da38259a72cae30b43d176a81372b2c996848e14892888f60099975f7191c7,3df301f8586818eee6da755e1bd32109e80b7488a6b2018e0a809a17ef03ad33,JPEG,RGB,283,304,[],dataset/unclean/kamyunet/218727216.jpg
kamyunet/218729757.jpg,dataset/unclean/kamyunet/218729757.jpg,unclean,kamyunet,.jpg,21608,a7b150b403e4024e312ae6f86ae84aa80324d5432789a1df67581144add2e62e,3dd81d55caf3c1953a39e6f3a2f27d332a99476762ee51fcc4c7dee352c60de8,JPEG,RGB,311,370,[],dataset/unclean/kamyunet/218729757.jpg
kamyunet/218756122.jpg,dataset/unclean/kamyunet/218756122.jpg,unclean,kamyunet,.jpg,20208,aef7b5eb44d5eeb41aac09459e990d7161ffbf8d2c8c87fc1d939428dceeb03f,3aa508f75987e443879419eda61c145fab7b7b8bbf245461ece2fa7318d16263,JPEG,RGB,278,357,[],dataset/unclean/kamyunet/218756122.jpg
kamyunet/218804409.jpg,dataset/unclean/kamyunet/218804409.jpg,unclean,kamyunet,.jpg,24850,9c2f3de7ed4fd28b83adebf5a406b4d6e8f6e08dd229d7cbee05377e3c40737d,c678a88605ff76bec0d6c890e5b8440f8310e1833104bfcbe776983a44a17943,JPEG,RGB,326,368,[],dataset/unclean/kamyunet/218804409.jpg
kamyunet/218804420.jpg,dataset/unclean/kamyunet/218804420.jpg,unclean,kamyunet,.jpg,24329,7691fe5c037a983c619a88b442cfe387b8ffa77fb7ebb7e21167590a15c5653c,45c564a8504ef77e5cdd3153d68dc22dd7c06f994e1807d92035a8832c1c8d78,JPEG,RGB,323,444,[],dataset/unclean/kamyunet/218804420.jpg
kamyunet/218812826.jpg,dataset/unclean/kamyunet/218812826.jpg,unclean,kamyunet,.jpg,11888,274c24b2c446de0cbca75a5144e0621bff76a847dae5a4ac7838b90b813fb988,c247017670cbad44a6d92f7cc62890852fdc7104fe31b1bc8bd6828d34d3ad3e,JPEG,RGB,207,254,[],dataset/unclean/kamyunet/218812826.jpg
kamyunet/218878704.jpg,dataset/unclean/kamyunet/218878704.jpg,unclean,kamyunet,.jpg,19741,d9b9291ac882b02275ff525ba5b2ff0ff4084f6b43aa9b1e32b970e2606277f9,88d6cdb4221c220fe1e1986bd25419418815a7c70adf3929638c354097aa5e64,JPEG,RGB,320,318,[],dataset/unclean/kamyunet/218878704.jpg
kamyunet/218894134.jpg,dataset/unclean/kamyunet/218894134.jpg,unclean,kamyunet,.jpg,10710,5573db7c0abe0fd59744b8b22b39ccae1dc9a3af14f890df75a4d7accb478f46,578be3b2b4aabd587647527c5ed921f19a59eb9d9907a0e7e8ec2d3d59ca9597,JPEG,RGB,189,240,[],dataset/unclean/kamyunet/218894134.jpg
kamyunet/218913388.jpg,dataset/unclean/kamyunet/218913388.jpg,unclean,kamyunet,.jpg,13109,4e36558c9fae1ca7e643981436007529af565931d7710218ca9abc7fb11b8ca9,36b21aee48919047b495111b99d38fc5147ac33094cc0a64e9808d0ed54fea7a,JPEG,RGB,310,272,[],dataset/unclean/kamyunet/218913388.jpg
kamyunet/218970114.jpg,dataset/unclean/kamyunet/218970114.jpg,unclean,kamyunet,.jpg,7545,000336003ffea25463013584a53a95cbf6d75fee08cf74d7054846a2013fd661,465ef3a2d741ee85c28c40d47a85c7e908099a0762969a705c7091ad78a99b55,JPEG,RGB,189,252,[],dataset/unclean/kamyunet/218970114.jpg
kamyunet/218974741.jpg,dataset/unclean/kamyunet/218974741.jpg,unclean,kamyunet,.jpg,7368,ffe09c1bbd422061e0f78d764905b6a5db43234ad383daf124016c134d3c89eb,fe79bfd4e7a53eafd4c8107f46d7ee6061087c72360e8a9dfc2284d748330941,JPEG,RGB,144,192,[],dataset/unclean/kamyunet/218974741.jpg
kamyunet/218984813.jpg,dataset/unclean/kamyunet/218984813.jpg,unclean,kamyunet,.jpg,6143,bd6c2b5790a2f976af5ae4f7391f622a05323af0257a48b39109896b2520178a,b9cbc1b755e7098fbb06578cff5829d227a355b8940a8746453750899c33ee79,JPEG,RGB,186,232,[],dataset/unclean/kamyunet/218984813.jpg
kamyunet/219008632.jpg,dataset/unclean/kamyunet/219008632.jpg,unclean,kamyunet,.jpg,14912,2d0ac15b048dcfc8259717f0dbda87f32bf45381f5bd7107418c338a87476262,426d52ea3e8ebc552336ac4a4f3dce29fc787e9b6cdcb5da819201042b126532,JPEG,RGB,269,330,[],dataset/unclean/kamyunet/219008632.jpg
kamyunet/219008707.jpg,dataset/unclean/kamyunet/219008707.jpg,unclean,kamyunet,.jpg,9992,af171c8e733c95e157190187c0a956133bc51c4d9598a55ff6bb5964178de8e2,ea36a0b8bedde2960f99fe76e7f96f6ff76e5e9c018baa48ade1f669fb85b14c,JPEG,RGB,168,232,[],dataset/unclean/kamyunet/219008707.jpg
kamyunet/219017445.jpg,dataset/unclean/kamyunet/219017445.jpg,unclean,kamyunet,.jpg,24116,69fe81c764e9f1a7a899034d54a65087c4c7b0499b0df5f634a525a8d6b367e2,8e3dcad6799d4c6e9c4d56ebdb6cebc6a9854c7a0b35865ebaed67cdb4adf3c2,JPEG,RGB,298,448,[],dataset/unclean/kamyunet/219017445.jpg
kamyunet/219021636.jpg,dataset/unclean/kamyunet/219021636.jpg,unclean,kamyunet,.jpg,19239,c941741d0566f5b7aa501ab17488cfed3ff1c2ceff3a329cd27baa0baa150025,d3dc758ba09d2509e280a778a518f006de607ad2e18154f76790a6fa1c742ee1,JPEG,RGB,294,397,[],dataset/unclean/kamyunet/219021636.jpg
kamyunet/219069952.jpg,dataset/unclean/kamyunet/219069952.jpg,unclean,kamyunet,.jpg,14082,02ad1a6be126a8eb580bc19ace9561a8208e670a67996a48b9d10271fac04320,1e9bfe6224fb632743eedce0904289059ce5cd837801958c52322c2989b5777a,JPEG,RGB,183,296,[],dataset/unclean/kamyunet/219069952.jpg
kamyunet/219070364.jpg,dataset/unclean/kamyunet/219070364.jpg,unclean,kamyunet,.jpg,8587,31c1fcfeb42d42007774709e727564854867df6e824c071b29be3d5c40820998,5dbcba95e618a63cca3797e5300d882f726c581639363477cebe31216d699cc4,JPEG,RGB,205,280,[],dataset/unclean/kamyunet/219070364.jpg
kamyunet/219082928.jpg,dataset/unclean/kamyunet/219082928.jpg,unclean,kamyunet,.jpg,18637,c3365f216520c40ba58456bc6e4c8536738f4c9d9f49cc7078b67a125a5b73c8,3bccda3dbb68d29bc20ba991953b1822516ffa662963c26fadb950560ea3b28a,JPEG,RGB,211,415,[],dataset/unclean/kamyunet/219082928.jpg
kamyunet/219118055.jpg,dataset/unclean/kamyunet/219118055.jpg,unclean,kamyunet,.jpg,8020,d7336aad4c7048b42128b9469fdf8ddd2ea2b70a608566898c3765e16f8f4be3,2c6d60167284768c0fb9d47ad2711433f245530b67b6600bfb4cb6ee03363cab,JPEG,RGB,170,310,[],dataset/unclean/kamyunet/219118055.jpg
kamyunet/219120783.jpg,dataset/unclean/kamyunet/219120783.jpg,unclean,kamyunet,.jpg,15164,6d679d0624d4e010057f9ebcd1745b4de1565ef4262a4ce71bb70719bf57cf44,17f564b4761e41674c318b0e4a60077c493bc46127217b6997523c4b5a31def0,JPEG,RGB,187,320,[],dataset/unclean/kamyunet/219120783.jpg
minibus/193167614.jpg,dataset/unclean/minibus/193167614.jpg,unclean,minibus,.jpg,27120,e6700e6778d7e5cf39662e8fb3d0f63a5cfbb171fd296050a0544c8c3d7533be,8af4fab1f1843f6749c7e3a45ae72913d761c3962911b7626b1ecad6cfe638ad,JPEG,RGB,325,367,[],dataset/unclean/minibus/193167614.jpg
minibus/193880181.jpg,dataset/unclean/minibus/193880181.jpg,unclean,minibus,.jpg,16993,22cf00d0f4e8a63e92f12648334acc9f1184cba2c26dfa8e29420f3c128764c3,020f4c47c3bbc2a56ab6a55b864ffdb0e1c25e5e4f4ac372a1cead666bca3419,JPEG,RGB,289,301,[],dataset/unclean/minibus/193880181.jpg
minibus/194268546.jpg,dataset/unclean/minibus/194268546.jpg,unclean,minibus,.jpg,14269,ea9bad7896c2e45c71f568449d278528b1840421881032ec272205b1ae2c5bea,30e33caffcc175fcc978dadb99d415719024ee5b8d51b38a7f232bc7b044e858,JPEG,RGB,267,269,[],dataset/unclean/minibus/194268546.jpg
minibus/194314557.jpg,dataset/unclean/minibus/194314557.jpg,unclean,minibus,.jpg,29319,fcc3b620078d14d3ca52b720ae3bab30a9c66a588bee239dd45db8f771d40427,7b64258c32393a97fe5b93e25a4650e1ae5dfb6b8927019f39220f2e266c7824,JPEG,RGB,397,367,[],dataset/unclean/minibus/194314557.jpg
minibus/194357693.jpg,dataset/unclean/minibus/194357693.jpg,unclean,minibus,.jpg,14914,2ac29fda5af5f5711654748b20a88a679d671901d47739b06c67dff12a8e196f,8457fa228e15dbb10d859d6c8b62ffcd62830f1387913d370607bd5a2de6c3e5,JPEG,RGB,317,379,[],dataset/unclean/minibus/194357693.jpg
minibus/195315739.jpg,dataset/unclean/minibus/195315739.jpg,unclean,minibus,.jpg,14580,624cb16f712529404e9a41375dea2c38b2a2bec6ccaa6008c23d2d56440f96cf,94cf04449d847e05ff627ebf5a76ac9b6c81bb0a5acac5f533dd49e51ab1af96,JPEG,RGB,311,408,[],dataset/unclean/minibus/195315739.jpg
minibus/195418798.jpg,dataset/unclean/minibus/195418798.jpg,unclean,minibus,.jpg,10966,30f665a11aaf7e80ab5227e399ef9d0de9f4af126d6da12e2d4024fa072b8e59,4675a84e9c638e05f0b2f1c7dd4fa3d8058e89dee3ae65c50e3c0cdd986f8185,JPEG,RGB,249,244,[],dataset/unclean/minibus/195418798.jpg
minibus/198084245.jpg,dataset/unclean/minibus/198084245.jpg,unclean,minibus,.jpg,21978,d1d8f69ef71a3435a5c260028e9fadd3402f02308d7c93f63212c0c3dbc66c88,da898c36f0ca25c3eca42ec4183bb53efcc75b909662c8a4578b87a6be964035,JPEG,RGB,337,361,[],dataset/unclean/minibus/198084245.jpg
minibus/199981262.jpg,dataset/unclean/minibus/199981262.jpg,unclean,minibus,.jpg,22266,bd16efcaf113469f8a75026e4af7347821ed8291f7259840f6032fdb18c938b7,8f93644d30be9136921aacaf5e753880284177861a5d35c70136911b57e28756,JPEG,RGB,303,409,[],dataset/unclean/minibus/199981262.jpg
minibus/200463401.jpg,dataset/unclean/minibus/200463401.jpg,unclean,minibus,.jpg,19688,ac43f954fbe9646a36473a1f174098385dc983aed4bb857c4602113d4fcddd5b,6237a69886b30e82f37b4ed63e77587b6882f17f3cab058540107b7453f7d18c,JPEG,RGB,256,373,[],dataset/unclean/minibus/200463401.jpg
minibus/203237495.jpg,dataset/unclean/minibus/203237495.jpg,unclean,minibus,.jpg,21056,e1cac856001e310ded1f14b3b33264409ef4d19a82b848fee75383d9d6261587,63ad75f258a0f3f2b61214a32db3a8fa2521d100de5e2b113536f57a7f871e9a,JPEG,RGB,294,399,[],dataset/unclean/minibus/203237495.jpg
minibus/204541641.jpg,dataset/unclean/minibus/204541641.jpg,unclean,minibus,.jpg,8601,f37c5df90d6062477e02464d909e17e6a120b96e9cee49000cc1bba4251037ab,84427874e1295bcdae8fbfc496f71669efec2df0b064aab3020991f674c23c6c,JPEG,RGB,261,380,[],dataset/unclean/minibus/204541641.jpg
minibus/205925887.jpg,dataset/unclean/minibus/205925887.jpg,unclean,minibus,.jpg,19558,9358abfa169bdf52dc5f2710752807f8b24b3bd8db350a5536852751333c5b00,6c8b96f8cbb80d5e76bbf1b795dc916c291956e448485b00e25ce1d1f716a531,JPEG,RGB,367,442,[],dataset/unclean/minibus/205925887.jpg
minibus/205940443.jpg,dataset/unclean/minibus/205940443.jpg,unclean,minibus,.jpg,34198,07d8687dee169edf20fe2ff6eb8f34fcf19ace0b9ae01fb0c3781f396fb969bc,6665c94f1b82a4eb543a94cc73a3ce5fa6264d9f944bb71fe24bad2ce529e847,JPEG,RGB,394,450,[],dataset/unclean/minibus/205940443.jpg
minibus/208050952.jpg,dataset/unclean/minibus/208050952.jpg,unclean,minibus,.jpg,10404,85e57ce3ad6a700f9d5adadd9b401da3fe089fd60badb2d2be6317baabbc2599,3b1fd479309f9e02f407f42d4d24b3bf6d1538be033955e54258397628097e72,JPEG,RGB,300,415,[],dataset/unclean/minibus/208050952.jpg
minibus/210102531.jpg,dataset/unclean/minibus/210102531.jpg,unclean,minibus,.jpg,9369,ad0ac6176ca25ebb021cac375761f79a2f79e624c8d80a3b82dbec66971d1a3c,f2a03db58629bae71cf586cd165a6830f9797695e2e40cfc25c5e4f6279502db,JPEG,RGB,198,240,[],dataset/unclean/minibus/210102531.jpg
minibus/210170230.jpg,dataset/unclean/minibus/210170230.jpg,unclean,minibus,.jpg,9362,3157bb6e154b9030ea2cd4fb502362d000b6097c75e0968a15f06b91cb94b73c,433dc17241475fd54a7f35c216d42fe3a0997b38ea5adf49d739408a3e8ec5b2,JPEG,RGB,189,240,[],dataset/unclean/minibus/210170230.jpg
minibus/211795475.jpg,dataset/unclean/minibus/211795475.jpg,unclean,minibus,.jpg,6291,73dac7eb7361d7f0ebd1369e46eb7b163ad12b48fe685813e198e1f6083433b0,6d4085676d11790967fcafb4fdb41f3342c889ffae1c924b887d706370264af2,JPEG,RGB,207,257,[],dataset/unclean/minibus/211795475.jpg
minibus/212142103.jpg,dataset/unclean/minibus/212142103.jpg,unclean,minibus,.jpg,12070,b28229fada2598fa725b8428c5d736acdd8bb215bbec1501b5142cb5d2238926,bb50bfedd3a3f7cd5b2da7cdd8044e0f8c40ad35e850362ce599b884292f85a2,JPEG,RGB,186,252,[],dataset/unclean/minibus/212142103.jpg
minibus/213619329.jpg,dataset/unclean/minibus/213619329.jpg,unclean,minibus,.jpg,9844,cbd948ec1087fc4f4b09a609fd9108938b550f85f393fb06590b4cda6a2ed789,ab1a9cedd60e19e3dd452c94855a4de270b59e55b54d74bc5c4f2ae954519155,JPEG,RGB,282,392,[],dataset/unclean/minibus/213619329.jpg
minibus/213875524.jpg,dataset/unclean/minibus/213875524.jpg,unclean,minibus,.jpg,7769,ef61c568d06fe5a9449bc5b97d2a38003177a9b9902eadec1731863d19dacd49,a3d3e9739ff41655020b536b93677ffa50c5cc88bb78174b8e5142e9bbb50308,JPEG,RGB,207,276,[],dataset/unclean/minibus/213875524.jpg
minibus/214381211.jpg,dataset/unclean/minibus/214381211.jpg,unclean,minibus,.jpg,7247,dd37ff81d935e5d4ee817003447f3d8da983a25acd138fa5b6c16a1de06f2e6e,7c47aa87f8efbd30505b91e508aa8618b173143973a1ec9386110753c171aec6,JPEG,RGB,210,269,[],dataset/unclean/minibus/214381211.jpg
minibus/214494171.jpg,dataset/unclean/minibus/214494171.jpg,unclean,minibus,.jpg,8630,1ecda51886ee07176a73179c564a0a66805253a82698098ce02a7c293a1aeee6,cf9463c8f2e4e9ae5b9a9c1e2d698b32c0f380a289373d4f2d8675f2140a4fac,JPEG,RGB,162,216,[],dataset/unclean/minibus/214494171.jpg
minibus/214524899.jpg,dataset/unclean/minibus/214524899.jpg,unclean,minibus,.jpg,9858,c152d9c95a106b1a8929c9bf869ddd6afe2fa4c9e2d98e1fe34b5abe5dd648be,26039c63f6dff5fd842045fca5cfc5adbca929a8f2cb2acfe00f2f1b1bfe780c,JPEG,RGB,201,264,[],dataset/unclean/minibus/214524899.jpg
minibus/214795141.jpg,dataset/unclean/minibus/214795141.jpg,unclean,minibus,.jpg,13659,51f9f8bddb55aab67148953411e10cb37c1f4186c2c65e66b17222dfc6932ba0,5d5275de35dbd2a0519dfbf892c3c65517a49426ce7bfe65ade2c8be985bb5ba,JPEG,RGB,207,288,[],dataset/unclean/minibus/214795141.jpg
minibus/214810628.jpg,dataset/unclean/minibus/214810628.jpg,unclean,minibus,.jpg,6419,966458ff1a234911f067ba168cbd586631ce43c2b18603e93038ee9e90c27a86,12cb6272ee0ac572c0fc3b841df29420f84c4ff9c730d033856d3c0043d990dc,JPEG,RGB,138,180,[],dataset/unclean/minibus/214810628.jpg
minibus/214813678.jpg,dataset/unclean/minibus/214813678.jpg,unclean,minibus,.jpg,10277,ab00e40fabe244c13dedce7c376611acdb0e37627b75fb28fb6b6644b749b58b,670bd02aa97df684f4516a08e27d46344ee545269ca7fbd2c119922785ab24a0,JPEG,RGB,198,252,[],dataset/unclean/minibus/214813678.jpg
minibus/214848754.jpg,dataset/unclean/minibus/214848754.jpg,unclean,minibus,.jpg,12245,8c655abda9604f699995a8e40516e5dabf1695d7a373cf33e729b8039a91ea21,3faa4049ba589799518eb41332e22599d72792837fc7fba23af9087a30b06de2,JPEG,RGB,207,272,[],dataset/unclean/minibus/214848754.jpg
minibus/215143612.jpg,dataset/unclean/minibus/215143612.jpg,unclean,minibus,.jpg,9892,8f6f29b9f1fa2fa5e18d86cdbf87009e006557bb953d17be878b760dda51b621,f4024433d886b110e2ed41d82dc24cce6e7c486b0dc4cb412a7da1ad0a3cf866,JPEG,RGB,265,371,[],dataset/unclean/minibus/215143612.jpg
minibus/215155081.jpg,dataset/unclean/minibus/215155081.jpg,unclean,minibus,.jpg,11348,9d682f5c7a3f52e4655fe2ad3430b801751b39a5f6ed5a304aeb504b3f4366f1,287436e53aa3b576f59b1398cc88dcae5c5fb4c6ff74019dd247bfdf03a0c5f3,JPEG,RGB,275,360,[],dataset/unclean/minibus/215155081.jpg
minibus/215180805.jpg,dataset/unclean/minibus/215180805.jpg,unclean,minibus,.jpg,10346,5260f0b28481b4f3dee99191bffe334d8554c106c2986dbd398c9eb1b4a56c81,cddc758e47719055a6cbf84b327385a060f261bba5f8bfc163cbdd332ea81281,JPEG,RGB,287,352,[],dataset/unclean/minibus/215180805.jpg
minibus/215614242.jpg,dataset/unclean/minibus/215614242.jpg,unclean,minibus,.jpg,12339,54d047b88093880fc70f591fa2aaa5bc2433f61923a5f786803162748b11b516,7001fe66c864d61d255bdcc9e1cec587dc51a5af7ae29f7e55b27b642429764a,JPEG,RGB,291,350,[],dataset/unclean/minibus/215614242.jpg
minibus/215673175.jpg,dataset/unclean/minibus/215673175.jpg,unclean,minibus,.jpg,6526,0bd4e10a86cb2c069681d880bbfb7ed2f9df948aa76a7706ee380387bf21a2f4,a5b2aa949b47b5e019a4110ed00b3a4f8a80fce5eb53b8f92dadb3018a92ff6f,JPEG,RGB,189,240,[],dataset/unclean/minibus/215673175.jpg
minibus/215726997.jpg,dataset/unclean/minibus/215726997.jpg,unclean,minibus,.jpg,13131,eaed8187e4545c183ae987a8e0245092809629fcac38fc01b380871fd39b4542,768142a92f768cd90d5c09fa8f5cef6d2deacdf2f3726c16043cd416700be1c5,JPEG,RGB,186,252,[],dataset/unclean/minibus/215726997.jpg
minibus/215757162.jpg,dataset/unclean/minibus/215757162.jpg,unclean,minibus,.jpg,7989,0ff505263d11bd70e04bda691b2b45ca99a954d504b8f56ea4f922dc856a758e,74c9122aa40c806cbe3b14bee183d3cf41ca708a4476dc8976def0a0a261f1f4,JPEG,RGB,180,233,[],dataset/unclean/minibus/215757162.jpg
minibus/215773477.jpg,dataset/unclean/minibus/215773477.jpg,unclean,minibus,.jpg,11717,16fdd0c5b96b45665c1309e02aa4cc5b80992824e74f30d314d76afc3e3e5df3,3b3b50b508e3ee49f87838e6fbda7e0b4d6fb07f780cd2a1b8837428b85c3043,JPEG,RGB,327,365,[],dataset/unclean/minibus/215773477.jpg
minibus/215808912.jpg,dataset/unclean/minibus/215808912.jpg,unclean,minibus,.jpg,12079,e1cd3f3502e02f1fbf6e0b498e1fb90244094eee66956dfbd194a2306d419b2b,df30cb991490f46648ec37e1e0050995fa61492db6385841a1a9c1a5354dc573,JPEG,RGB,287,358,[],dataset/unclean/minibus/215808912.jpg
minibus/215969336.jpg,dataset/unclean/minibus/215969336.jpg,unclean,minibus,.jpg,10502,98fae0701bcd4b458d25a2314862da5a971484a188ca3fec09640eac717ebba9,5f3dad8debf2b14b9b341802b832445c5560cbda055597c3a957666d8f70290f,JPEG,RGB,292,399,[],dataset/unclean/minibus/215969336.jpg
minibus/215984229.jpg,dataset/unclean/minibus/215984229.jpg,unclean,minibus,.jpg,10426,684f1f0141eaa2a02b592104377ec7e37d1b0252b398fc45b9c5c6f0fc28ce65,4dc0a07150becfb87c8fabc67acba6b43e7f25b2efb9cf4689d137b10c91cf73,JPEG,RGB,289,353,[],dataset/unclean/minibus/215984229.jpg
minibus/216077073.jpg,dataset/unclean/minibus/216077073.jpg,unclean,minibus,.jpg,8705,fefd3d07ed3e8c92d6c96b0f2a46ffc6193d8f4798377fe37d52397e5c20da55,eb699e0a6301520441cb71dca627c727a3cd1834b678606e8e8986d41dcfe83d,JPEG,RGB,247,345,[],dataset/unclean/minibus/216077073.jpg
minibus/216127047.jpg,dataset/unclean/minibus/216127047.jpg,unclean,minibus,.jpg,10742,523b0a0d4b1d8c8292d0d8dd29374e383ab37f00452c0c56a1f324cc7f46617b,9f05b44da5f06fdfd5282ec561c7f51b4acba2ff94bae440956bea0f89ebfad0,JPEG,RGB,198,252,[],dataset/unclean/minibus/216127047.jpg
minibus/216318483.jpg,dataset/unclean/minibus/216318483.jpg,unclean,minibus,.jpg,9900,9e83b06229b50464c2a575c1dc96e5eb908d7d3fdf1289332390611671869625,b2b2e12a5902d8ba799e0262573336f923734d665cad6ada487a5b60b3c99209,JPEG,RGB,286,365,[],dataset/unclean/minibus/216318483.jpg
minibus/216323316.jpg,dataset/unclean/minibus/216323316.jpg,unclean,minibus,.jpg,7885,a1ddca9c774536b78fb65e0eb2e3668fc8d370d2b6e5e021a8b177e93c40afc8,6b1e7491b53aa3427bb3e56df344d59734e835920d66cfabaa1dd2e73a21a897,JPEG,RGB,210,276,[],dataset/unclean/minibus/216323316.jpg
minibus/216433429.jpg,dataset/unclean/minibus/216433429.jpg,unclean,minibus,.jpg,11743,4acb3f85c457bfeb0e450682a9a0709e99afb921a93e611970b0fc85d5ba5534,e76a1f6a1471f39eaee14ed2473ee20bd8c7aaa79f4d23870778a65a45b8ba54,JPEG,RGB,195,276,[],dataset/unclean/minibus/216433429.jpg
minibus/216539402.jpg,dataset/unclean/minibus/216539402.jpg,unclean,minibus,.jpg,10920,abe12a6cf35e1f6e13b69050c62094da5d91fbd8465c1636ebe9c35718e26d92,2813900f46b400d7abfe36117981bc4712795461d8e60755f1ee13968688f023,JPEG,RGB,189,240,[],dataset/unclean/minibus/216539402.jpg
minibus/216735021.jpg,dataset/unclean/minibus/216735021.jpg,unclean,minibus,.jpg,11812,a1e0cb53d2c1f105b98937f67f45daec9a102a1935cb1ec0b62182b7e218ecda,eb6c01cea2a7fff834fcf6d61f22aef7b63a9e20bbde088fad18e9fda9bfed56,JPEG,RGB,277,359,[],dataset/unclean/minibus/216735021.jpg
minibus/216874482.jpg,dataset/unclean/minibus/216874482.jpg,unclean,minibus,.jpg,7531,efc006237474d7fb6085edd8d3f87e58ea9e7b8986203ea9c9a2d71710f7a520,b15d1bab382ba5ff3fa48aab2c9e2e41f704bf9b7c30f9ae8fe2c979cd13d50f,JPEG,RGB,195,252,[],dataset/unclean/minibus/216874482.jpg
minibus/216912246.jpg,dataset/unclean/minibus/216912246.jpg,unclean,minibus,.jpg,18400,2dba79e80853ce75fe4fed5682e7a22621539e482f7444ead667653a2437baa0,8caa5ae6a1e06a177bfc465702ba04590076909547b2d896636cf9124756da31,JPEG,RGB,304,328,[],dataset/unclean/minibus/216912246.jpg
minibus/216999560.jpg,dataset/unclean/minibus/216999560.jpg,unclean,minibus,.jpg,11880,886e4eb8cc0280313bfb01880a3e5538d659dca13fd002e55417975db9e40666,eab7519638aefebd3a57df33fe5c0d160cf66ae452deb219121157810fbb7bcf,JPEG,RGB,198,264,[],dataset/unclean/minibus/216999560.jpg
minibus/217004609.jpg,dataset/unclean/minibus/217004609.jpg,unclean,minibus,.jpg,10609,ff5ad829ae36cd1f31b1ec73a0a06a3093e4bdad2c8e298bd0a2b26ae3bc9c82,9f01d4b789377e44a521ae2a31b7532cd99ff31dd3b3e3d27896559b6428d8eb,JPEG,RGB,304,351,[],dataset/unclean/minibus/217004609.jpg
minibus/217239328.jpg,dataset/unclean/minibus/217239328.jpg,unclean,minibus,.jpg,10793,809f8d360c8596be31fc75b4a1bdfdbe81774a91725b63eb4ae57196ea4a21e4,9740a72f1f2e7d5bcf9cb44d3e6dc1ff0eae8796a00564b9d5010d43af874a38,JPEG,RGB,210,276,[],dataset/unclean/minibus/217239328.jpg
minibus/217952305.jpg,dataset/unclean/minibus/217952305.jpg,unclean,minibus,.jpg,6485,f0cf94d909768d0a933789d44c7a1c2dc4d071f273e6ee59c410d8afdc114622,94df432d0b2645162c9a4b64a2fe35bf3dd4c16d22940d10b4dac885bd55fc30,JPEG,RGB,180,227,[],dataset/unclean/minibus/217952305.jpg
minibus/217995231.jpg,dataset/unclean/minibus/217995231.jpg,unclean,minibus,.jpg,11474,1e78adb24b2300bb11542a7d04a39642311735ab7be8d265aa6ad8c2eabebbc5,76ee1f77de34675fab1a59ac4a16cd24d3b4d4b63f793b7f5d21d99ae2844d9c,JPEG,RGB,273,363,[],dataset/unclean/minibus/217995231.jpg
minibus/218142111.jpg,dataset/unclean/minibus/218142111.jpg,unclean,minibus,.jpg,6458,21ab27377f624d7a1504f2233cc263646757e78214b1e70ad337307de44e4411,85437d8d8491556a4b218e2853d6e53ba48b0947b17570e564f8b90398738965,JPEG,RGB,177,240,[],dataset/unclean/minibus/218142111.jpg
minibus/218276550.jpg,dataset/unclean/minibus/218276550.jpg,unclean,minibus,.jpg,11671,6332b5580707bfd4eb90bc90b28158fce9819b59fe499b9c7d41e73ecfca7c00,7e0ba2f3f6359ad7600522c67e806e079755f23d538ca2ef9c427f4792ac0b65,JPEG,RGB,198,264,[],dataset/unclean/minibus/218276550.jpg
minibus/218367789.jpg,dataset/unclean/minibus/218367789.jpg,unclean,minibus,.jpg,20500,4194ac9603d0dd4c7d2408ead5da071a4275593da59bb59e50593a2529bfe4f4,6d20d9f9b6402a54c859068f38feda1db0e5a3d33901f4138328f4d9c5e7b695,JPEG,RGB,293,351,[],dataset/unclean/minibus/218367789.jpg
minibus/218409806.jpg,dataset/unclean/minibus/218409806.jpg,unclean,minibus,.jpg,9046,bea8a312bc03cfeec1d683f2b74c3f5a03fde44df2816e07e8e4d4ea37df50d8,bca8656e3f158d3a084bfca103096085b940595524487fe6a5477b33b16aa35b,JPEG,RGB,210,276,[],dataset/unclean/minibus/218409806.jpg
minibus/218588253.jpg,dataset/unclean/minibus/218588253.jpg,unclean,minibus,.jpg,16862,ed885d1d58b076657f3290cce539c0bd9e1603d3698fa86e7f303f7c2291e358,f3c60b050cc9261782102e84185bd4311982554405a4b70563181c8416ca8f16,JPEG,RGB,275,358,[],dataset/unclean/minibus/218588253.jpg
minibus/218626593.jpg,dataset/unclean/minibus/218626593.jpg,unclean,minibus,.jpg,9517,e3972030794c089692d4efb158e213b8f1ccfc82b7c58b0e84f752029303bbe3,d7dbd7c832adbedcf40bd73b740e83813074af9fdd0a809b41c7dbe09d1d8acf,JPEG,RGB,171,228,[],dataset/unclean/minibus/218626593.jpg
minibus/218659561.jpg,dataset/unclean/minibus/218659561.jpg,unclean,minibus,.jpg,8551,e82696ba5f911ee01b7f8c30413e0abdb835b63f3e623a434ec1c0fdc0d5169f,ed86fd284f78edd0334ca4a07d02de8129e2c3ff0e47015e47c064e4a931b578,JPEG,RGB,261,350,[],dataset/unclean/minibus/218659561.jpg
minibus/218681641.jpg,dataset/unclean/minibus/218681641.jpg,unclean,minibus,.jpg,8371,229df7ec92e83b09a6ddd4a729a1c7556e6552fc94567f2cc234070a84684265,57c1fbaf627850ee5ddb00380fc03ef0c131f45fd8345fc59adcd138352ca0de,JPEG,RGB,207,257,[],dataset/unclean/minibus/218681641.jpg
minibus/218717370.jpg,dataset/unclean/minibus/218717370.jpg,unclean,minibus,.jpg,21893,753a2f34db90046765f4ac5f39ec152f88be85adebf5dbd85b0250f98367db93,dacf2a7b1235799ac9bf7435c66cd618a8ef4e6737f8aaaae9237c49e7660de6,JPEG,RGB,297,374,[],dataset/unclean/minibus/218717370.jpg
minibus/218728399.jpg,dataset/unclean/minibus/218728399.jpg,unclean,minibus,.jpg,20042,eb6d42a997c8e24ff66220c227b708c409d97eef3bba944bef484733a2efaf80,e4623ed6492c70806675f077a7a659283fa006ffe72541fd431c8f2024004a3b,JPEG,RGB,269,361,[],dataset/unclean/minibus/218728399.jpg
minibus/218740264.jpg,dataset/unclean/minibus/218740264.jpg,unclean,minibus,.jpg,22655,5995058012f23f67c9cd08a2dbffa6b1415967e729bd07cb3092a1cb07a47f34,eaf7a1843a80015352c2cf18e0464436684a94886c1b689f125d4c0740956cbe,JPEG,RGB,285,360,[],dataset/unclean/minibus/218740264.jpg
minibus/218768816.jpg,dataset/unclean/minibus/218768816.jpg,unclean,minibus,.jpg,9132,a053faf87c39ea13ba0020615a7f1a2618fcc4fa77ebbbcb136adaf7204f93a6,9134a78ea27ffa44b47c9df144d2dc96df980fb295d5be1f52d767074b2cc123,JPEG,RGB,210,276,[],dataset/unclean/minibus/218768816.jpg
minibus/218784689.jpg,dataset/unclean/minibus/218784689.jpg,unclean,minibus,.jpg,10063,a81e70acfb1c54d59f369821906f4844c213310797268c40903812a572b4963e,de9ddfe96245cf09d56e5ac1ef910610a9da8ab44bce2c6142b7b2f3e1b0a6a5,JPEG,RGB,275,368,[],dataset/unclean/minibus/218784689.jpg
minibus/218901213.jpg,dataset/unclean/minibus/218901213.jpg,unclean,minibus,.jpg,9880,546def3b16f644e99f13dfe654899533ec98817485e80d8d9b3b6bce619b0447,e181ace0db89a4882abdfc5ad16c83f7db2927cc21fcab1735e673f5ef677a5f,JPEG,RGB,276,361,[],dataset/unclean/minibus/218901213.jpg
minibus/219123664.jpg,dataset/unclean/minibus/219123664.jpg,unclean,minibus,.jpg,12771,cfb82ec20607d2984090aa1ea0239bda5cef8aada172c1a3fc26754ea33f90e6,40abea0e84fbf66b1a09b388c479f2912abb2b23248128652c6a6c1cc81d9cd5,JPEG,RGB,186,252,[],dataset/unclean/minibus/219123664.jpg
savari/195433974.jpg,dataset/unclean/savari/195433974.jpg,unclean,savari,.jpg,8152,720ee91908d2665285562d993d1ddf37e73461edd218fb41dc429c8dec44674a,8e5b414aed270260e7c6397818507c7eb665d41e5e51a9b9884c654dbbd57cf1,JPEG,RGB,292,250,[],dataset/unclean/savari/195433974.jpg
savari/195552420.jpg,dataset/unclean/savari/195552420.jpg,unclean,savari,.jpg,13161,b25b8fe5342e31f695d378122a916cda8c588583612e98ec22fbd3935c39053b,a10a8710a6ad07f6576e1b4651ab14a36ba1298386cf030074297dbd6329f87c,JPEG,RGB,284,269,[],dataset/unclean/savari/195552420.jpg
savari/197061032.jpg,dataset/unclean/savari/197061032.jpg,unclean,savari,.jpg,14059,e7b0b98f42433097af6d293b9a4ba07aa3e7384583c442e34e3c07bc7c7432db,9881db4b279702824de09f5882f0e9ef4fe8ce839c8923345809e38e1a7f80e7,JPEG,RGB,284,270,[],dataset/unclean/savari/197061032.jpg
savari/197695504.jpg,dataset/unclean/savari/197695504.jpg,unclean,savari,.jpg,13228,432db6496e02aefa84a4424a7540ef209d2fcef50e4e6611053ab72f78afe87e,7032e5ee6735b3f4c560549bdd46b838613207f98177d44be1de68e116728845,JPEG,RGB,252,296,[],dataset/unclean/savari/197695504.jpg
savari/198102291.jpg,dataset/unclean/savari/198102291.jpg,unclean,savari,.jpg,15909,813f7479436ab97789ebab2f6f1bd23ad55be2b2de5878fbf01f008bebbcff3f,761148617d0616b5e01cc8663231edcc11ef811f34824d734b2dea6ce625dde9,JPEG,RGB,294,287,[],dataset/unclean/savari/198102291.jpg
savari/198221838.jpg,dataset/unclean/savari/198221838.jpg,unclean,savari,.jpg,10384,a04f9d76072ace16f0db5c92b2b1a8edc150c769ebc33ccc7e56b68b6116c005,1f6cd92072bd8eeb6d6d326859820d8bd1767a9fa5636ab301b58688fefe7720,JPEG,RGB,264,210,[],dataset/unclean/savari/198221838.jpg
savari/198334045.jpg,dataset/unclean/savari/198334045.jpg,unclean,savari,.jpg,11219,6e17e17230761319b76be0c6bf2be223e4fa5c89519b517fcd8dcda3a8e8ee25,c9250a4f17c7eb5998c60fb9e115dde8d12399c91f54f0170fa0632c1b90833b,JPEG,RGB,256,298,[],dataset/unclean/savari/198334045.jpg
savari/198385679.jpg,dataset/unclean/savari/198385679.jpg,unclean,savari,.jpg,8053,cc2085d39bc9c8ee1288f353290049eafe55b914777a630e07c35de933fe8028,a64ff0b1ef8e6cb2b74fa2852252c3c17bf95231feb4471543137c609591d95c,JPEG,RGB,279,290,[],dataset/unclean/savari/198385679.jpg
savari/198480913.jpg,dataset/unclean/savari/198480913.jpg,unclean,savari,.jpg,14744,86e158c5d5369cd58d6c22e8fa60ffb317e4a9328645373387b38142af518098,e86ee7d86871ef640eb65ed874564ab77888316c883eae6854d9a55975f34d25,JPEG,RGB,287,351,[],dataset/unclean/savari/198480913.jpg
savari/198929401.jpg,dataset/unclean/savari/198929401.jpg,unclean,savari,.jpg,6741,c816308c55d963e96a986b0c35e71ca2c0596035ada268affe61efb576a022cb,fd4aab8ada4ba27e8abc5f7f9a0e4287fde0346d7af26be8a770642eaf24ba63,JPEG,RGB,231,243,[],dataset/unclean/savari/198929401.jpg
savari/199300081.jpg,dataset/unclean/savari/199300081.jpg,unclean,savari,.jpg,7728,99274be80c087772cebc3c2aab3441b754a6d3d67328e4b9d4fad3ebdc692970,74cebee30a9467fba5cfeed555ae1614ac2842acea2f2962f929bae57520a972,JPEG,RGB,298,267,[],dataset/unclean/savari/199300081.jpg
savari/199630427.jpg,dataset/unclean/savari/199630427.jpg,unclean,savari,.jpg,7342,80d5eb0ce72343ef19afe622c573f392d5e186e22b8dfca3f8fdc5f89d772ef1,4efcef68489b8d7210df34723b47700bc43fd4d0bd14ff4f3fc2111ee9a3aa8c,JPEG,RGB,222,260,[],dataset/unclean/savari/199630427.jpg
savari/200121154.jpg,dataset/unclean/savari/200121154.jpg,unclean,savari,.jpg,18858,7226199368dc317f7be970b444b38d363f97b2369bc33fe490df83f789a48718,52c0aa4f2c003fb06671ad425b028b3952522b404203e019b7b4eac33d769935,JPEG,RGB,324,279,[],dataset/unclean/savari/200121154.jpg
savari/201454407.jpg,dataset/unclean/savari/201454407.jpg,unclean,savari,.jpg,7281,1e55f85e3ffdcce98ffa070681c957d87d4f0b3d921f1b849c43f30f0cf1757f,875e92543ade8eae553690ceb6ff040fccac49699042c91b33415864a6b5b698,JPEG,RGB,252,302,[],dataset/unclean/savari/201454407.jpg
savari/201730625.jpg,dataset/unclean/savari/201730625.jpg,unclean,savari,.jpg,7966,deae8c1b61b07bf5d16767c27cf924d15c29bc21a95facfa6ca796d2c86f8721,55e932f9a31c4de8138a0adc44cc210b3315d56ea3f93880cfe56b3f0080d38a,JPEG,RGB,253,296,[],dataset/unclean/savari/201730625.jpg
savari/203730891.jpg,dataset/unclean/savari/203730891.jpg,unclean,savari,.jpg,13586,e82434ede89c46443a5e053906231222b642776c79a5ccabd32b0533043663cf,795fb558a8c8ddd8d3591413b0273ca4ad817a22324f93dfaee7d9a8346d3b29,JPEG,RGB,264,238,[],dataset/unclean/savari/203730891.jpg
savari/205754454.jpg,dataset/unclean/savari/205754454.jpg,unclean,savari,.jpg,14939,c7259f0fa6a0ecbe85596f6d46bd2e0cb1e80298085dd9c844222d166791e283,f9895c672119cde4c43919bd97786078482589c181f58285ac62b3f90df91eb5,JPEG,RGB,280,333,[],dataset/unclean/savari/205754454.jpg
savari/206803325.jpg,dataset/unclean/savari/206803325.jpg,unclean,savari,.jpg,13829,52b14a8166cc802012786983a319f71d6ed0d78aadaff7d04a00a95f9f4c3eb0,d9779e988bd838fc14cd71065fb4a3eb409f32b65a406232cf62717f954c86f0,JPEG,RGB,289,245,[],dataset/unclean/savari/206803325.jpg
savari/207849789.jpg,dataset/unclean/savari/207849789.jpg,unclean,savari,.jpg,19251,9d671db2e6c282b686be224847de15be14b191c49b6da935a9e63bc5569c2da4,3b1d1902fbc5b46298a69660ad793dd902a8d8819fd68e9d0092e9a4c246c78f,JPEG,RGB,270,271,[],dataset/unclean/savari/207849789.jpg
savari/209019732.jpg,dataset/unclean/savari/209019732.jpg,unclean,savari,.jpg,12285,c969dbe6c525daee80d36c91a5f707e07db28578f060dbcafac509fd7c5fa085,423083d51fdffb3c938696b2830f3ff581449065743b4f264c0b8fb72e5de459,JPEG,RGB,240,269,[],dataset/unclean/savari/209019732.jpg
savari/209430101.jpg,dataset/unclean/savari/209430101.jpg,unclean,savari,.jpg,11461,429d71e9e05d70a42a2fe75e5fc5d2e2256cb6661f93a334af6c522b34132384,60a305df258bad23bffb527308bc3cb59d90274bd7f96b299af291ac5864edd4,JPEG,RGB,234,253,[],dataset/unclean/savari/209430101.jpg
savari/209690806.jpg,dataset/unclean/savari/209690806.jpg,unclean,savari,.jpg,5863,2edcfbbfdfee0cccb4f5f6ad787f654f0fd6a5e4201f23f9226605cc0be31082,8ec0ed47a154eb99a2e43be41e2be89a1a569e079fbdcff508c2c429b2fc6887,JPEG,RGB,198,264,[],dataset/unclean/savari/209690806.jpg
savari/209718955.jpg,dataset/unclean/savari/209718955.jpg,unclean,savari,.jpg,9489,c79c5b4fd6147e92a0e7353013278e82e9995787dd2a22bbf6778021e1482470,33e7abca113679f63fff2689161e120d94370c516e2c30490f880a90bdf38bf4,JPEG,RGB,180,238,[],dataset/unclean/savari/209718955.jpg
savari/210205517.jpg,dataset/unclean/savari/210205517.jpg,unclean,savari,.jpg,6738,af362f588d87e5d377fce2ff5ee51d7c2f098bde06269ae862d4a7109d1c5143,d0278c43f6776d91301f749db3188f80b5f0dbe521912d03399a86bb2c19f516,JPEG,RGB,218,267,[],dataset/unclean/savari/210205517.jpg
savari/210824968.jpg,dataset/unclean/savari/210824968.jpg,unclean,savari,.jpg,9964,97e1013556a0f6867b64411690f42915477fc2e1e5874491cb6cd0959418106a,309ec6d45d1cc0943f7d0c655e731e76277784bb65547df041296f5e5b40a939,JPEG,RGB,267,367,[],dataset/unclean/savari/210824968.jpg
savari/211101941.jpg,dataset/unclean/savari/211101941.jpg,unclean,savari,.jpg,13631,bfa926685c628d162b7c2e9ca14e59e95d8abb7b13703030e1184c711d812c15,68590241b826c82209b01ff75cfba4500184702f652b8115c756a13653849e56,JPEG,RGB,243,264,[],dataset/unclean/savari/211101941.jpg
savari/211395884.jpg,dataset/unclean/savari/211395884.jpg,unclean,savari,.jpg,6213,a5dc76ee0849aca304c16387d82b9975cbcd51c7e1e4956ec7fce95a2abd08ee,aeb7b9f6a34c877e5bbd5c3c7316de069c87feaa70f92d976a7a03db7d3b4b69,JPEG,RGB,221,274,[],dataset/unclean/savari/211395884.jpg
savari/211483910.jpg,dataset/unclean/savari/211483910.jpg,unclean,savari,.jpg,7708,21f120cca65ce99ec3121a8753fccc978e2e60e51fe445f2fc01d750d02f414a,d24a67c4530202d24f379bf3c9fc52a8bd458be23b5c0d79b925a658e6366d71,JPEG,RGB,260,302,[],dataset/unclean/savari/211483910.jpg
savari/211932573.jpg,dataset/unclean/savari/211932573.jpg,unclean,savari,.jpg,10585,cdcc7df92b462e7eacf1e2bcbaa2d757b9c5a774a0b2d49e28f7e8a19c8f9733,5bd429e675a29204897e86a01d961d17b756422d6d8deefd378e637576f6e57c,JPEG,RGB,207,276,[],dataset/unclean/savari/211932573.jpg
savari/211944076.jpg,dataset/unclean/savari/211944076.jpg,unclean,savari,.jpg,9753,f4e77c10aca16a8f6913a4beca3c319133f8da86e0e4df2fea3835bd402ac2a4,3ce3cf462777bc223ead3f76a393101cc9b337ff0e9a20f263b674199e3d9cb0,JPEG,RGB,177,240,[],dataset/unclean/savari/211944076.jpg
savari/212001568.jpg,dataset/unclean/savari/212001568.jpg,unclean,savari,.jpg,9189,35cf159a9799272113e154d44b09368240a2ab7a40e37b46638a3692c91c8a26,61ec90d2e67ad0ce7fe3d2fd79d0e84e23c3640c64fb6e72395a6b2afab209bd,JPEG,RGB,177,240,[],dataset/unclean/savari/212001568.jpg
savari/213228565.jpg,dataset/unclean/savari/213228565.jpg,unclean,savari,.jpg,5428,1964ad884c0bd45d65eb5c54554dbe63e9c21978767e6ad78dbea5e3b2309541,b0bcbb53fdff13f6511e6f30d79050052a09bef5486bd8d914b9a54de2898dd4,JPEG,RGB,180,228,[],dataset/unclean/savari/213228565.jpg
savari/213336730.jpg,dataset/unclean/savari/213336730.jpg,unclean,savari,.jpg,24739,8c7537cbefad9c06f6f741c48d340fa538c3bf8919e8c9a6b40f59ad9dd161fe,db06fef236f6b91c26459eaf8d4f2d4d2e68ecca92b15bcd9ae3d9217d5e5db5,JPEG,RGB,404,514,[],dataset/unclean/savari/213336730.jpg
savari/213387241.jpg,dataset/unclean/savari/213387241.jpg,unclean,savari,.jpg,6462,710b2ee6e3a59cf87b483a2a8609de83c2eb53ff3957d8b9f02c7d16ca3ef0cd,5cd291f3bdecf3aad59fcf8805b6cd5a3f47811a0d90de266351a350ef338673,JPEG,RGB,195,264,[],dataset/unclean/savari/213387241.jpg
savari/214391601.jpg,dataset/unclean/savari/214391601.jpg,unclean,savari,.jpg,7095,90281e2b373f27bf49e95c4d5970f1a466a296ca499a0d56e8eb93c123acb9b4,209f04e3be5d8db3c8d47f9ef39dfae9b6b8547638958787bc0a0ea881a76a91,JPEG,RGB,263,290,[],dataset/unclean/savari/214391601.jpg
savari/214593501.jpg,dataset/unclean/savari/214593501.jpg,unclean,savari,.jpg,14449,402022d3be3f2a6693c8fd492c2f13a73d6c610a27a5a1ba563f6152e2d4ea73,5c8bebd2c899685646b3a486bc9416bd527ff1561a35a6d1bd59481d8b061f46,JPEG,RGB,276,485,[],dataset/unclean/savari/214593501.jpg
savari/214619124.jpg,dataset/unclean/savari/214619124.jpg,unclean,savari,.jpg,6504,dff116547fe2e7b35713bed76201e7c1d973e5ad9ac052406fb7acaffb73f5dc,beeac461ca8fd4e05d920330948297eda5b83aaa4f61dd09dab7cb9eba1f04dc,JPEG,RGB,186,252,[],dataset/unclean/savari/214619124.jpg
savari/214631845.jpg,dataset/unclean/savari/214631845.jpg,unclean,savari,.jpg,6103,dbb1d579799de47730185f2438107c7d4c0fcbc511dee6adef2ed1b2942f4e84,1a489107f7af5f0792306aa64ce3246809ce102a468d5be7f8a5ee571c511bf3,JPEG,RGB,150,189,[],dataset/unclean/savari/214631845.jpg
savari/215119324.jpg,dataset/unclean/savari/215119324.jpg,unclean,savari,.jpg,10327,6dd7bd4a30ea94a1c87f977cd43010d13b4741215d6ee4e076405b60b1b95738,5993e9051261e8f528127797025b41a0c5bc0103b7315adf0c7da176bdb2d2c4,JPEG,RGB,198,264,[],dataset/unclean/savari/215119324.jpg
savari/215476329.jpg,dataset/unclean/savari/215476329.jpg,unclean,savari,.jpg,4081,760dbc42dfd1544cf968d8ea32285ce06cea9ec63ff58544ab868ab369d3888a,7d93f9c78d4997e81bd934efffbea1824d0da4b802b2874df89f398854f1e131,JPEG,RGB,150,204,[],dataset/unclean/savari/215476329.jpg
savari/215537143.jpg,dataset/unclean/savari/215537143.jpg,unclean,savari,.jpg,5250,9f3c92befffd639af579a002b205fe4b3dfef63831cc7348a2ef9980f04b21c7,dda6a6853d656fae7c9054f29d7a2f513927eafd93f90fd2c963b1770d141c41,JPEG,RGB,180,228,[],dataset/unclean/savari/215537143.jpg
savari/215700187.jpg,dataset/unclean/savari/215700187.jpg,unclean,savari,.jpg,13855,86d89f4ee2d875a5b99adc05d2b52c704b0b893170c49bc95d36cb69b5b32ab2,0118baf904dcd18e9720b8db3e70b786abc8c48f4abc613c4791001720ba63c7,JPEG,RGB,210,276,[],dataset/unclean/savari/215700187.jpg
savari/215899289.jpg,dataset/unclean/savari/215899289.jpg,unclean,savari,.jpg,4354,f4318cb1e545d3e3aacde092c2e072a6ee81033fe0cd0888de09649cc62b3c1a,31dfc0f5cbdabd36af0471ef390fd5879fc4b840957daf9c48adfcdae5e2b52f,JPEG,RGB,150,197,[],dataset/unclean/savari/215899289.jpg
savari/215962276.jpg,dataset/unclean/savari/215962276.jpg,unclean,savari,.jpg,44676,49543f9e62dc58f2443f5e980d89a9a5779dd1a611a0486a93fd5b1ccd12b411,53ad0f18165d5900337a32f3d5b0ebb8186d435bf44d2d04c1e83731aec3b97c,JPEG,RGB,474,839,[],dataset/unclean/savari/215962276.jpg
savari/215997280.jpg,dataset/unclean/savari/215997280.jpg,unclean,savari,.jpg,18769,c9287ddc6f15f40b54f774b472f8da0f3bd84b2dd67562925a17502c03fe71ad,ea0869e4ca3e38dbe739ab61d0233e46b3438890cb38a8bb7da895f777a19a45,JPEG,RGB,336,565,[],dataset/unclean/savari/215997280.jpg
savari/216079866.jpg,dataset/unclean/savari/216079866.jpg,unclean,savari,.jpg,9773,4e2a7396a517b58de19d72685eec93b37a7689752f0b81be45a70faa01496894,95523dba41a21cfab711e84a80b57b881c3a829db7918eca6c8484feae7eeb50,JPEG,RGB,198,264,[],dataset/unclean/savari/216079866.jpg
savari/216138705.jpg,dataset/unclean/savari/216138705.jpg,unclean,savari,.jpg,7751,62cc06d230d0ebb2cb311063c632e35fc5a600005a7a3821848f3f8f836377dd,5c25dd7081bca7369596fc2ba675a737190f2184852fbb21673d40acc44bb20e,JPEG,RGB,207,276,[],dataset/unclean/savari/216138705.jpg
savari/216157894.jpg,dataset/unclean/savari/216157894.jpg,unclean,savari,.jpg,5263,028c07ae2a448637206830917231b916704b6d9116cd5358e0e9d9c0247b7d3a,9a30a865f62b2fd322248e66b687034bf25ffbeb2d8ef5c5691f7d3fe0bcf156,JPEG,RGB,195,264,[],dataset/unclean/savari/216157894.jpg
savari/216182368.jpg,dataset/unclean/savari/216182368.jpg,unclean,savari,.jpg,6417,2a415fe0e9d02dfd3469fbc979b282ff9d5a28f6b562988aa2c92ce19e66915b,ed918e2b0bbd1c7a6ad32b21ea2126ce7ac1549ee480fdae7158dcd9dc76e647,JPEG,RGB,168,252,[],dataset/unclean/savari/216182368.jpg
savari/216331636.jpg,dataset/unclean/savari/216331636.jpg,unclean,savari,.jpg,21107,e5385bb8e32bc84201bc1f9b8c72d9662bfb5008cae6f78af14ff6b878f5a8c9,32abba5530b4874adcf9d506dfb241f6d3ce70970d3381a859795957f2869768,JPEG,RGB,351,597,[],dataset/unclean/savari/216331636.jpg
savari/216348327.jpg,dataset/unclean/savari/216348327.jpg,unclean,savari,.jpg,5845,052eac11c383488dc602b5161813b79c19f4e7b678c2982124e3025e66c3a27c,3d9d6175ee16d2ee4a0f03b65db7b55a2de29ee9bbf941485c15d93784127e3a,JPEG,RGB,198,256,[],dataset/unclean/savari/216348327.jpg
savari/216418770.jpg,dataset/unclean/savari/216418770.jpg,unclean,savari,.jpg,5802,0569411bdda5755f4c3e6bd35214fb391dc330c38eec4c672b684dadfa578436,5129060a4bb54f53be91883e934b7aaf017b68aaf665f2c2ae889bb756f9c9b0,JPEG,RGB,207,263,[],dataset/unclean/savari/216418770.jpg
savari/216423320.jpg,dataset/unclean/savari/216423320.jpg,unclean,savari,.jpg,5378,7c56bf33b27cd13af199df5fa118bc902b00e77f07c1742ec0b0728e6973581f,28efa5b2a37564db3d76790fb62e92aad94443d31a4f44462530a3c17b4757ec,JPEG,RGB,210,232,[],dataset/unclean/savari/216423320.jpg
savari/216539715.jpg,dataset/unclean/savari/216539715.jpg,unclean,savari,.jpg,8295,76905d972839e51d71dd22d4aa41aaa05c1dd31c5117713097de5276ef0c168f,a793931e3fe1763a5cae3a5276db2baac600e9007bbd0c1e60a8022a1ecad19b,JPEG,RGB,171,216,[],dataset/unclean/savari/216539715.jpg
savari/216565316.jpg,dataset/unclean/savari/216565316.jpg,unclean,savari,.jpg,5497,f40decd75704571a776ddc420378fe455c1455857c0d3418352590d0919d4e9a,4be400463db2f595c6a7a53380511c231994006325fac16d82a9017597049039,JPEG,RGB,189,240,[],dataset/unclean/savari/216565316.jpg
savari/216585891.jpg,dataset/unclean/savari/216585891.jpg,unclean,savari,.jpg,5195,4951d3a52d839d0f34106955d5dec3df10252ca04e9d7fce33c52eed9e01e296,4ede63e47d35cbb0b13aec87ca994fdec28efa4bb298d3fcc6a59546b60ccf00,JPEG,RGB,263,321,[],dataset/unclean/savari/216585891.jpg
savari/216586565.jpg,dataset/unclean/savari/216586565.jpg,unclean,savari,.jpg,10961,8da260f16b7fc06d1ea761e17fa79b91c1fa34a78584889db369d156609f9a91,0772de46de4d9882bad8dbd79b081516cc4f0811d21e48086e8ab3199c2722cd,JPEG,RGB,255,245,[],dataset/unclean/savari/216586565.jpg
savari/216661534.jpg,dataset/unclean/savari/216661534.jpg,unclean,savari,.jpg,5809,33166f540a1f424e70e4cff9e16da45dcdac2d2569786a104808faf30c07be27,71bc2874c57555df0d6dc791d03bec645ab368544adddcaf1b213d7d9d33d410,JPEG,RGB,177,240,[],dataset/unclean/savari/216661534.jpg
savari/216729257.jpg,dataset/unclean/savari/216729257.jpg,unclean,savari,.jpg,6940,530d87d39a0f1cc71410dbff4457874aa60c55aac1bba2880cded7258c5c3228,904cfaa44fd2e20d2a27533de4e40d3c4ff661b45ee359ecab39e6fb98977a2f,JPEG,RGB,210,288,[],dataset/unclean/savari/216729257.jpg
savari/216757355.jpg,dataset/unclean/savari/216757355.jpg,unclean,savari,.jpg,8955,a40227362df592377805a47cc0215fed46a8b50a5a131c83e9878e8bc679b80e,5b0a305d66857e320eeb6844d7ff27308787bae99b3ba0e781fff73655b3b25b,JPEG,RGB,198,240,[],dataset/unclean/savari/216757355.jpg
savari/216767197.jpg,dataset/unclean/savari/216767197.jpg,unclean,savari,.jpg,8961,dd46af75a07d4f4b52b94ebcefd8ec7d05a2901002a442d3b43052929e26cdc9,b606c9db9593270692408a71a7b1ac8185501614098ab871b4f79857962d3051,JPEG,RGB,180,240,[],dataset/unclean/savari/216767197.jpg
savari/216915296.jpg,dataset/unclean/savari/216915296.jpg,unclean,savari,.jpg,5963,54dbeeae837bab32689be2025c6b3f7991ac5685354e4886872f75a13765365f,48d8a6c8280c5b279b43171f497f939b00a226801736a00674f706f83d0eaf95,JPEG,RGB,189,252,[],dataset/unclean/savari/216915296.jpg
savari/216973782.jpg,dataset/unclean/savari/216973782.jpg,unclean,savari,.jpg,9097,b8f194b82152e46c5f4bbc9e25341724f84d342a9987d33c07f3a2cfcfedd278,abcb8f855ca3f2dbe9b3d45be0e66f59f88df71480f9a1f9c577fa2115872548,JPEG,RGB,189,252,[],dataset/unclean/savari/216973782.jpg
savari/217001814.jpg,dataset/unclean/savari/217001814.jpg,unclean,savari,.jpg,7449,eb26203bae33b8862c4aba596be9612f99234efc29e5f21a262ad7ae0b32940a,fbb568a07db28980dfb70c710260b43a4c582bbb19e3e2ead3030c03eea7213d,JPEG,RGB,159,204,[],dataset/unclean/savari/217001814.jpg
savari/217248973.jpg,dataset/unclean/savari/217248973.jpg,unclean,savari,.jpg,6706,4bb58b10ee6ad07f2a1abc2ff1916bc7f78621695f21f5c08bde8b61a7afd349,f92fdfe591492116ed2171f383519683a1a93ecb7ec00f5ec229c15e7f89f1ae,JPEG,RGB,150,192,[],dataset/unclean/savari/217248973.jpg
savari/217249647.jpg,dataset/unclean/savari/217249647.jpg,unclean,savari,.jpg,10383,d3eaf44470c2417503ce6ed14e21a4e2f94d1b5e0b98221fbd6c544a587ce392,d828e61a528767a0781196c6bf67fe04a3c11e04507494eff15d1fc4a26c298d,JPEG,RGB,186,252,[],dataset/unclean/savari/217249647.jpg
savari/217283312.jpg,dataset/unclean/savari/217283312.jpg,unclean,savari,.jpg,6241,32ecc9ef34bfbcb23a4d752688ec43993457e3268aa9ba4384e4b219aeb7e891,f681d21d4fecafa287100f0b5917cda95400b3c740e813dcb24066b00a20529e,JPEG,RGB,198,252,[],dataset/unclean/savari/217283312.jpg
savari/217377465.jpg,dataset/unclean/savari/217377465.jpg,unclean,savari,.jpg,4941,ea8072472f8586de11ae79cfd0806ffd7fc48cbd18900a9ad34977f827494933,407a76f41decca16e1a87864da02dd5ddd825276f4b6dbf44c46d5149999aea6,JPEG,RGB,150,204,[],dataset/unclean/savari/217377465.jpg
savari/217384414.jpg,dataset/unclean/savari/217384414.jpg,unclean,savari,.jpg,11792,8bb2b7a6894248f44ef04c706c1df33cf749601b7b932e2dc18ad27e3bd86443,096fc598b2ceb2032988043d5d0f324f29f0fbf90b570baff1a3ec76097780d6,JPEG,RGB,189,240,[],dataset/unclean/savari/217384414.jpg
savari/217393464.jpg,dataset/unclean/savari/217393464.jpg,unclean,savari,.jpg,6690,df112a807510b84207f071b3fa70b2d88b95b561b4fbf2d84ab52cf4c6e71c65,6d533c2bfaa2841cc8ab74166912c330b2ba0c515b7633ab9e76ee132305b4c6,JPEG,RGB,207,276,[],dataset/unclean/savari/217393464.jpg
savari/217486577.jpg,dataset/unclean/savari/217486577.jpg,unclean,savari,.jpg,8567,eeacfb0dfa3099b28fb58fb79f5b9ff22786c45d9e4620c0e925702175046413,5d8dd81f48e2afd9c8e319b00dcff8be02afab418d5b5426a0b0be7369118e9e,JPEG,RGB,198,264,[],dataset/unclean/savari/217486577.jpg
savari/217595807.jpg,dataset/unclean/savari/217595807.jpg,unclean,savari,.jpg,29710,5d2b66158980703d7d6e832f243f3e01a5ed99d21d3a3a71c5322be0f6212fb8,8cd03f1343c0a5e931efa7826c45efb5e638d415bcc67707b44b5582c91df437,JPEG,RGB,381,603,[],dataset/unclean/savari/217595807.jpg
savari/217737227.jpg,dataset/unclean/savari/217737227.jpg,unclean,savari,.jpg,5477,1a5fa78c31aa5f92be54b35fe69b94ec8dea67aa1b4d4565e1023559adf84cb9,533fba76b755bbe11eee81f2e7477e571cce9646a34323082c5d4bd130e2f949,JPEG,RGB,189,240,[],dataset/unclean/savari/217737227.jpg
savari/217985851.jpg,dataset/unclean/savari/217985851.jpg,unclean,savari,.jpg,24320,6912a74f331603acd5c553a58d317d4f9a90dd7b64e627e538a365905aa625ea,7ba4b9d3cc2dfaeb591b1c15223682a763d7d9e3def5a12c3b6389b957000bf7,JPEG,RGB,436,778,[],dataset/unclean/savari/217985851.jpg
savari/218043366.jpg,dataset/unclean/savari/218043366.jpg,unclean,savari,.jpg,23344,1b6baa895c8e776134669d6de557b83c8e1f840925e8d1515598ddd0ef18f9b3,cfbc55897ae8704fdfdc31e7cb9c38d18f52cb9abc8355aa79446d0cff8be501,JPEG,RGB,372,675,[],dataset/unclean/savari/218043366.jpg
savari/218159810.jpg,dataset/unclean/savari/218159810.jpg,unclean,savari,.jpg,19202,cf7dd7d0658b8f317c0056d0f38a71458ea05be8dee55a925091f06f71e26c52,e99fa3fffcee7022ba6cb2467117bedbd616b051787fb00b3766152985cdf373,JPEG,RGB,374,651,[],dataset/unclean/savari/218159810.jpg
savari/218187376.jpg,dataset/unclean/savari/218187376.jpg,unclean,savari,.jpg,19338,9d65cf035f5de7d77a9fb2de13eea1ba9abb11e945bacda9c3a0679c9a252da4,5aa59d15e432bf62f5719ef57102bdc8ea43129665cdde9dfbceb626e2f381eb,JPEG,RGB,310,585,[],dataset/unclean/savari/218187376.jpg
savari/218198627.jpg,dataset/unclean/savari/218198627.jpg,unclean,savari,.jpg,5151,fcb83278a86cb12a90355749d7baba780534eb4b3d950fbc3f3876c8f9439bbd,d16143d9dbed15cb281f8ad0fdd5f174db805c6c627c73b7ec29c91912de440f,JPEG,RGB,180,240,[],dataset/unclean/savari/218198627.jpg
savari/218202038.jpg,dataset/unclean/savari/218202038.jpg,unclean,savari,.jpg,7512,9e4fabd6ba6d74326e182f04449d1602a0e6c713f939691d496f0c312f8cbd06,2ce76a58d5cb061b83b7402ad38dc778fae3230037d9fcce117f558097c22fc0,JPEG,RGB,270,311,[],dataset/unclean/savari/218202038.jpg
savari/218224358.jpg,dataset/unclean/savari/218224358.jpg,unclean,savari,.jpg,4935,d99c1a26bf58083bd85e5186d1bf574e4fc7f21364b763acad45f029be35f75d,c2c0b187de6edc722c57388dfe957ce17b7351b48792bf1624a765ab7741e566,JPEG,RGB,150,204,[],dataset/unclean/savari/218224358.jpg
savari/218252931.jpg,dataset/unclean/savari/218252931.jpg,unclean,savari,.jpg,9987,a6282c1aabe46d5400507f0198625502080267853297846468ea72f7ff70f67e,70fa03f54d3d568532f538d27273fe166110b91ece6f5f4256fdd7d72ffab8f5,JPEG,RGB,195,251,[],dataset/unclean/savari/218252931.jpg
savari/218307934.jpg,dataset/unclean/savari/218307934.jpg,unclean,savari,.jpg,7963,8aa5b3ee7c3b120b74c772e040008e2ca685f353899537225f9b9da56c9482eb,54f4c87e9fc56b63bf1eb458729e1e28c5a7543395d051454769f39f0a8d5cab,JPEG,RGB,180,240,[],dataset/unclean/savari/218307934.jpg
savari/218355363.jpg,dataset/unclean/savari/218355363.jpg,unclean,savari,.jpg,7476,78132f74ebd9eaa637f9ebb5fb516f255e025112620d55a643dcf9c61da1bb0f,ddc5c98e831977ec238d6714e2b8363b7fc5ae77437f9fea674ebcb0c3d2a26e,JPEG,RGB,241,299,[],dataset/unclean/savari/218355363.jpg
savari/218493796.jpg,dataset/unclean/savari/218493796.jpg,unclean,savari,.jpg,6424,138c9d2dc3319b656d0ffec59b4181a7308af603d5ee48601c77c8a8ccfde0e2,cc333dbb17eb93a7aa1ec94c88d0b01bda8ac041cb43fe5499b265ab765bffda,JPEG,RGB,198,252,[],dataset/unclean/savari/218493796.jpg
savari/218569843.jpg,dataset/unclean/savari/218569843.jpg,unclean,savari,.jpg,9152,9bf887b357053c57caae44f6883e196b676b3e9d199eb778eb37116a2b5b7f1a,961dc25adcea749980b08c7a22a2c93dd7a90d4ad8228eee1de78a98a017a904,JPEG,RGB,189,252,[],dataset/unclean/savari/218569843.jpg
savari/218594536.jpg,dataset/unclean/savari/218594536.jpg,unclean,savari,.jpg,11534,6a1354b9ba2e0c571b21d5e60382787bbc4c9220220fa40e8ccad07ef47f0e72,5e30d3c0c8e4bbc099fe09945eaf3c671434794795bf2ddb711547e9c7489bc8,JPEG,RGB,186,252,[],dataset/unclean/savari/218594536.jpg
savari/218644350.jpg,dataset/unclean/savari/218644350.jpg,unclean,savari,.jpg,28619,d82e040cb2dcacdde238263466442bc2d9d61b4ee1c0565f69b6bdbafa6346fd,d975ad87199ee4259d0e2348ea0290655a80fceb05d1812ca82d028693e7d8f3,JPEG,RGB,367,648,[],dataset/unclean/savari/218644350.jpg
savari/218692987.jpg,dataset/unclean/savari/218692987.jpg,unclean,savari,.jpg,27131,14ddc124b8ca05d0f1c97bcb692704e2c21ab96e41aa45254be257115687adfb,f393a48a34a542a97a8bb69158e3a7d9e017da9dfe80e853b25c3f44329f33fa,JPEG,RGB,373,655,[],dataset/unclean/savari/218692987.jpg
savari/218726882.jpg,dataset/unclean/savari/218726882.jpg,unclean,savari,.jpg,6757,d8a4b2b676ecf0e525f3bc0854744be6cb14c39e7ff01e5a43643c9c37007944,d0a368d930f876578586eb3170217e22de16ff5aa99a5c0f90053654f4967fcb,JPEG,RGB,134,204,[],dataset/unclean/savari/218726882.jpg
savari/218745573.jpg,dataset/unclean/savari/218745573.jpg,unclean,savari,.jpg,6645,13a99d4752c52202332a81f0b38dc0b4a702dba74dadbc362f0074b23a5a664c,c129a7ce96e1273193920bdc5c17b058fcc4243230e75da11c4cb739c6abe213,JPEG,RGB,186,240,[],dataset/unclean/savari/218745573.jpg
savari/218745687.jpg,dataset/unclean/savari/218745687.jpg,unclean,savari,.jpg,8955,da85705de5e4eef9d001a7ca484454706e83d657152b498a2d5a790f884e9817,c7ebae0b48789fff3b8d3cf53401a5a9db5f4a764a063b3aa07abb904b422876,JPEG,RGB,171,228,[],dataset/unclean/savari/218745687.jpg
savari/218899462.jpg,dataset/unclean/savari/218899462.jpg,unclean,savari,.jpg,5385,cadc714a0950c2ed2e1bb1d9019464c2bff0e4c509c3aef1882c84068e34796a,00b5824b4aaf81b1e35be7de327b5721ce5c47d836b1d1d24132373cdd1fbd6d,JPEG,RGB,180,240,[],dataset/unclean/savari/218899462.jpg
savari/218987822.jpg,dataset/unclean/savari/218987822.jpg,unclean,savari,.jpg,6322,16b33f6321a31f40f8a3681f870be175f4dc857dc69968444f03ca470fcc335f,89341b39dd51f64de646aff9dfac3a20eca17aacde5289330c79f53cdc4ba95b,JPEG,RGB,195,264,[],dataset/unclean/savari/218987822.jpg
savari/219006680.jpg,dataset/unclean/savari/219006680.jpg,unclean,savari,.jpg,8647,f1fcb8971a7924164dea801623b0ffdb5c03f5b12739648434a68ab1aa937c7c,024caeaf71cb9df59e276c91e10362500fc353815c46f90442660cd55641342f,JPEG,RGB,177,228,[],dataset/unclean/savari/219006680.jpg
taxi/197862478.jpg,dataset/unclean/taxi/197862478.jpg,unclean,taxi,.jpg,10719,00eb8a70b24dc9da305638ddec742406a62fef3835bd8cddaceb80997d92f6a1,f31a8e739a8893c7d2425f5d9c52e4750195366504efaae3063625b9161d60c9,JPEG,RGB,244,264,[],dataset/unclean/taxi/197862478.jpg
taxi/198289203.jpg,dataset/unclean/taxi/198289203.jpg,unclean,taxi,.jpg,11656,e364c8c35bb2b4fda4a409adcf1a7f095d892d34b1cd1ee045dcc4bbfac80896,83f816b86093af4b80a7b4d112e2defc7982410f1f295d2b0e3f61695a42a23f,JPEG,RGB,258,278,[],dataset/unclean/taxi/198289203.jpg
taxi/198459778.jpg,dataset/unclean/taxi/198459778.jpg,unclean,taxi,.jpg,12148,d45158c49ad3032d50185e54ff01e4153f30242db9555508be58a02969ff373a,3b6fd9671a5d69953b56815b794098d14ce6c67386286c5c7c1352f8067e46fe,JPEG,RGB,292,268,[],dataset/unclean/taxi/198459778.jpg
taxi/199946477.jpg,dataset/unclean/taxi/199946477.jpg,unclean,taxi,.jpg,6570,4b8c6d0cf8663289111d8bd16ba95130bfb135ac75d7685dbe271639c8e93cb3,3680837d6763456f9d9c663f632765dea6150dc8eb0cb70d537f94c38b6bb6a7,JPEG,RGB,240,225,[],dataset/unclean/taxi/199946477.jpg
taxi/211642643.jpg,dataset/unclean/taxi/211642643.jpg,unclean,taxi,.jpg,10246,222bf297ec3220384d3f87d21af3d00669253abe217eb0ac8164246aaebd05df,2b407320e82830dadac5b0355696103d35cd6bae1888861fd7fa2b14187cf11c,JPEG,RGB,207,259,[],dataset/unclean/taxi/211642643.jpg
taxi/212015814.jpg,dataset/unclean/taxi/212015814.jpg,unclean,taxi,.jpg,3784,58cc413079fbe4286fdd7641a756835e952048d15e36e6f768b2ba959b599bf7,a4cff48e0007247105c76e7cd47c1d064d5631b4589e6d1ad5361da9c05beebc,JPEG,RGB,150,204,[],dataset/unclean/taxi/212015814.jpg
taxi/212197580.jpg,dataset/unclean/taxi/212197580.jpg,unclean,taxi,.jpg,6373,37320693b037230ecdfb2894423b31ea4dba80549353818358e12c33d601aa1b,568ee85e527066d9e283ed9eda7bdb0bc7cd77e1afcb187995bfec72c8cd0eb7,JPEG,RGB,198,247,[],dataset/unclean/taxi/212197580.jpg
taxi/212411751.jpg,dataset/unclean/taxi/212411751.jpg,unclean,taxi,.jpg,5218,ca26748e6a278faa204076832b7bc2f1386260a672a65a9e0bf767c8cded4e41,f1acfae79bab4d02c7d1e8aab8f14f77ec64f57004be8889bffa1e8432a0b338,JPEG,RGB,177,240,[],dataset/unclean/taxi/212411751.jpg
taxi/212746503.jpg,dataset/unclean/taxi/212746503.jpg,unclean,taxi,.jpg,9630,2dcc7d5f8986fa89713a08ef6c211ec48d55863ea79663031a2cf626dad7aa27,4b0c124fc53b13ac716984ff6ede3949476b2c6a57bacf00b6998b63bf2cd32a,JPEG,RGB,162,216,[],dataset/unclean/taxi/212746503.jpg
taxi/213219294.jpg,dataset/unclean/taxi/213219294.jpg,unclean,taxi,.jpg,5924,cb81ad4a5022133c0b351a785fa8a05979120c1b38b5ab9601dc0da63dd0e4f4,ef9d8feea2bad858e75a2ed3f98fa82e591438d7a7a96abf0b6e64c4e8ba153a,JPEG,RGB,186,252,[],dataset/unclean/taxi/213219294.jpg
taxi/213723238.jpg,dataset/unclean/taxi/213723238.jpg,unclean,taxi,.jpg,7051,3a0c0d961d66fdeb5e6349b0dc0e993796a46a520308bc77d6306a39dc7c0ab4,a949aaea09ce69f90ae1cdf009baf51cbdb388d9f05c1c38749d6f0f0619a644,JPEG,RGB,198,251,[],dataset/unclean/taxi/213723238.jpg
taxi/214752341.jpg,dataset/unclean/taxi/214752341.jpg,unclean,taxi,.jpg,13585,d4f92328a675cf7511e9dfb2295ae576c99d2413bce8609514ed4cc79c4902a6,2ef75fdeab80073cb23629991ce7ba5235d438a1fc72dafa1c2b8f0f3d3d6d0e,JPEG,RGB,270,261,[],dataset/unclean/taxi/214752341.jpg
taxi/215098353.jpg,dataset/unclean/taxi/215098353.jpg,unclean,taxi,.jpg,6855,bb7218be47fd3e89a51b84750c89411ec3184d34fec3529b73a64f77a9c09066,e13464bbd84e59d59d8f8bf3162d37f766af285d111721c752f8e27cf317111e,JPEG,RGB,207,276,[],dataset/unclean/taxi/215098353.jpg
taxi/215681913.jpg,dataset/unclean/taxi/215681913.jpg,unclean,taxi,.jpg,6013,3b121a2737cb89cc5d206dfe50bce0c198cffa50d4d55d1ece85bac0b2350b2f,7246f0c2f6d73570637d5487b8d41b7de1121af7afe406bffd0c7e0a46758a67,JPEG,RGB,189,240,[],dataset/unclean/taxi/215681913.jpg
taxi/215771511.jpg,dataset/unclean/taxi/215771511.jpg,unclean,taxi,.jpg,6001,9202a07e98b5ebfb82651160e9a7c6f6a6b215e27dddba56ad62dcfac0e67ac1,d1e013f5997a4a6a7ee9d0f9d030b8fc0cef7e29bd07492d2e56f0720b97296b,JPEG,RGB,150,184,[],dataset/unclean/taxi/215771511.jpg
taxi/215928273.jpg,dataset/unclean/taxi/215928273.jpg,unclean,taxi,.jpg,24064,14689aa16324afb200ede69e240ec8f1b18c5bcbe8b284d71ca86c334281f060,b1eecc982372e4c38e24fd98ffb9271bf93029f3b6cebeaed753db87071f3799,JPEG,RGB,425,608,[],dataset/unclean/taxi/215928273.jpg
taxi/216003493.jpg,dataset/unclean/taxi/216003493.jpg,unclean,taxi,.jpg,26853,1cdd708c51e41e92eaa2fa678afec8abbd4d4657efa0896f08c8c4f5d2fdbf4d,3672837cf1800873da94a988424719370b8471f720d54557eff10cb7d672da5f,JPEG,RGB,390,664,[],dataset/unclean/taxi/216003493.jpg
taxi/216079256.jpg,dataset/unclean/taxi/216079256.jpg,unclean,taxi,.jpg,7359,9cb09f97cd8d42f3c67aca8d747dcdbaca410d3b0d63dbbc2fb197d68a18c5f1,5ae6a4f45b864e332f9b92f2e02304ec9022d7a153c5c008af66daff474f3447,JPEG,RGB,240,252,[],dataset/unclean/taxi/216079256.jpg
taxi/216098185.jpg,dataset/unclean/taxi/216098185.jpg,unclean,taxi,.jpg,30339,6fc21481b2409cb41224543dd063cb7ff25d4edefb56cad9c6122b235b6d9735,e33b12a0032408ab07a1c8b6fd8c02a3ee9520f72ddb3598437137ef7f06c30d,JPEG,RGB,401,672,[],dataset/unclean/taxi/216098185.jpg
taxi/216111008.jpg,dataset/unclean/taxi/216111008.jpg,unclean,taxi,.jpg,14736,aec4cb4f63815af0572b484f65bc63dce2e2c8425f0405db3ee13ca22be2f834,816a9036f81af089c466fca715f10fd4b94337f8a405170f0e4a136bda98f446,JPEG,RGB,242,269,[],dataset/unclean/taxi/216111008.jpg
taxi/216191824.jpg,dataset/unclean/taxi/216191824.jpg,unclean,taxi,.jpg,8576,80677fcbca40b2e40ec9dfcd44e4a6aed462061ca29c98bd5593c5bbdb300265,e5a3e47784ebf723c7e2813146ccea3877fd4f717d6af5652d45dd29d9a5a193,JPEG,RGB,189,252,[],dataset/unclean/taxi/216191824.jpg
taxi/216422192.jpg,dataset/unclean/taxi/216422192.jpg,unclean,taxi,.jpg,6013,78b4b90ae11b6439a8abf633c80ca7934ffa7ab20e27f1839c7fae5282defce7,31c983c4b6570b442216f4772898b2916ce828707abc7c4df562d1df4fae107f,JPEG,RGB,198,264,[],dataset/unclean/taxi/216422192.jpg
taxi/216809988.jpg,dataset/unclean/taxi/216809988.jpg,unclean,taxi,.jpg,11535,55ee6998b751154f69aadeaba8dfaa7ac5d3c7b2073d34cd1fd7abd2aca7cfdc,d5c74eb57ed5cab8c9fa701f7254cb5834b1334d0b3689eb9525eeec737332d8,JPEG,RGB,198,264,[],dataset/unclean/taxi/216809988.jpg
taxi/217016702.jpg,dataset/unclean/taxi/217016702.jpg,unclean,taxi,.jpg,7247,9febdea7bbbe04991da0921a401eb2bbe72709b3cda7bec7d5ede8ccb32cd744,dc49f4352cc8bf9887c7d7a64de2e35eeb4a547c902453423cbda394e921745f,JPEG,RGB,244,242,[],dataset/unclean/taxi/217016702.jpg
taxi/217024637.jpg,dataset/unclean/taxi/217024637.jpg,unclean,taxi,.jpg,4887,0809c28acb6ea4eda9df5527bd7d25dc6399d5ea563297f49da014ce27bc1e33,09ebee915b130e2719bcedf440d2ce46dfaa455c99b4894af2af1333713ce42e,JPEG,RGB,156,204,[],dataset/unclean/taxi/217024637.jpg
taxi/217212092.jpg,dataset/unclean/taxi/217212092.jpg,unclean,taxi,.jpg,20644,03d73c14039208de13896bf79f0c341c56c24211cf21fc703dd12ee691ce330e,e277a02cc1e4cf858b8a8284cd357e159cb5a366afaebb04b451c5c633f6910d,JPEG,RGB,385,583,[],dataset/unclean/taxi/217212092.jpg
taxi/217215925.jpg,dataset/unclean/taxi/217215925.jpg,unclean,taxi,.jpg,6390,4cddc71be4920da6369e9e7047e92c4571dcaf94daf72f56c20a6439bd5c1039,51408e9002c402297dfe3e60926fa29a0a92a543bc4b655742ccae9e2284a799,JPEG,RGB,186,252,[],dataset/unclean/taxi/217215925.jpg
taxi/217253719.jpg,dataset/unclean/taxi/217253719.jpg,unclean,taxi,.jpg,21608,f0451bb5cbd6ed6039dccd0e08ee7b74f8777caf3b4ae3d20acc8c2c96355337,35e18e610cf936d0f8801471f3ac8f0d85f3e2c116f3aae2e6665cfd3e3e560c,JPEG,RGB,371,643,[],dataset/unclean/taxi/217253719.jpg
taxi/217270060.jpg,dataset/unclean/taxi/217270060.jpg,unclean,taxi,.jpg,6950,7af9f80905c6ccb2253976397434ac801c2c0df438314cfd16fd175b37aa7e5e,8e6ea99a446c8902cca4163ed70842e13515f3b87aef6eb35f719da385e086a3,JPEG,RGB,210,259,[],dataset/unclean/taxi/217270060.jpg
taxi/217395242.jpg,dataset/unclean/taxi/217395242.jpg,unclean,taxi,.jpg,5361,aa5d3d258d97d834786cb03d2945196bdd8bff1f3b07063099a9aa6324e864db,ed11b7860be10f9126a1537ab17a0990cfa41a0ed7b044eedf915e77fb9e2c1a,JPEG,RGB,180,228,[],dataset/unclean/taxi/217395242.jpg
taxi/217533470.jpg,dataset/unclean/taxi/217533470.jpg,unclean,taxi,.jpg,3720,8d38088610dd073dec85456b8bcf92a764cf6b848350db7f17e797e7489d83f5,9ad2a6fbee9e4c44eb496eeebc4b9a176a9f904cbda748042eb3eeba3d698544,JPEG,RGB,150,166,[],dataset/unclean/taxi/217533470.jpg
taxi/217605723.jpg,dataset/unclean/taxi/217605723.jpg,unclean,taxi,.jpg,9261,e9d28cc7519c1b0b955e2516a2abaf24fbc01b828a39130b1596e3ad0aa2eb2d,6d698cff1f2a3c0ce9548d4950d464c9a5dfb0f08b83d12730046bf155b9af9f,JPEG,RGB,222,239,[],dataset/unclean/taxi/217605723.jpg
taxi/218000849.jpg,dataset/unclean/taxi/218000849.jpg,unclean,taxi,.jpg,6697,91de662ce23562b185829865676da01fa9ad6c26a9072266cef2f0d07e5fda29,55a63f2d67dba8f2c4cf5383aa53ee8cea4862cf3dcbd9cd7a8732ac388002f2,JPEG,RGB,198,276,[],dataset/unclean/taxi/218000849.jpg
taxi/218006006.jpg,dataset/unclean/taxi/218006006.jpg,unclean,taxi,.jpg,6870,905ae58c0e3782e883cba9db1ab011462da7cff1f5feed23aac89b1c77abceac,3e0dfc90171d5a1a01d84ebda453d0189e41b431676df8d5f1234bb40cb2aa36,JPEG,RGB,207,276,[],dataset/unclean/taxi/218006006.jpg
taxi/218010664.jpg,dataset/unclean/taxi/218010664.jpg,unclean,taxi,.jpg,9385,4520ed51eb6baeb90628f8f670b4ea9f4c79db9f8e7198d0adeb8c6e0a9bc4e8,302d9d9b793d4d4672c1fac4294c109a1afaf07dd3fbb2656221888159d2d988,JPEG,RGB,207,276,[],dataset/unclean/taxi/218010664.jpg
taxi/218056965.jpg,dataset/unclean/taxi/218056965.jpg,unclean,taxi,.jpg,10185,c890115626bff756ccc00ee7a5958585416e391655d69c8fa3eacee5f37a3c0f,34ef50a09f5cce6bb825a1ca151d49030f1d99c73818e04103f0f362c102bcd9,JPEG,RGB,198,264,[],dataset/unclean/taxi/218056965.jpg
taxi/218081372.jpg,dataset/unclean/taxi/218081372.jpg,unclean,taxi,.jpg,7940,5f9e156500bb4bcc297c5277b2fd794b5a2111bd14fedd81fcf0021459d56e51,2e1f944dfde6c5db1bb34203ba9c418ff3b6600c94167b34e1a8da3ee3835b06,JPEG,RGB,198,252,[],dataset/unclean/taxi/218081372.jpg
taxi/218140851.jpg,dataset/unclean/taxi/218140851.jpg,unclean,taxi,.jpg,4380,dccd07dda9bbc81fee588f2b70b2f826d1b8c979d14b0c36a6a1c6dd6f7c7a4c,f1ad44ddea8bd1b341bdf424111b6becd2e36470041e71c7ffba7c1c89400c6f,JPEG,RGB,177,240,[],dataset/unclean/taxi/218140851.jpg
taxi/218189795.jpg,dataset/unclean/taxi/218189795.jpg,unclean,taxi,.jpg,12501,da07f7e6ca98e09557f065579e8b597b189e185b8dff1c3f3de155cb06e67d5f,234c0170d1f58d75b29540e54f07dc3737312a3762148165ccbb3a2071f87915,JPEG,RGB,207,271,[],dataset/unclean/taxi/218189795.jpg
taxi/218278120.jpg,dataset/unclean/taxi/218278120.jpg,unclean,taxi,.jpg,10156,689cb235ff42e7a0bfb20ddb2301641094b9b24c66b418ce3121318b9adefec9,d378adbf88a668d9fe80cd8f9cfe2cf4875acf1b635c34a08c67e4edbe8f94d7,JPEG,RGB,210,256,[],dataset/unclean/taxi/218278120.jpg
taxi/218311093.jpg,dataset/unclean/taxi/218311093.jpg,unclean,taxi,.jpg,6237,4040f7d47c721c52dd389432c0421f60ad733bea1bfcd8067a452f6e46c59adf,7d2f56173c694cf4df7afb658fca77541762d1a95adb148833c66ce1662abfcc,JPEG,RGB,144,192,[],dataset/unclean/taxi/218311093.jpg
taxi/218339564.jpg,dataset/unclean/taxi/218339564.jpg,unclean,taxi,.jpg,8759,1fd85a275a7b11c1fe4e10a158e8b905920e872dd36074eeffe8b9f7efd2b1ba,2956ccc5f00235e90a9fb5178b1e5d001b85068369eea2ef487a597dbc8bd714,JPEG,RGB,198,245,[],dataset/unclean/taxi/218339564.jpg
taxi/218367265.jpg,dataset/unclean/taxi/218367265.jpg,unclean,taxi,.jpg,5003,e4613ff82f8a6e324ef868d46e7826bbd4d883c211a07cd0af48ed5304d3b5ed,0eb68ba745e0fdbc627ce39d2dafb48d5e16882f79922b9b263806b8e800007e,JPEG,RGB,177,228,[],dataset/unclean/taxi/218367265.jpg
taxi/218501211.jpg,dataset/unclean/taxi/218501211.jpg,unclean,taxi,.jpg,6329,82a5da4b41388233713e176ca2f4cc73c3fb22efdffe02c42f81b87cefdcfa8b,ba7b25e13e8c12a55be092d5b7fd9eddd88c11c72cd539f76b8ae43a6f975aa0,JPEG,RGB,186,240,[],dataset/unclean/taxi/218501211.jpg
taxi/218769647.jpg,dataset/unclean/taxi/218769647.jpg,unclean,taxi,.jpg,5224,f3ec69f05896de22e4450a69f744989813181b7720605592a5187f59a9aefafb,2949ddd25030a50c38ef89e623c79b56db55bdede544103516042a9ffc813c42,JPEG,RGB,177,240,[],dataset/unclean/taxi/218769647.jpg
taxi/218778376.jpg,dataset/unclean/taxi/218778376.jpg,unclean,taxi,.jpg,8183,f6b17ddba53c3ab96c7acf7e50d3161d50da249bedd8ade7b32fb448a22288e7,1ad12f092ebb5e7827e6b8203f4e253154540dd457f316711cc67ead9667b50a,JPEG,RGB,189,252,[],dataset/unclean/taxi/218778376.jpg
taxi/218861019.jpg,dataset/unclean/taxi/218861019.jpg,unclean,taxi,.jpg,6629,da854fb4ce4882eb69eaccba6ab75f98210cbcafa4b0204dc1a8c28f7c3c6d08,eec4e5b38d944f796317418b8551d697e19e0429d53437bd8e49ab8d377c46d7,JPEG,RGB,240,239,[],dataset/unclean/taxi/218861019.jpg
taxi/218887865.jpg,dataset/unclean/taxi/218887865.jpg,unclean,taxi,.jpg,5928,3cb7f1db6ac9505d88b67caf962f631f8a9a309f9b8b1acac8f83d15c63ab2a6,16582caebb2d2e019bf1eac20198443035f65fddc189071b9830a0bce8b73161,JPEG,RGB,207,259,[],dataset/unclean/taxi/218887865.jpg
vanet/194260851.jpg,dataset/unclean/vanet/194260851.jpg,unclean,vanet,.jpg,15332,38f52cbf6824cbc718a870e029ac726d940b34d91cabeef510ab4cf8e10b07cf,cc5d6e1414579a464a50d7a75e34e5b2db7aeac9a1011da9d6e6fdf47740cc2a,JPEG,RGB,271,305,[],dataset/unclean/vanet/194260851.jpg
vanet/194872019.jpg,dataset/unclean/vanet/194872019.jpg,unclean,vanet,.jpg,13507,bcc3538bd5950a8c4e4fa45ce24196f53d38f2dacde99a932c67fa8a0a4dbd58,6131ba239fae3b6e85c2c8d2a8897d0825aa0ed2ce21c357c14b4086618d4a43,JPEG,RGB,253,255,[],dataset/unclean/vanet/194872019.jpg
vanet/195371292.jpg,dataset/unclean/vanet/195371292.jpg,unclean,vanet,.jpg,13146,2fe1d9a466e1c2a2cb10727b36225a47fa27ce0ccdf95b1df46ed4cb68f5bb86,d4b567f01ced82caac57503535dc2f4e2dd2ea2f30fbaf79c7c7fbe2ef597b16,JPEG,RGB,274,284,[],dataset/unclean/vanet/195371292.jpg
vanet/195991462.jpg,dataset/unclean/vanet/195991462.jpg,unclean,vanet,.jpg,8394,312a60a01b4d4936955cf1cdbabaddaaaa95a37634ff0e4c846381e7c5fa8ad1,57c65b50a8a77e75018d6c1cef2eb47534b1efb28d2106e32e3abfd6218b0ec4,JPEG,RGB,282,211,[],dataset/unclean/vanet/195991462.jpg
vanet/196163447.jpg,dataset/unclean/vanet/196163447.jpg,unclean,vanet,.jpg,19988,00ac5115d29fe991cb6665613e30f8d98e822857a086e88da756ce04ab16c9a5,8536329884b30771a69cb0cbebc708c5e1a78b5b39ae21d95c46479ed0a21e56,JPEG,RGB,313,316,[],dataset/unclean/vanet/196163447.jpg
vanet/196296699.jpg,dataset/unclean/vanet/196296699.jpg,unclean,vanet,.jpg,5864,4d8699b496f0e031207b8854f9082bf9f938fc4539cd1a30a2ed9664a10bafe8,5581bd414179fae802d5bd302f5d133912f41ed3e797ef2da81d465444cd4951,JPEG,RGB,258,209,[],dataset/unclean/vanet/196296699.jpg
vanet/196577840.jpg,dataset/unclean/vanet/196577840.jpg,unclean,vanet,.jpg,11794,be8213affa5fecba692b21d2a821a70ac4d00473e1afcef3b6be5d00b2430ce6,697a5a5e1c01a33c5f6da8790781bc8ba1af4ea12d9bb7c43d935e400b7ee5fc,JPEG,RGB,288,278,[],dataset/unclean/vanet/196577840.jpg
vanet/196908180.jpg,dataset/unclean/vanet/196908180.jpg,unclean,vanet,.jpg,13536,0f01a6fd6c06f5bfd4858eabdc4586308644346661c0cb77dfda80f153689e8e,8d1432bdbf519d8a153d0f3d703c6aef33d9f582cda352e8e7cd947f49b39a49,JPEG,RGB,279,282,[],dataset/unclean/vanet/196908180.jpg
vanet/196951112.jpg,dataset/unclean/vanet/196951112.jpg,unclean,vanet,.jpg,11876,0c5353b3720100c9d7b384cd409762ecd0adab6094a8a75940dbcda1c64dd343,4c9b4462d3a01865e18070ec6eb020469294598488417b49409c28d2477698d1,JPEG,RGB,273,242,[],dataset/unclean/vanet/196951112.jpg
vanet/196993529.jpg,dataset/unclean/vanet/196993529.jpg,unclean,vanet,.jpg,5930,365133ca46222f70d3e3cd90ddd93ff82558f597dc307c18a7a017f2ea046042,0c7de979abe9d6ae2890ad51b2fa7578a87bd2bc061a044186f3bb8bdc62efbd,JPEG,RGB,253,206,[],dataset/unclean/vanet/196993529.jpg
vanet/197073034.jpg,dataset/unclean/vanet/197073034.jpg,unclean,vanet,.jpg,7060,39dff738be9a3e029dfff88be1cb9765ce22cd3d3917c00563aab5ee61a3d905,8401cbbb96c5307bbae6c4de22a2ff96af65bdd8f4b65bf616caec4677fa4a92,JPEG,RGB,284,292,[],dataset/unclean/vanet/197073034.jpg
vanet/197137291.jpg,dataset/unclean/vanet/197137291.jpg,unclean,vanet,.jpg,10556,5fe480d671b65d4c703f8e6c51230466ff9be9bdf5f86a4893550561f6a7afa2,fa8e1e97794781078f3c51ad273ce4fc727c0ed36227d9ec8fdc1182f912ae64,JPEG,RGB,253,247,[],dataset/unclean/vanet/197137291.jpg
vanet/197145624.jpg,dataset/unclean/vanet/197145624.jpg,unclean,vanet,.jpg,23119,c8ae1e46555251ddf85d37970a6759a268939d44b7e818123b3f3ffa935fa5bb,820ef64b36c41bcacc4e416872c45be35943078ba57ac3a737f6e325bd1e07db,JPEG,RGB,331,328,[],dataset/unclean/vanet/197145624.jpg
vanet/197150276.jpg,dataset/unclean/vanet/197150276.jpg,unclean,vanet,.jpg,10297,2d11d2c9fd643000875dafb65320979973a62f4e2931789da53f92263d129225,bd541e6c17b46f82754ba21b7549168d65e55b62ba2c3d286f222b4c6e02b0e4,JPEG,RGB,280,229,[],dataset/unclean/vanet/197150276.jpg
vanet/197223393.jpg,dataset/unclean/vanet/197223393.jpg,unclean,vanet,.jpg,4987,0133690c9c8379184555f43a15454280b686a4bbdcf65fe4190f109310873fe3,3a23ffc95e98c7bf4262684246d7ff8097e13de49864141d653e651771a2a842,JPEG,RGB,219,213,[],dataset/unclean/vanet/197223393.jpg
vanet/197375182.jpg,dataset/unclean/vanet/197375182.jpg,unclean,vanet,.jpg,16221,b6d7484e6b1679ddaa5244816743f8a30d6a4402a5caddd707f7a6694aa34e23,cd4e12d6066fe334acbcc8ffa976d05dfaca7158c3b92825321d3d8d1c0c681c,JPEG,RGB,296,308,[],dataset/unclean/vanet/197375182.jpg
vanet/197508757.jpg,dataset/unclean/vanet/197508757.jpg,unclean,vanet,.jpg,16564,5c712369f47c5ec194b7d59c0287874f5c47882952944f348e303d8191b857cf,0e0f2a6229c6a9417a853fda9758258c00153c2b2bb749f95eabf14a7104f105,JPEG,RGB,281,242,[],dataset/unclean/vanet/197508757.jpg
vanet/197741309.jpg,dataset/unclean/vanet/197741309.jpg,unclean,vanet,.jpg,6642,a581f89d154c27cd7f7379d74e5bc3cca9d841e69573569e5434df6bcbd64176,7620e514e7602e4e54842c50d444feda732f491dbd1d003146d4b48a1ccbdb01,JPEG,RGB,276,203,[],dataset/unclean/vanet/197741309.jpg
vanet/197919941.jpg,dataset/unclean/vanet/197919941.jpg,unclean,vanet,.jpg,8261,67a435cb9c927ee876b9a5850240217e0543a07ecfa33145246f9559ac16e966,aa0da24671fc3ea7aaea4d34649f572c41ff7c5298066accbaad93fb6ab27b7d,JPEG,RGB,292,299,[],dataset/unclean/vanet/197919941.jpg
vanet/198165650.jpg,dataset/unclean/vanet/198165650.jpg,unclean,vanet,.jpg,14273,bedb5380530cd8ac7a8bc9166ea242a204ad0bb4fb50c7fef8bef554e014e59e,811dcf5d50cfc2c909f78ace039ebc61f66bd0b91b338e67e64f1ee5e4444101,JPEG,RGB,282,298,[],dataset/unclean/vanet/198165650.jpg
vanet/198361421.jpg,dataset/unclean/vanet/198361421.jpg,unclean,vanet,.jpg,13342,22b4c6561a7750e7e808941e89880325c9937ff3377fa060e7324cecfb3e119d,d21d26f52f3837b1999078a0df10c2ca9a0a43ffced9749dab41a7889b3d2b81,JPEG,RGB,307,428,[],dataset/unclean/vanet/198361421.jpg
vanet/198401066.jpg,dataset/unclean/vanet/198401066.jpg,unclean,vanet,.jpg,17672,edf53303385e7b9bc5a3116b9528fbdbbf14d18c65eb961a1cc4c8e92d6561ed,1063bd6f8453ea2399ad655936702ff177d16b671b3c23ccc6e8404ca08c82f2,JPEG,RGB,299,310,[],dataset/unclean/vanet/198401066.jpg
vanet/198502993.jpg,dataset/unclean/vanet/198502993.jpg,unclean,vanet,.jpg,10557,3ae621e642e99e716e438d07b1438c6f086100ada9a7522c3c592794ab59bf13,226674a3ef8cd9890662b0064566c8155e98e83c9fd84756e2bb6544c6abaece,JPEG,RGB,271,233,[],dataset/unclean/vanet/198502993.jpg
vanet/199158191.jpg,dataset/unclean/vanet/199158191.jpg,unclean,vanet,.jpg,11356,d64017e83853c43024d1cbfffbb87f539618e0987b63cb8cbb9abf7fd83936da,124e4a6553aa85070ee35520fc24b34b9fe1e89e8bb0c939b2ad1421e67b3d36,JPEG,RGB,257,272,[],dataset/unclean/vanet/199158191.jpg
vanet/199169585.jpg,dataset/unclean/vanet/199169585.jpg,unclean,vanet,.jpg,9591,4c50c9bac01180aee7eec7ec4e4ea144d177f9280989e00389b58002bbd7ef2a,dec66ee8300544ae35719a46c24b7be5c292738d7ac0c7e4d9f9a34da949ec18,JPEG,RGB,273,265,[],dataset/unclean/vanet/199169585.jpg
vanet/199358904.jpg,dataset/unclean/vanet/199358904.jpg,unclean,vanet,.jpg,8037,d9716824cf46fb499eafa647271bf7e9f9501164c4cee7f63f5368ffe6166a36,b668931eb845ae53a16d99da0da4c53bc97fb8459f32aa9bd0f8636482c8d299,JPEG,RGB,270,207,[],dataset/unclean/vanet/199358904.jpg
vanet/200609458.jpg,dataset/unclean/vanet/200609458.jpg,unclean,vanet,.jpg,17025,6d73b8448ba0658a435136192cbfddbc251e7ba5772cc9d29478da376aaa3219,067fc0cee2ac718c40b42ed380cabefd7eb2d4cfbb1e5b0162cc270059d4c9fc,JPEG,RGB,312,329,[],dataset/unclean/vanet/200609458.jpg
vanet/200630697.jpg,dataset/unclean/vanet/200630697.jpg,unclean,vanet,.jpg,11852,a00f47e4226047ce92962e3a8aeb2425aac929abe2c3d5c6098bc9a6fe915269,c025dd90862ebe1a32dfea47e0834e7877f99e7a52a5a480f3050df9399d5717,JPEG,RGB,237,281,[],dataset/unclean/vanet/200630697.jpg
vanet/201189023.jpg,dataset/unclean/vanet/201189023.jpg,unclean,vanet,.jpg,12170,33be794633858ec17359beb008286ef1333e1f60272646bf2465b6c47e33f736,0cb825d8a0b7d636159cc6e4c80b89c96b664741222dd9766b440a6e66453213,JPEG,RGB,257,303,[],dataset/unclean/vanet/201189023.jpg
vanet/201927527.jpg,dataset/unclean/vanet/201927527.jpg,unclean,vanet,.jpg,9625,08cde27d2ddc2ba29fd60285b6ffedf1ad758e2298632c11119db6c83cd59552,02607ba10f1ba5da0dc5750df85885176fb5d279939c5b9b36feab72eb74b084,JPEG,RGB,278,218,[],dataset/unclean/vanet/201927527.jpg
vanet/201971644.jpg,dataset/unclean/vanet/201971644.jpg,unclean,vanet,.jpg,12048,98ede456d52943857744c9a7d9bcb4b22b4fa457d6c7f4cb2aa71067dd6e12b3,f509b8707aef3a8f4bea90a69b3ab665e3149b43bc93d38792df31e5d05858bb,JPEG,RGB,261,302,[],dataset/unclean/vanet/201971644.jpg
vanet/204195442.jpg,dataset/unclean/vanet/204195442.jpg,unclean,vanet,.jpg,16638,5dc596c6f113d0ce4fc9622b9f7e41d79be1e97a203d38553da9c3ac2b43a84c,6006bc72a523ffeb2d660bacc0ba326df804debc471ce15bd88218cfdd16035e,JPEG,RGB,274,287,[],dataset/unclean/vanet/204195442.jpg
vanet/204556090.jpg,dataset/unclean/vanet/204556090.jpg,unclean,vanet,.jpg,18492,22727325d3408b69483b08fae146cfa0e56d28efd38bda2b61b6d19d44644ce6,40eb1961e5cee86e597ea7d3bbc4afb35bb7ffae08d376e14481a9b9e87ecad7,JPEG,RGB,336,338,[],dataset/unclean/vanet/204556090.jpg
vanet/205760741.jpg,dataset/unclean/vanet/205760741.jpg,unclean,vanet,.jpg,10793,eccb64a9afdca61618380e5151f81d5ff14f3e97e6b2b1198ddc7e63e3cd6be6,49b70b4af1d19755a0b3872b306a025706e578ca6ee227c482dc2ce6a9e7093f,JPEG,RGB,300,260,[],dataset/unclean/vanet/205760741.jpg
vanet/205893783.jpg,dataset/unclean/vanet/205893783.jpg,unclean,vanet,.jpg,10875,364e66ed97503c48494824fe12f93b6d2f2ce2dd2ad766978570d216c8542963,22be068f0596098adcbd12adf0f05d6c24345b26b3cbe9d2b1bbce66cec60610,JPEG,RGB,260,239,[],dataset/unclean/vanet/205893783.jpg
vanet/206019581.jpg,dataset/unclean/vanet/206019581.jpg,unclean,vanet,.jpg,16238,eadd596e419ee360a790181dd31afc33e304e0162744a441359d22b3f447f52a,0a40d8b7190d3722eafebf77fea6bf3e76558c620b3bb9a82ee008fb1edbc197,JPEG,RGB,225,360,[],dataset/unclean/vanet/206019581.jpg
vanet/206203349.jpg,dataset/unclean/vanet/206203349.jpg,unclean,vanet,.jpg,16488,6ed0897358cae290153785d85182bb2285e0333591f093930dfdebf9a1a91d74,3cbce9e4ce009c87c5b04eca80cfcb62cb1afbaaf998313f7dbb7a2e0a33f6b9,JPEG,RGB,254,375,[],dataset/unclean/vanet/206203349.jpg
vanet/206287271.jpg,dataset/unclean/vanet/206287271.jpg,unclean,vanet,.jpg,12570,5e7af5c4a3ddf5b06bf42dd322de4647106faed6fe600a6ca0e91e3dd6ed5161,a5530c82f99e6b75fd0c0ad6826edcffdb1b4d3f19032c5064050d682263c2a2,JPEG,RGB,261,298,[],dataset/unclean/vanet/206287271.jpg
vanet/206608462.jpg,dataset/unclean/vanet/206608462.jpg,unclean,vanet,.jpg,16076,0b500cb05b0121a4cdb73c98abfae39f663c157d9723dce6af20f88670da9218,03a7424952ba1aea4654d6d60f81f6ac85032a258b2dac005968657804c64b47,JPEG,RGB,245,304,[],dataset/unclean/vanet/206608462.jpg
vanet/206651635.jpg,dataset/unclean/vanet/206651635.jpg,unclean,vanet,.jpg,8099,384ce27edf0040aa93883bf9cecb3545d050a72e17ec1daf90f51ba23dc9968d,3d399ab55e334ec3d45590a23cd1b1e2561550db2065cd39c8f8beb9ca33b0b5,JPEG,RGB,260,292,[],dataset/unclean/vanet/206651635.jpg
vanet/207079360.jpg,dataset/unclean/vanet/207079360.jpg,unclean,vanet,.jpg,14122,f3fd691c0188d7328b0b119bff4ecd0c29a4ab086efc9915214c5011ea3f7dd7,21a20c1b81c23db88593ef8d65cd100462843a8b0db1bd82ab6b3c7e2e84403a,JPEG,RGB,243,323,[],dataset/unclean/vanet/207079360.jpg
vanet/207517475.jpg,dataset/unclean/vanet/207517475.jpg,unclean,vanet,.jpg,12917,942cbd4903787f17dfcbb6d0068cfbfd580eb801e2751bd262cbaee9370eddf7,e9e37908077c828e346feef9a255a52085dfe6d85cf2b28b1b7d6dc8da9c51bd,JPEG,RGB,258,330,[],dataset/unclean/vanet/207517475.jpg
vanet/207534276.jpg,dataset/unclean/vanet/207534276.jpg,unclean,vanet,.jpg,12382,8d9da3623e3c7ffff0c6c01a4646942330104e2e52330572705144fa0e66e72c,ad6df194f51274685416aac1b0da6cf4d95148e46d0c7cee7331097f9ed4effc,JPEG,RGB,260,278,[],dataset/unclean/vanet/207534276.jpg
vanet/207573757.jpg,dataset/unclean/vanet/207573757.jpg,unclean,vanet,.jpg,14066,4a0cafe0fdc2a9ffe9158653f12c914fa57f3ef45b861fdde577f0be03a6213a,9311beb6629c8b7ab230d3f87b5adabf089a302eecd8580a729e68a298f30a57,JPEG,RGB,253,295,[],dataset/unclean/vanet/207573757.jpg
vanet/207596603.jpg,dataset/unclean/vanet/207596603.jpg,unclean,vanet,.jpg,19814,fe1eb10659baeb58966252e571ad7f2160bb85825eef07aadc5ff2a932c85b76,0a7958c85862024b0aeb9f8cc6e124c8d4504e1ae657320db45e07774d9874a7,JPEG,RGB,281,375,[],dataset/unclean/vanet/207596603.jpg
vanet/207696354.jpg,dataset/unclean/vanet/207696354.jpg,unclean,vanet,.jpg,15734,48d32b0e43fe2adc4f6057795243d7a9c61766c67d379e3592d7d1a32a21b202,744575f443ab76a5df3761022c0ca6e774e72777ebf70d7778c067af9d32cc0a,JPEG,RGB,261,344,[],dataset/unclean/vanet/207696354.jpg
vanet/207702391.jpg,dataset/unclean/vanet/207702391.jpg,unclean,vanet,.jpg,7536,9d6108c1ddf3f227f790e376d883ce4fa731c5eedc45d027d644816fd8e89d5f,71e76aefa4ee0774baa3f3c34b1b96e3f2477a3c1cdf1d1505d2cfe76ff3d00b,JPEG,RGB,253,293,[],dataset/unclean/vanet/207702391.jpg
vanet/207721906.jpg,dataset/unclean/vanet/207721906.jpg,unclean,vanet,.jpg,9596,6a3171028b53e5594ec2c76bd6c2b4fa2092cd4ef36e9ec3e3bf3ae11ea0bea4,ca6b292bd55ab4f38edafb385c155a9c3513623dd60048a921759eb97aeda4e1,JPEG,RGB,252,386,[],dataset/unclean/vanet/207721906.jpg
vanet/207749551.jpg,dataset/unclean/vanet/207749551.jpg,unclean,vanet,.jpg,14058,8a78f3a4a033f55487bdd99a5c6e573b17bb46723d970f17de2c7159b9e35a69,5c848c74b7e5e0017022f5a5e888073c1ed9da89931241f2ee1c800a8d7335b1,JPEG,RGB,255,312,[],dataset/unclean/vanet/207749551.jpg
vanet/207786156.jpg,dataset/unclean/vanet/207786156.jpg,unclean,vanet,.jpg,7216,7cef4cf01f60afd3369b57909f6502a186327f5114a2f8e3de8def9da37c4253,3c4b346fc5a7dab8aa7942e59d65dbd3cc59aef1bf644fdc88562efe9ee0ff2b,JPEG,RGB,245,291,[],dataset/unclean/vanet/207786156.jpg
vanet/208034728.jpg,dataset/unclean/vanet/208034728.jpg,unclean,vanet,.jpg,14543,ceaa3623fda109ed5d74c2deceaa7fc091ad696df18f5dff67f0a04bbb70417f,059e350184c08189ba2c58d952d47d3f1d6285727586cadad3996dbf2e1f1623,JPEG,RGB,234,273,[],dataset/unclean/vanet/208034728.jpg
vanet/208096370.jpg,dataset/unclean/vanet/208096370.jpg,unclean,vanet,.jpg,18327,d17198bd46122b808873f90a3e9dd61833b1a0cf948a557b9456385de3ffc1ec,24b321f8087c84e4b6496e641dc0fbefa1c935c004d807cf440bb6bd71530dbe,JPEG,RGB,265,334,[],dataset/unclean/vanet/208096370.jpg
vanet/208115002.jpg,dataset/unclean/vanet/208115002.jpg,unclean,vanet,.jpg,13016,6b233a5afaaee037784fe6244111fe98aaf9d38d343b811f2f6d543994be8148,276b80d5f2eb95e924d326340f79fa210020996703051d6583c55ccfe1ff48e9,JPEG,RGB,251,229,[],dataset/unclean/vanet/208115002.jpg
vanet/208422550.jpg,dataset/unclean/vanet/208422550.jpg,unclean,vanet,.jpg,15460,d385229368d8bb9dce8e12d343fa22d33868f566b1bd8acdea76bd44998a46e9,0b4aff967825b72c95307fa2ea0fd4c9674193e88b60b21194356c60bdb7256e,JPEG,RGB,249,295,[],dataset/unclean/vanet/208422550.jpg
vanet/208473051.jpg,dataset/unclean/vanet/208473051.jpg,unclean,vanet,.jpg,17754,ae2dd3c239acee12fcc36138ed9edb245aba8f39f91fa91266fc34f93609b7fe,3ea1b30b72ac5f3ca6d032c97f1ca54aa73ce89fc1b2d228270c7418ce9a7675,JPEG,RGB,232,327,[],dataset/unclean/vanet/208473051.jpg
vanet/208635729.jpg,dataset/unclean/vanet/208635729.jpg,unclean,vanet,.jpg,9282,24643edc7705d6f7c1792736338bb984b7a2b193c4154be5a2f2ebe90971a209,d6da3672c1f505cd079bb07a625b08c69e9967edf1f77bff4141f307106aaf49,JPEG,RGB,246,368,[],dataset/unclean/vanet/208635729.jpg
vanet/208675127.jpg,dataset/unclean/vanet/208675127.jpg,unclean,vanet,.jpg,11742,a1bec29f6b9100e04feef9e08a52f951e86d433fe99dafa9b21c64e1780185fe,765c930bc7fca749050246a58e83f3b2f3774bf4c5a5aec178143b507e772a29,JPEG,RGB,225,268,[],dataset/unclean/vanet/208675127.jpg
vanet/208840760.jpg,dataset/unclean/vanet/208840760.jpg,unclean,vanet,.jpg,17660,6d8a2f5ed498b730061e5ae7510cbfe60a50bf22060534475bdbbe214028c8a4,086e29d515417d837cda2f05528bf1ba7661d3eaf7e9e4906d4d9b338ee97e35,JPEG,RGB,247,337,[],dataset/unclean/vanet/208840760.jpg
vanet/209172997.jpg,dataset/unclean/vanet/209172997.jpg,unclean,vanet,.jpg,8195,0c559de4a9e65528ef412799e757f94bd8face853907154ac9b622861a9e68b8,adfc96c70b590a08ee4aaa15a3543dc3b5b8011401901d522aa9a4dcd1168e61,JPEG,RGB,238,315,[],dataset/unclean/vanet/209172997.jpg
vanet/209282422.jpg,dataset/unclean/vanet/209282422.jpg,unclean,vanet,.jpg,12637,710ffb4c354d1fc5bc92a7003b6a9daf1fe7cee277c54cb295d14095cb8c927b,5eb41e9879b906ead1888a644dbe78f0cd9b06b693976a0d55a84c93192bd9ec,JPEG,RGB,229,320,[],dataset/unclean/vanet/209282422.jpg
vanet/209766482.jpg,dataset/unclean/vanet/209766482.jpg,unclean,vanet,.jpg,5144,a9d9bfef1a2ceb0c6af8b35664068e395148ba4b677073454a09a1253bc5288a,70c4090e8303aab8596d11f0c27efd01908db728845f1ed9b681a9c20c420cb5,JPEG,RGB,177,240,[],dataset/unclean/vanet/209766482.jpg
vanet/209813193.jpg,dataset/unclean/vanet/209813193.jpg,unclean,vanet,.jpg,7799,197260165be0988b3d3b3fbcfa1c18487d5765467caaeaecb2b4d2f577901c8c,7204aee7778c7bd1d4627ecc8168cd5f3f7455e200bd0f8039c3b145c381a95f,JPEG,RGB,186,221,[],dataset/unclean/vanet/209813193.jpg
vanet/209939482.jpg,dataset/unclean/vanet/209939482.jpg,unclean,vanet,.jpg,9453,5bf2f948ff891f8f75442315d85ae9dd1026abd8726a60309ff3cfba8a03a700,994fc5c90650a3cb8f75d71feaeffdd36268b77cdefb665f365b7a845d8a3bdd,JPEG,RGB,165,216,[],dataset/unclean/vanet/209939482.jpg
vanet/210379308.jpg,dataset/unclean/vanet/210379308.jpg,unclean,vanet,.jpg,18322,d5f3996aef1a85a72c50fde14d5fae90733092af57208fc602e6904e498373df,37fc03082ee81bb4f38645b36f5ed87e30ffcc097b24e1882fb75cd22f1f668e,JPEG,RGB,274,272,[],dataset/unclean/vanet/210379308.jpg
vanet/210682674.jpg,dataset/unclean/vanet/210682674.jpg,unclean,vanet,.jpg,17642,ad87fd3b87a004138d876cf29f77ad776abdeab2ea4dff8569ed48265be819ec,145e02f103d4217589db297747c4e2004c8641d8568228a6d73da175a69b7e0b,JPEG,RGB,256,326,[],dataset/unclean/vanet/210682674.jpg
vanet/210819242.jpg,dataset/unclean/vanet/210819242.jpg,unclean,vanet,.jpg,7717,781030a0affa298c6e01fbb5a8a3b72b03c12f381a0ab29d1f0758d5e521a7b0,abe1af035f34a67c47c415cac9bc4fbf4edddeba6d8fcd1e4882c15ea469427d,JPEG,RGB,245,328,[],dataset/unclean/vanet/210819242.jpg
vanet/210908141.jpg,dataset/unclean/vanet/210908141.jpg,unclean,vanet,.jpg,10983,494a7d414cdd89021fb67e6873824ce26ceaff31582f3e4a1ef00207cc2e8551,efe9dce597ad7689b856e8dea2cb47e4e09a593e288c6761105e6d7a5528a8c5,JPEG,RGB,237,268,[],dataset/unclean/vanet/210908141.jpg
vanet/211040523.jpg,dataset/unclean/vanet/211040523.jpg,unclean,vanet,.jpg,13430,479a5513685159b66df0ac5a3b9b50074e928d5bb1a9c7f507fc0eae7a5249c7,fd6a1a95af46d5ec33d368acd283d1f10991f19b6b545d9262863128c522ae8f,JPEG,RGB,248,375,[],dataset/unclean/vanet/211040523.jpg
vanet/211529650.jpg,dataset/unclean/vanet/211529650.jpg,unclean,vanet,.jpg,19933,81649dbe58b15eb8d2c1638267b37d16203530d397a98821b69cca4217337f6c,5fdf6d01f2e5da45b27f6d19caecbd5140dda1776beb198c13231c1a61a49c36,JPEG,RGB,258,375,[],dataset/unclean/vanet/211529650.jpg
vanet/212001729.jpg,dataset/unclean/vanet/212001729.jpg,unclean,vanet,.jpg,12386,f0d1d8282878dd1fcad4a6a075b62ffb2a05348e2fb6c29c2ccd2ecf45c87ca6,f7db66722b358888db0eee67941787a6e61721034c05d24108350aedd925088d,JPEG,RGB,207,288,[],dataset/unclean/vanet/212001729.jpg
vanet/212130689.jpg,dataset/unclean/vanet/212130689.jpg,unclean,vanet,.jpg,6020,e5294fc589eb8742c48c0d9dda6b749751da9a4d4d82d605309f4e13e9ca5d24,09fd28f46a8e4a6ff60e6b62361013970d6cc4e64798ad8e8730420ba5bf9475,JPEG,RGB,210,243,[],dataset/unclean/vanet/212130689.jpg
vanet/212764267.jpg,dataset/unclean/vanet/212764267.jpg,unclean,vanet,.jpg,11162,fdf8f965ab63e64dba1b0579dcb988ba281e7af5d8e7bae62999aeeeb191f511,463eee66d2d309db26822d6bc8f4111d4d737febf13bf4c0593307c032f2830e,JPEG,RGB,189,252,[],dataset/unclean/vanet/212764267.jpg
vanet/214704493.jpg,dataset/unclean/vanet/214704493.jpg,unclean,vanet,.jpg,12921,c7bf48561d82e56c85a43210716e81feb56cf4bd29c484c9c5a6ff8bc4ec7e87,ddc674754a346adb2246948ac1b02c25ec1fcec0a58ba0ff57fbdb54add7e9ef,JPEG,RGB,207,276,[],dataset/unclean/vanet/214704493.jpg
vanet/214758714.jpg,dataset/unclean/vanet/214758714.jpg,unclean,vanet,.jpg,6082,65baa0550b5f54b02d8b4a64f966a522c09db66e7cda33d08c7bf68957724471,a59ba093f19d9d278785045387ddae6070e070aaef7451745592aba69e401d85,JPEG,RGB,195,252,[],dataset/unclean/vanet/214758714.jpg
vanet/215891603.jpg,dataset/unclean/vanet/215891603.jpg,unclean,vanet,.jpg,6228,afcc8d89a7205ee861789188a58dc1fdedee78b4681bd0293a9b989d691a0419,3361f714b44ad9688838a5566846e8e1e885ef857ef2efe72e8349c544937e38,JPEG,RGB,198,252,[],dataset/unclean/vanet/215891603.jpg
vanet/216384546.jpg,dataset/unclean/vanet/216384546.jpg,unclean,vanet,.jpg,10501,7cf5680c26629319e21b68a429c79e2963f7c65bd234dacc64c00e1b7a469aee,e6f40caa9721a4452eb0486d9ffcb14668b79d811dd4401faeca7afa9ced9ec7,JPEG,RGB,207,259,[],dataset/unclean/vanet/216384546.jpg
vanet/216463352.jpg,dataset/unclean/vanet/216463352.jpg,unclean,vanet,.jpg,12398,94e36e7014059c248e08579ae464cd115c5e7599484f511dae5d1752e87a7119,7b0b8b0e73708b6750372f102436293d56356edb213d14684513a229410f0474,JPEG,RGB,210,288,[],dataset/unclean/vanet/216463352.jpg
vanet/216485447.jpg,dataset/unclean/vanet/216485447.jpg,unclean,vanet,.jpg,7010,df37d81de75d14a8df09653701ed264cf2c3847940c8d12a178d6a4fedaeab54,d8ff0f60d61fe985acc6af510057b7b796da678cc31eca44ad6094e13ac801d4,JPEG,RGB,255,286,[],dataset/unclean/vanet/216485447.jpg
vanet/216572155.jpg,dataset/unclean/vanet/216572155.jpg,unclean,vanet,.jpg,9933,c8e0862ce9545419f16ada0eeab36950aee1b60a5205fadfc450db8e45e0dc82,8186c3defb40feda2ed42488d4caccc72eeb7a22c454e48f2be85701efbb2439,JPEG,RGB,198,264,[],dataset/unclean/vanet/216572155.jpg
vanet/216608800.jpg,dataset/unclean/vanet/216608800.jpg,unclean,vanet,.jpg,4231,25018a0f0953456519ec9bb72bdda44a320f95c376926ecf078ac3e527b9b2f2,ffee692d4d2f843f214889699fe75a535763ccd0d6436082d56f21b3fbfc181f,JPEG,RGB,156,204,[],dataset/unclean/vanet/216608800.jpg
vanet/216713191.jpg,dataset/unclean/vanet/216713191.jpg,unclean,vanet,.jpg,11891,aee974e40ad1de7c95d1cb709cb3946e7bd8d635d5b13b1c202ecb402a7e3081,ae7dcf1e31fa9a159bae7bf0cf22be705af2530a2d2c8a74f99287088dc8d19c,JPEG,RGB,288,404,[],dataset/unclean/vanet/216713191.jpg
vanet/216758585.jpg,dataset/unclean/vanet/216758585.jpg,unclean,vanet,.jpg,10555,889e797ee35b50dc5b8a1b15ef374985c0ec992a6e2b0c4ef953785905f8ce8b,106be89922fee247137a49494d0b84c44f2491584dc61858db70f1dd7d80fcde,JPEG,RGB,189,252,[],dataset/unclean/vanet/216758585.jpg
vanet/216797745.jpg,dataset/unclean/vanet/216797745.jpg,unclean,vanet,.jpg,6140,b16ba4aec77c4c67e15f850e7915a8b5225be35a477f36ecc3d04f0b3364eed7,61104a0846467e81847cd30310c7325683e63cc4c2d921de473262c62e343671,JPEG,RGB,207,267,[],dataset/unclean/vanet/216797745.jpg
vanet/216798672.jpg,dataset/unclean/vanet/216798672.jpg,unclean,vanet,.jpg,6436,c2280220683fba197aa3a6176eb781122f111dbfc17ce885d07428c930af9d99,3e4fb12032ebeae9d5291985e8903a9fc9c9ef6f7e586d73b2f21a7a76a0ca4e,JPEG,RGB,198,247,[],dataset/unclean/vanet/216798672.jpg
vanet/216896507.jpg,dataset/unclean/vanet/216896507.jpg,unclean,vanet,.jpg,19551,7fe7400479a9b562b64b28b108d278799c53ba1318030e000e4426f956d6a140,1d1313ef9abe757d9c4a347dbc096f0ca649037b265e7778f6cec14508e8f25c,JPEG,RGB,332,768,[],dataset/unclean/vanet/216896507.jpg
vanet/216996756.jpg,dataset/unclean/vanet/216996756.jpg,unclean,vanet,.jpg,6215,3b240c3d2e986618aed9979cd724552d211ae41ac4ed941167466f5b153bd733,32e02e8ff17c4610157a7a386a765ea04b3727531df584a42812b4bfef89ae30,JPEG,RGB,198,264,[],dataset/unclean/vanet/216996756.jpg
vanet/217021452.jpg,dataset/unclean/vanet/217021452.jpg,unclean,vanet,.jpg,9987,568b9e5f6c2380d84b1c351797035933169b7cd166599a3d81ff1e17a9687b82,0e1e2911f4840ad8d105f35cf484f778fa7aa7ed118bbc53364446958d4df8fb,JPEG,RGB,171,216,[],dataset/unclean/vanet/217021452.jpg
vanet/217178596.jpg,dataset/unclean/vanet/217178596.jpg,unclean,vanet,.jpg,8523,242686b12f2bb0f0d4f2fd20af4f6ff14be152c88d0ac2ac018bfd4d59beae7b,bb1907c34caa43e35fc840f15877f42f0262c3bb979fbfb458d42fc3fdb5c79d,JPEG,RGB,177,240,[],dataset/unclean/vanet/217178596.jpg
vanet/217216852.jpg,dataset/unclean/vanet/217216852.jpg,unclean,vanet,.jpg,6374,14d8e28484e9938a1236b3b70aaa0032d4c93e657e109414b4c58eeb1efdd3ea,948af0b5d273e0236ec99f927492e260637019963dff887977bf3d1c512b624f,JPEG,RGB,198,264,[],dataset/unclean/vanet/217216852.jpg
vanet/217322801.jpg,dataset/unclean/vanet/217322801.jpg,unclean,vanet,.jpg,8448,a23827a8cf465c94c5e086d580f1ba1b634b739fc83fc74f161dc73dc9daaf42,889c6e6c50799787ad9222476a4e9364fcbc55feb31479eeb2c3a7518daf9a8c,JPEG,RGB,180,229,[],dataset/unclean/vanet/217322801.jpg
vanet/217401649.jpg,dataset/unclean/vanet/217401649.jpg,unclean,vanet,.jpg,7437,efb9ce6afb1aac9ed34b092e4e3f9db9a81a15fb821f895b122621658a39b604,69f9e85eaee9b73245068fb2e43a77ae0cd52e57ca199df19f971d22b2982b93,JPEG,RGB,186,252,[],dataset/unclean/vanet/217401649.jpg
vanet/217426680.jpg,dataset/unclean/vanet/217426680.jpg,unclean,vanet,.jpg,23935,388f051f16945fab4ba0ebab9187d0d632bcc268b3d95d3696f7912fbb2a880b,7f23d5c96e42b79cc21e5d259033d77f1048d9197c0cb77688541ad0d649b4cd,JPEG,RGB,356,831,[],dataset/unclean/vanet/217426680.jpg
vanet/217493909.jpg,dataset/unclean/vanet/217493909.jpg,unclean,vanet,.jpg,10578,34acce4724d9d8d58366bf4cc1cdc7a105719e5daf2a47627c7c7a9569c86581,3bd1e25137f1db8730135c4b832b040b0eb921261d7b2d6c75c882a489d76fa7,JPEG,RGB,180,240,[],dataset/unclean/vanet/217493909.jpg
vanet/217750010.jpg,dataset/unclean/vanet/217750010.jpg,unclean,vanet,.jpg,4650,4652aa4b9b917607199c975d25dda55acef0f8ee4cfe58ccbde8984184baaa75,9ff5bd4785c261bda6bab2c1709cfc01c4f7a0f232128661af984c04268b83fd,JPEG,RGB,177,222,[],dataset/unclean/vanet/217750010.jpg
vanet/217834045.jpg,dataset/unclean/vanet/217834045.jpg,unclean,vanet,.jpg,8821,bbf156c67b7af5a608743703100a06fe447e40fb1f78c01d2b0f95b9b05b20f6,477cc068460bfc84c18c4d09788be16194e2a0e8f74fcac810850dc3654a0713,JPEG,RGB,198,276,[],dataset/unclean/vanet/217834045.jpg
vanet/217889120.jpg,dataset/unclean/vanet/217889120.jpg,unclean,vanet,.jpg,38900,6554ad129c5f6e58d3bda97a311331c8db84b56d75acc1ce3501f3511af518ae,afad44296c7bdb722d9bcb7fa38a36a0320d16a8572758d7814219255189b7e0,JPEG,RGB,458,917,[],dataset/unclean/vanet/217889120.jpg
vanet/218130945.jpg,dataset/unclean/vanet/218130945.jpg,unclean,vanet,.jpg,6253,1ba6c8329051ad7d92068057c720228a2b82a0b82e0e67dd49f6f0ff9b025861,185d941073c4dcaa88cdf887feb6ae6b95029580a7897ba0908d996ede4aa315,JPEG,RGB,180,240,[],dataset/unclean/vanet/218130945.jpg
vanet/218299620.jpg,dataset/unclean/vanet/218299620.jpg,unclean,vanet,.jpg,12918,214f4736c2a4bdb3a1befe79709af376b4187a22c38149d1f50ee7e46f6f9df7,6028b399d392e6f327b388e032731a15113528db79f7e2454f58eb32157231e8,JPEG,RGB,189,240,[],dataset/unclean/vanet/218299620.jpg
vanet/218383178.jpg,dataset/unclean/vanet/218383178.jpg,unclean,vanet,.jpg,9884,263105ac0e6ffd9d7e04b5c0ca55085621613da2b8b412dd9da066fb4f9b3d92,f2bbadac5352cf899e4a0d5b13ba52a771f11c7a867b6ed64f46456c34db2aaa,JPEG,RGB,180,240,[],dataset/unclean/vanet/218383178.jpg
vanet/218511513.jpg,dataset/unclean/vanet/218511513.jpg,unclean,vanet,.jpg,5826,7f36e205a17c8db182e199689bd886073ad9c291313c4d34a407c616623ef7c8,140d507f500529d544bce6dc69d20be90c21afa8d168d7473ead983b0c81bfec,JPEG,RGB,186,252,[],dataset/unclean/vanet/218511513.jpg
vanet/218516808.jpg,dataset/unclean/vanet/218516808.jpg,unclean,vanet,.jpg,7932,0718a039a7e24621f540ffa2653a894581bbb81390068f5d26583be532124755,6a2285bb34b34d663325d7c11a7feaa16733777c8dc084c4befa94ea14ae942b,JPEG,RGB,272,317,[],dataset/unclean/vanet/218516808.jpg
vanet/218530330.jpg,dataset/unclean/vanet/218530330.jpg,unclean,vanet,.jpg,8521,fc37fbf30950712482abe7f0ce4867c2e9856e8d8cec1a2ff98080ec7e9af422,9b34a3c90c79929c5024f4a0da69693098a091bbd937ef0df864d777521c70d7,JPEG,RGB,265,313,[],dataset/unclean/vanet/218530330.jpg
vanet/218629561.jpg,dataset/unclean/vanet/218629561.jpg,unclean,vanet,.jpg,8449,5af81a1851fcbc2f932ef0e9cc329b78482d25c4416a5e5dc62933b1d6f73dd4,6b49ef6bfdcdb0404059301060d50663b0ce7c0b324828655cb32a4d993ee16d,JPEG,RGB,198,244,[],dataset/unclean/vanet/218629561.jpg
vanet/218635722.jpg,dataset/unclean/vanet/218635722.jpg,unclean,vanet,.jpg,7472,d35ff8cfe89105645f31e54bfe3d2670a150c83521604d1ce0eb19b39bc8d35a,2aa6586947a4956e62a3d306519f2db941f982dc9c3d580c10c7cb2744caf2c9,JPEG,RGB,156,204,[],dataset/unclean/vanet/218635722.jpg
vanet/218790292.jpg,dataset/unclean/vanet/218790292.jpg,unclean,vanet,.jpg,12824,a09491e858dba59c43c14bc57fbf43a78ec1ba8db4c83b42134c589c04b85427,cf1e9be27a2ccc5ca39946f39b52ad795e0026dd9dbc098d0ad4a395f121b100,JPEG,RGB,244,248,[],dataset/unclean/vanet/218790292.jpg
vanet/218844658.jpg,dataset/unclean/vanet/218844658.jpg,unclean,vanet,.jpg,9325,72715e28f8baa44b86b379146299a74e5a9e4668db1340cea76257c7bf2ccc09,2ec9bd60bf8b39518e4b51e43c462a7046e0abe8cd11f75ebe4df3ce27e2d77b,JPEG,RGB,263,309,[],dataset/unclean/vanet/218844658.jpg
vanet/218844932.jpg,dataset/unclean/vanet/218844932.jpg,unclean,vanet,.jpg,5675,c969ca87b69b7fa234ca3d67fe654697f60c34b42d526b7a06ca1fda6bd56df5,e1e487134f861b31ad9a2fe09f598d1ffa0961f6f90751a241f7c6265f555293,JPEG,RGB,165,216,[],dataset/unclean/vanet/218844932.jpg
vanet/218955810.jpg,dataset/unclean/vanet/218955810.jpg,unclean,vanet,.jpg,11240,03b400f5735bde0b01ed59772d4b62fa6bff12878bc65720f86d2e257e806556,628f58371699a573668f343a0541d39b948d3008b5e444909514bfeaf2a7f8cb,JPEG,RGB,210,264,[],dataset/unclean/vanet/218955810.jpg
vanet/219088134.jpg,dataset/unclean/vanet/219088134.jpg,unclean,vanet,.jpg,5207,d7e96e60e70a4c922d16238a44748a89b1f4ab0c91a0b24a43df876fe613d9da,234f1f6e12906d6ede0c23e5f3cfc81cf4c34cf6e8c934dd6e46c5f39cd2c17e,JPEG,RGB,129,180,[],dataset/unclean/vanet/219088134.jpg
